iso_code,country_and_areas,survey_year,year,united_nations_region,united_nations_sub_region,sdg_region,unicef_region,unicef_sub_region,who_region,world_bank_income_classification,world_bank_region,ldc,lifd,lldc_or_sids,who_global_database_number,unicef_survey_id,stratifier,type_of_estimate,whz_survey_sample_n,severe_wasting,severe_wasting_footnote,wasting,wasting_footnote,waz_survey_sample_n,underweight,underweight_footnote,fieldwork_period,report_author,source,short_source,u5_population_thousands,data_source_sheet
AFG,AFGHANISTAN,1997,1997,Asia,Southern Asia,Central Asia and Southern Asia,SA,SA,EMRO,Low Income,South Asia,Least Developed Countries (LDCs),Low-Income Food-Deficit (LIFD),Landlocked developing countries (LLDCs),1900,1,Total,Adjusted,4846.0,,,17.3,b,4846.0,44.9,c,"January,1997-May,1997",CIET International,"Afghanistan 1997 multiple indicator baseline (MICS). Report to UNICEF. Communitiy Information and Epidemiological Technologies Firm (CIET) International, 1998.",MICS,3882.22705078125,Age-Adjusted
AFG,AFGHANISTAN,2004,2004,Asia,Southern Asia,Central Asia and Southern Asia,SA,SA,EMRO,Low Income,South Asia,Least Developed Countries (LDCs),Low-Income Food-Deficit (LIFD),Landlocked developing countries (LLDCs),2819,2,Total,External Reanalysis,946.0,3.8,b,9.1,b,946.0,31.7,b,"May,2004-June,2004","Ministry of Public Health (Afghanistan), UNICEF, CDC, National Institute for Research on Food and Nutrition (Italy), Tufts University.","Summary report of the national nutrition survey, 2004. Kabul, Islamic Republic of Afghanistan: Ministry of Public Health and UNICEF, 2005.",NNS,4723.1728515625,Age-Adjusted
AFG,AFGHANISTAN,2013,2013,Asia,Southern Asia,Central Asia and Southern Asia,SA,SA,EMRO,Low Income,South Asia,Least Developed Countries (LDCs),Low-Income Food-Deficit (LIFD),Landlocked developing countries (LLDCs),3292,3,Total,Reanalyzed,4247295.0,4.0,rs,9.5,rs,4426469.0,24.6,s,"May,2013-October,2013","Ministry of Public Health, UNICEF and the Aga Khan University (AKU).",Afghanistan National Nutrition Survey 2013,NNS,5605.69287109375,Age-Adjusted
AFG,AFGHANISTAN,2018,2018,Asia,Southern Asia,Central Asia and Southern Asia,SA,SA,EMRO,Low Income,South Asia,Least Developed Countries (LDCs),Low-Income Food-Deficit (LIFD),Landlocked developing countries (LLDCs),3376,3076,Total,Reanalyzed,19692.4,1.6,rs,5.1,rs,19539.2,19.1,s,"March,2018-November,2018",KIT Royal Tropical Institute,Afghanistan Health Survey 2018,Other,6218.6376953125,Age-Adjusted
AFG,AFGHANISTAN,2022-2023,2022,Asia,Southern Asia,Central Asia and Southern Asia,SA,SA,EMRO,Low Income,South Asia,Least Developed Countries (LDCs),Low-Income Food-Deficit (LIFD),Landlocked developing countries (LLDCs),10055,9008,Total,Reanalyzed,32247.5,1.2,,3.6,,32579.8,18.4,,"September,2022-February,2023",UNICEF,"Afghanistan Multiple Indicator Cluster Survey 2022-23, Summary Findings Report. Kabul, Afghanistan: UNICEF",MICS,6587.9462890625,Age-Adjusted
ALB,ALBANIA,2005,2005,Europe,Southern Europe,Northern America and Europe,ECA,EECA,EURO,Upper Middle Income,Europe & Central Asia,,,,2879,6,Total,Reanalyzed,1075.3,3.7,,7.3,,1090.2,6.6,,"October,2005-November,2005",Albanian National Institute of Statistics.,"Albania multiple indicator cluster survey 2005, final report. Tirana, Albania: Albanian National Institute of Statistics, 2008",MICS,224.79750061035156,Age-Adjusted
ALB,ALBANIA,2008-2009,2009,Europe,Southern Europe,Northern America and Europe,ECA,EECA,EURO,Upper Middle Income,Europe & Central Asia,,,,3062,7,Total,Reanalyzed,1335.4,5.9,,9.6,,1489.3,6.3,,"October,2008-April,2009","Institute of Statistics, Institute of Public Health [Albania] and ICF Macro.","Albania demographic and health survey 2008-09. Demographic and Health Surveys. Tirana, Albania: Institute of Statistics, Institute of Public Health and ICF Macro, 2010",DHS,182.33799743652344,Age-Adjusted
ALB,ALBANIA,2017-2018,2017,Europe,Southern Europe,Northern America and Europe,ECA,EECA,EURO,Upper Middle Income,Europe & Central Asia,,,,3358,2606,Total,Reanalyzed,2299.0,0.5,,1.6,,2366.7,1.5,,"September,2017-February,2018","Institute of Statistics, Institute of Public Health, and ICF","Albania Demographic and Health Survey 2017-18. Tirana, Albania: Institute of Statistics, Institute of Public Health, and ICF",DHS,176.87249755859375,Age-Adjusted
DZA,ALGERIA,1987,1987,Africa,Northern Africa,Western Asia and Northern Africa,MENA,MENA,AFRO,Upper Middle Income,Middle East & North Africa,,,,371,8,Total,Adjusted,2344.0,,,4.0,c,2344.0,8.0,c,,"Kellou K;  Institut National de Santé Publique, Algiers",Etat nutritionnel des enfants algériens de 0 à 10 ans et niveaux d'urbanisation d'après les résultats préliminaires de l'enquête épidémiologique sur la malnutrition protéino-énérgétique en 1987,Other,3858.298583984375,Age-Adjusted
DZA,ALGERIA,1992,1992,Africa,Northern Africa,Western Asia and Northern Africa,MENA,MENA,AFRO,Upper Middle Income,Middle East & North Africa,,,,750,9,Total,Reanalyzed,4436.0,3.0,r,7.1,r,4629.0,9.2,p,"June,1992-July,1992",République Algérienne démocratique et populaire.,"Enquête Algérienne sur la santé de la mère et de l'enfant. Office national des statistiques. PAPCHILD surveys. Cairo: Ligue des Etats Arabes, 1992",PAPFAM,3698.58837890625,Age-Adjusted
DZA,ALGERIA,1995,1995,Africa,Northern Africa,Western Asia and Northern Africa,MENA,MENA,AFRO,Upper Middle Income,Middle East & North Africa,,,,1651,10,Total,Reanalyzed,3295.0,4.2,,9.6,,3823.0,11.3,,"October,1995-October,1995",Ministère de la Santé et de la Population.,"Enquête nationale sur les objectifs de la mi-decennie, ""MDG Algerie"", 1995. Alger, Algerie, 1996",MICS,3557.14453125,Age-Adjusted
DZA,ALGERIA,2000,2000,Africa,Northern Africa,Western Asia and Northern Africa,MENA,MENA,AFRO,Upper Middle Income,Middle East & North Africa,,,,2226,11,Total,Reanalyzed,4112.6,1.1,,3.1,,4177.9,5.4,,"May,2000-June,2000",Minstère de la Santé et de la Population.,"Enquête nationale sur les objectives de la fin décennie santé mère et enfant EDG Algérie 2000 (MICS). Institut National de Santé Publique. République Algérienne Démocratique et Populaire, 2001",MICS,3045.05810546875,Age-Adjusted
DZA,ALGERIA,2002,2002,Africa,Northern Africa,Western Asia and Northern Africa,MENA,MENA,AFRO,Upper Middle Income,Middle East & North Africa,,,,2644,12,Total,Reanalyzed,4130.8,5.0,r,9.6,r,4356.9,11.1,,"September,2002-November,2002","Ministère de la Santé, de la Population et de la Réforme Hospitalière et l'Office National des Statistiques.","Enquête Algérienne sur la santé de la famille-2002: Rapport principal. Alger, Algérie: Agence Nationale de la Documentation en Santé, 2004",PAPFAM,2912.43896484375,Age-Adjusted
DZA,ALGERIA,2006,2006,Africa,Northern Africa,Western Asia and Northern Africa,MENA,MENA,AFRO,Upper Middle Income,Middle East & North Africa,,,,2965,13,Total,Reanalyzed,13648.6,1.7,,4.1,,13884.7,3.4,,"March,2006-June,2006","Ministère de la Santé de la Population et de la Réforme Hospitalière, Office National des Statistiques.","Suivi de la situation des enfant et des femmes. Enquête nationale à indicateurs multiples: Rapport principal. MICS3. République Algérienne Démocratique et Populaire, Décembre 2008",MICS,3165.905029296875,Age-Adjusted
DZA,ALGERIA,2012-2013,2012,Africa,Northern Africa,Western Asia and Northern Africa,MENA,MENA,AFRO,Upper Middle Income,Middle East & North Africa,,,,3261,14,Total,Reanalyzed,13668.5,1.4,,4.1,,13859.6,3.0,,"October,2012-March,2013","Ministère de la Santé, de la Population et de la Réforme Hospitalière.","République Algérienne Démocratiqe et Populaire enquête par grappes à indicateurs mulitples (MICS) 2012-2013. Rapport final. Ministère de la Santé, de la Population et de la Réforme Hospitalière, 2015.",MICS,4249.251953125,Age-Adjusted
DZA,ALGERIA,2018-2019,2019,Africa,Northern Africa,Western Asia and Northern Africa,MENA,MENA,AFRO,Upper Middle Income,Middle East & North Africa,,,,3448,2281,Total,Reanalyzed,13928.1,1.3,,2.7,,14273.4,2.7,,"December,2018-April,2019","Ministère de la Santé, de la Population et de la Réforme Hospitalière",Enquête par grappes à indicateurs multiples [MICS] 2019,MICS,5038.81591796875,Age-Adjusted
AGO,ANGOLA,1996,1996,Africa,Middle Africa,Sub-Saharan Africa,SSA,ESA,AFRO,Lower Middle Income,Sub-Saharan Africa,Least Developed Countries (LDCs),,,2083,15,Total,Reanalyzed,1562.9,1.8,rs,7.7,rs,1533.8,36.2,s,"August,1996-December,1996",Instituto Nacional de Estatistica - Gabinete de Monitorizaçao das Condiçoes de Vida da Populaçao,"Inquerito de indicadores multiplos (MICS) 1996. Luanda, Angola, 1999",MICS,2660.219970703125,Age-Adjusted
AGO,ANGOLA,2007,2007,Africa,Middle Africa,Sub-Saharan Africa,SSA,ESA,AFRO,Lower Middle Income,Sub-Saharan Africa,Least Developed Countries (LDCs),,,3086,16,Total,Reported,10224.0,4.4,b,8.2,b,10224.0,15.1,b,,Ministério da Saúde,"Relatório do Inquérito Alimentar em Angola. Luanda, 2007",NNS,3852.064453125,Age-Adjusted
AGO,ANGOLA,2015-2016,2015,Africa,Middle Africa,Sub-Saharan Africa,SSA,ESA,AFRO,Lower Middle Income,Sub-Saharan Africa,Least Developed Countries (LDCs),,,3293,826,Total,Reanalyzed,7520.9,1.1,,4.9,,7467.9,19.0,,"October,2015-March,2016","Instituto Nacional de Estatística (INE), Ministério da Saúde (MINSA), Ministério do Planeamento e do Desenvolvimento Territorial (MINPLAN) and ICF International.","Inquérito de Indicadores Múltiplos e de Saúde em Angola 2015-2016. Luanda, Angola e Rockville, Maryland, EUA: INE, MINSA, MINPLAN e ICF International.",DHS,5127.62255859375,Age-Adjusted
ARG,ARGENTINA,1994,1994,Latin America and the Caribbean,South America,Latin America and the Caribbean,LAC,LAC,AMRO,Upper Middle Income,Latin America & Caribbean,,,,1469,17,Total,Adjusted,5296.0,,,1.6,c,5296.0,1.7,c,,"Lejarraga H, Krupitzky S, Gimenez E, Diament N, Kelmansky A, Tibaldi F, et al.",The organisation of a national survey for evaluating child psychomotor development in Argentina. Paediatric and Perinatal Epidemiology 1997;11:359-373,Other,3551.85888671875,Age-Adjusted
ARG,ARGENTINA,1995-1996,1996,Latin America and the Caribbean,South America,Latin America and the Caribbean,LAC,LAC,AMRO,Upper Middle Income,Latin America & Caribbean,,,,2103,18,Total,Adjusted,91943.0,,,4.2,c,91943.0,4.7,c,"May,1995-December,1996","Calvo EB, Longo EN et al.","Encuesta antropometrica en menores de 6 años bajo programa materno infantil. In: Estudios antropometricos en la poblacion infanto-juvenil. Rep. Argentina 1993-1996. Ministerio de Salud y Accion Social. Buenos Aires, 1999",Other,3580.96240234375,Age-Adjusted
ARG,ARGENTINA,2004-2005,2005,Latin America and the Caribbean,South America,Latin America and the Caribbean,LAC,LAC,AMRO,Upper Middle Income,Latin America & Caribbean,,,,2769,19,Total,Reanalyzed,2528042.2,0.4,b,1.7,b,2555857.2,2.5,b,"October,2004-July,2005","Ministry of Health and Environment (Argentina), United Nations Development Programme (UNDP)","Encuesta Nacional de Nutricion y Salud, Argentina 2004-2005",Other,3492.737548828125,Age-Adjusted
ARG,ARGENTINA,2018-2019,2018,Latin America and the Caribbean,South America,Latin America and the Caribbean,LAC,LAC,AMRO,Upper Middle Income,Latin America & Caribbean,,,,3377,3833,Total,Reanalyzed,2912822.0,0.5,r,1.7,r,2986871.0,2.0,,"September,2018-April,2019","Ministry of Health and Environment (Argentina),","Segunda Encuesta Nacional de Nutricion y Salud, Argentina 2018-2019",Other,3672.591064453125,Age-Adjusted
ARM,ARMENIA,1998,1998,Asia,Western Asia,Western Asia and Northern Africa,ECA,EECA,EURO,Upper Middle Income,Europe & Central Asia,,,Landlocked developing countries (LLDCs),1865,20,Total,Reanalyzed,17836.9,1.0,r,3.3,r,18037.0,2.7,,"May,1998-June,1998","Branca F, Napoletano A, Coclite D, Rossi L.","Armenia Health and Nutritional Status of Children and Women 1998. Rome, Italy: National Institute for Research on Food and Nutrition (INRAN) (Italy), 1998.",Other,225.09849548339844,Age-Adjusted
ARM,ARMENIA,2000,2000,Asia,Western Asia,Western Asia and Northern Africa,ECA,EECA,EURO,Upper Middle Income,Europe & Central Asia,,,Landlocked developing countries (LLDCs),2344,21,Total,Reanalyzed,1468.2,0.7,,2.5,,1486.3,2.6,,"October,2000-December,2000","National Statistical Service [Armenia], Ministry of Health [Armenia], and ORC Macro.","Armenia demographic and health survey 2000. Demographic and Health Surveys. Calverton, Maryland: National Statistical Service, Ministry of Health, and ORC Macro, 2001",DHS,202.6580047607422,Age-Adjusted
ARM,ARMENIA,2005,2005,Asia,Western Asia,Western Asia and Northern Africa,ECA,EECA,EURO,Upper Middle Income,Europe & Central Asia,,,Landlocked developing countries (LLDCs),2785,22,Total,Reanalyzed,1299.4,2.6,,5.4,,1376.9,4.2,,"September,2005-December,2005","National Statistical Service [Armenia], Ministry of Health [Armenia], and ORC Macro.","Armenia demographic and health survey 2005. Demographic and Health Surveys. Calverton, Maryland: National Statistical Service, Ministry of Health, and ORC Macro, 2006",DHS,180.81149291992188,Age-Adjusted
ARM,ARMENIA,2010,2010,Asia,Western Asia,Western Asia and Northern Africa,ECA,EECA,EURO,Upper Middle Income,Europe & Central Asia,,,Landlocked developing countries (LLDCs),3117,23,Total,Reanalyzed,1367.1,2.0,,4.1,,1410.7,5.3,,"October,2010-December,2010","National Statistical Service [Armenia], Ministry of Health [Armenia], and ICF International.","Armenia demographic and health survey 2010. Demographic and Health Surveys. Calverton, Maryland: National Statistical Service, Ministry of Health, and ICF International, 2012",DHS,203.42950439453125,Age-Adjusted
ARM,ARMENIA,2015-2016,2016,Asia,Western Asia,Western Asia and Northern Africa,ECA,EECA,EURO,Upper Middle Income,Europe & Central Asia,,,Landlocked developing countries (LLDCs),3294,792,Total,Reanalyzed,1560.5,1.7,,4.4,,1608.8,2.6,,"December,2015-April,2016","National Statistical Service [Armenia], Ministry of Health [Armenia], and ICF","Armenia Demographic and Health Survey 2015-16. Rockville, Maryland, USA: National Statistical Service, Ministry of Health, and ICF",DHS,212.38299560546875,Age-Adjusted
AUS,AUSTRALIA,1995-1996,1995,Oceania,Australia and New Zealand,Australia and New Zealand,EAP,EAP,WPRO,High Income,East Asia & Pacific,,,,1832,24,Total,Adjusted,1036810.0,,,0.0,bc,1036810.0,0.0,bc,"February,1995-March,1996",Australian Bureau of Statistics and Commonwealth Department of Health and Family Services,"National nutrition survey Australia 1995. Canberra: Australian Bureau of Statistics and Commonwealth Department of Health and Family Services, 1997",NNS,1301.7020263671875,Age-Adjusted
AUS,AUSTRALIA,2007,2007,Oceania,Australia and New Zealand,Australia and New Zealand,EAP,EAP,WPRO,High Income,East Asia & Pacific,,,,2646,25,Total,Reanalyzed,975.4,0.0,b,0.2,b,984.3,0.5,b,"February,2007-August,2007",Commonwealth Department of Health and Ageing (DoHA).,"The 2007 national children's nutrition and physical activity survey. Canberra, Australia: DoHA, 2010",Other,1345.6739501953125,Age-Adjusted
AZE,AZERBAIJAN,1996,1996,Asia,Western Asia,Western Asia and Northern Africa,ECA,EECA,EURO,Upper Middle Income,Europe & Central Asia,,,Landlocked developing countries (LLDCs),1628,26,Total,Adjusted,500.0,,,3.8,c,500.0,8.8,c,"April,1996-April,1996","Branca F, Burkholder B, Hamel M, Parvanta I, Robertson A.","Health and nutrition survey of internally displaced and resident population of Azerbaijan - April 1996. Baku, Azerbaijan, 1996",Other,837.4080200195312,Age-Adjusted
AZE,AZERBAIJAN,2000,2000,Asia,Western Asia,Western Asia and Northern Africa,ECA,EECA,EURO,Upper Middle Income,Europe & Central Asia,,,Landlocked developing countries (LLDCs),2244,27,Total,Reanalyzed,1737.0,4.1,,9.0,,1787.0,14.0,,"August,2000-August,2000",State Statistical Committee of the Azerbaijan Republic,"Azerbaijan multiple indicator cluster survey 2000 (MICS). Baku, Azerbaijan: United Nations Children's Fund, 2001.",MICS,652.3289794921875,Age-Adjusted
AZE,AZERBAIJAN,2001,2001,Asia,Western Asia,Western Asia and Northern Africa,ECA,EECA,EURO,Upper Middle Income,Europe & Central Asia,,,Landlocked developing countries (LLDCs),2569,28,Total,Adjusted,2426.0,,,3.2,c,2426.0,5.9,c,"April,2001-July,2001","Adventist Development and Relief Agency, Azerbaijan Ministry of Health, State Committee of Statistics, Mercy Corps [Baku, Azerbaijan], DRH/CDC, USAID, UNFPA, UNHCR.","Reproductive health survey Azerbaijan, 2001: Final report. Serbanescu F, Morris L, Rahimova S, Stupp P, eds. Atlanta, GA: US Department of Health and Human Services, CDC, 2003",RHS,609.7474975585938,Age-Adjusted
AZE,AZERBAIJAN,2006,2006,Asia,Western Asia,Western Asia and Northern Africa,ECA,EECA,EURO,Upper Middle Income,Europe & Central Asia,,,Landlocked developing countries (LLDCs),2933,29,Total,Reanalyzed,2021.7,2.2,,6.8,,2124.7,8.4,,"July,2006-November,2006",State Statistical Committee (SSC) [Azerbaijan] and Macro International Inc.,"Azerbaijan Demographic and Health Survey 2006. Demographic and Health Surveys. Calverton, Maryland, USA: State Statistical Committee and Macro International Inc., 2008",DHS,658.7655029296875,Age-Adjusted
AZE,AZERBAIJAN,2011,2011,Asia,Western Asia,Western Asia and Northern Africa,ECA,EECA,EURO,Upper Middle Income,Europe & Central Asia,,,Landlocked developing countries (LLDCs),3295,793,Total,Reported,,2.9,,6.6,,,6.5,,"August,2011-October,2011","Public Health and Reforms Center (PHRC) [Azerbaijan]; Ministry of Health (MoH) [Azerbaijan], Baku, Azerbaijan","Demographic and Health Survey, Azerbaijan 2011. Ministry of Health (MoH) [Azerbaijan], Baku, Azerbaijan",DHS-Style,791.1405029296875,Age-Adjusted
AZE,AZERBAIJAN,2013,2013,Asia,Western Asia,Western Asia and Northern Africa,ECA,EECA,EURO,Upper Middle Income,Europe & Central Asia,,,Landlocked developing countries (LLDCs),3269,30,Total,Reanalyzed,3525889.8,1.1,r,3.2,r,3613422.5,4.9,,"February,2013-April,2013","Ministry of Health, State Statistical Committee and UNICEF [Azerbaijan].","Azerbaijan nutrition survey  (AzNS), 2013. Baku, Republic of Azerbaijan, 2014.",NNS,841.8895263671875,Age-Adjusted
AZE,AZERBAIJAN,2023,2023,Asia,Western Asia,Western Asia and Northern Africa,ECA,EECA,EURO,Upper Middle Income,Europe & Central Asia,,,Landlocked developing countries (LLDCs),11579,9210,Total,Reanalyzed,2371.5,0.6,,3.5,,2412.7,3.0,,"May,2023-August,2023",The State Statistical Committee of the Republic of Azerbaijan and the United Nations Children’s Fund (UNICEF).,"The Republic of Azerbaijan Multiple Indicator Cluster Survey 2023, Survey Findings  Report. Baku, Azerbaijan: The State Statistical Committee of the Republic of Azerbaijan and UNICEF.",MICS,674.7849731445312,Age-Adjusted
BHR,BAHRAIN,1989,1989,Asia,Western Asia,Western Asia and Northern Africa,MENA,MENA,EMRO,High Income,Middle East & North Africa,,,,1511,31,Total,Adjusted,2033.0,,,6.8,c,2033.0,6.3,c,"February,1989-March,1989","Ibrahim Yacoub, Samir M. Farid, Gulf Child Health Survey, UNICEF., World Health Organization, United Nations Population Fund","Bahrain child health survey 1989. Manama, Bahrain, 1992.",Other,67.27649688720703,Age-Adjusted
BHR,BAHRAIN,1995,1995,Asia,Western Asia,Western Asia and Northern Africa,MENA,MENA,EMRO,High Income,Middle East & North Africa,,,,2296,32,Total,Adjusted,673.0,,,6.6,c 33,673.0,7.6,c 33,"October,1995-December,1995","Ibrahim Yacoub, Samir M. Farid, Gulf Child Health Survey, UNICEF., World Health Organization, United Nations Population Fund","Bahrain family health survey 1995: principal report. Manama, Bahrain: Ministry of Health, 2000.",GFHS,69.02149963378906,Age-Adjusted
BGD,BANGLADESH,1985-1986,1986,Asia,Southern Asia,Central Asia and Southern Asia,SA,SA,SEARO,Lower Middle Income,South Asia,Least Developed Countries (LDCs),,,369,33,Total,Adjusted,2675.0,,,17.3,c,2675.0,66.8,c,"September,1985-July,1986","Bangladesh bureau of statistics, Government of the People's Republic of Bangladesh.","Bangladesh household expenditure survey 1985-86. Bangladesh bureau of statistics. Dhaka, Bangladesh, 1987",Other,17317.158203125,Age-Adjusted
BGD,BANGLADESH,1989-1990,1990,Asia,Southern Asia,Central Asia and Southern Asia,SA,SA,SEARO,Lower Middle Income,South Asia,Least Developed Countries (LDCs),,,370,34,Total,Adjusted,1914.0,,,17.5,c,1914.0,61.5,c,"January,1989-December,1990",Government of the People's Republic of Bangladesh.,"Report of the child nutrition status survey 1989-90. Bangladesh bureau of statistics. Dhaka, Bangladesh, 1991",NNS,17366.3046875,Age-Adjusted
BGD,BANGLADESH,1991,1991,Asia,Southern Asia,Central Asia and Southern Asia,SA,SA,SEARO,Lower Middle Income,South Asia,Least Developed Countries (LDCs),,,2828,35,Total,Adjusted,32493.0,2.6,d 46,15.2,d 46,32493.0,61.2,d 46,"February,1991-December,1991",Helen Keller International (HKI) Bangladesh.,"Nutritional Surveillance Project 1991: data on rural national (using the WHO Child Growth Standards). Unpublished estimates. Dhaka, Bangladesh: HKI and Institute of Public Health Nutrition, 2008",Surveillance,17277.35546875,Age-Adjusted
BGD,BANGLADESH,1992,1992,Asia,Southern Asia,Central Asia and Southern Asia,SA,SA,SEARO,Lower Middle Income,South Asia,Least Developed Countries (LDCs),,,2831,36,Total,Adjusted,36997.0,3.0,d 46,16.1,d 46,36997.0,60.6,d 46,"February,1992-December,1992",Helen Keller International (HKI) Bangladesh.,"Nutritional Surveillance Project 1992: data on rural national (using the WHO Child Growth Standards). Unpublished estimates. Dhaka, Bangladesh: HKI and Institute of Public Health Nutrition, 2008.",Surveillance,17149.08984375,Age-Adjusted
BGD,BANGLADESH,1993,1993,Asia,Southern Asia,Central Asia and Southern Asia,SA,SA,SEARO,Lower Middle Income,South Asia,Least Developed Countries (LDCs),,,2832,37,Total,Adjusted,42826.0,2.5,d 46,14.0,d 46,42826.0,56.1,d 46,"February,1993-December,1993",Helen Keller International (HKI) Bangladesh.,"Nutritional Surveillance Project 1993: data on rural national (using the WHO Child Growth Standards). Unpublished estimates. Dhaka, Bangladesh: HKI and Institute of Public Health Nutrition, 2008.",Surveillance,17031.81640625,Age-Adjusted
BGD,BANGLADESH,1994,1994,Asia,Southern Asia,Central Asia and Southern Asia,SA,SA,SEARO,Lower Middle Income,South Asia,Least Developed Countries (LDCs),,,2835,38,Total,Adjusted,63753.0,3.2,d 46,16.7,d 46,63753.0,58.0,d 46,"February,1994-December,1994",Helen Keller International (HKI) Bangladesh.,"Nutritional Surveillance Project 1994: data on rural national (using the WHO Child Growth Standards). Unpublished estimates. Dhaka, Bangladesh: HKI and Institute of Public Health Nutrition, 2008.",Surveillance,16930.22265625,Age-Adjusted
BGD,BANGLADESH,1995,1995,Asia,Southern Asia,Central Asia and Southern Asia,SA,SA,SEARO,Lower Middle Income,South Asia,Least Developed Countries (LDCs),,,2836,39,Total,Adjusted,87051.0,2.7,d 46,15.1,d 46,87051.0,55.2,d 46,"February,1995-December,1995",Helen Keller International (HKI) Bangladesh.,"Nutritional Surveillance Project 1995: data on rural national (using the WHO Child Growth Standards). Unpublished estimates. Dhaka, Bangladesh: HKI and Institute of Public Health Nutrition, 2008.",Surveillance,16850.876953125,Age-Adjusted
BGD,BANGLADESH,1996,1996,Asia,Southern Asia,Central Asia and Southern Asia,SA,SA,SEARO,Lower Middle Income,South Asia,Least Developed Countries (LDCs),,,2839,40,Total,Adjusted,81067.0,2.8,d 46,15.5,d 46,81067.0,54.0,d 46,"February,1996-December,1996",Helen Keller International (HKI) Bangladesh.,"Nutritional Surveillance Project 1996: data on rural national (using the WHO Child Growth Standards). Unpublished estimates. Dhaka, Bangladesh: HKI and Institute of Public Health Nutrition, 2008.",Surveillance,16832.041015625,Age-Adjusted
BGD,BANGLADESH,1996-1997,1997,Asia,Southern Asia,Central Asia and Southern Asia,SA,SA,SEARO,Lower Middle Income,South Asia,Least Developed Countries (LDCs),,,1759,41,Total,Reanalyzed,4879.8,6.8,,20.7,,5204.1,53.6,,"November,1996-March,1997","Mitra, S.N., Ahmed A1-Sabir, Anne R. Cross, and Kanta Jamil","Bangladesh demographic and health survey 1996-97. Demographic and Health Surveys. National Institute for Population Research and Training. Dhaka, Bangladesh, 1997",DHS,16943.947265625,Age-Adjusted
BGD,BANGLADESH,1998,1998,Asia,Southern Asia,Central Asia and Southern Asia,SA,SA,SEARO,Lower Middle Income,South Asia,Least Developed Countries (LDCs),,,1935,42,Total,Adjusted,49496.0,2.3,d 46,15.0,d 46,49496.0,50.7,d 46,"February,1998-December,1998",Helen Keller International (HKI) Bangladesh.,"Nutritional Surveillance Project 1998: data on rural national (using the WHO Child Growth Standards). Unpublished estimates. Dhaka, Bangladesh: HKI and Institute of Public Health Nutrition, 2008.",Surveillance,17174.318359375,Age-Adjusted
BGD,BANGLADESH,1999,1999,Asia,Southern Asia,Central Asia and Southern Asia,SA,SA,SEARO,Lower Middle Income,South Asia,Least Developed Countries (LDCs),,,2104,43,Total,Adjusted,49374.0,2.0,d 46,13.7,d 46,49374.0,49.5,d 46,"February,1999-December,1999",Helen Keller International (HKI) Bangladesh.,"Nutritional Surveillance Project 1999: data on rural national (using the WHO Child Growth Standards). Unpublished estimates. Dhaka, Bangladesh: HKI and Institute of Public Health Nutrition, 2008.",Surveillance,17446.22265625,Age-Adjusted
BGD,BANGLADESH,1999-2000,2000,Asia,Southern Asia,Central Asia and Southern Asia,SA,SA,SEARO,Lower Middle Income,South Asia,Least Developed Countries (LDCs),,,2280,44,Total,Reanalyzed,5490.1,2.5,,12.5,,6007.1,42.4,,"November,1999-April,2000","National Institute of Population Research and Training, Mitra and Associates, and ORC Macro.","Bangladesh demographic and health survey 1999-2000 (DHS). Dhaka, Bangladesh and Calverton, Maryland: National Institute of Population Research and Training, Mitra and Associates, and ORC Macro, 2001",DHS,17740.48046875,Age-Adjusted
BGD,BANGLADESH,2001-2002,2001,Asia,Southern Asia,Central Asia and Southern Asia,SA,SA,SEARO,Lower Middle Income,South Asia,Least Developed Countries (LDCs),,,2413,45,Total,Adjusted,63444.0,2.3,d 46,12.7,d 46,63444.0,43.2,d 46,"February,2001-January,2002",Helen Keller International (HKI) Bangladesh.,"Nutritional Surveillance Project 2001: data on rural national (using the WHO Child Growth Standards). Unpublished estimates. Dhaka, Bangladesh: HKI and Institute of Public Health Nutrition, 2008.",Surveillance,18037.236328125,Age-Adjusted
BGD,BANGLADESH,2002,2002,Asia,Southern Asia,Central Asia and Southern Asia,SA,SA,SEARO,Lower Middle Income,South Asia,Least Developed Countries (LDCs),,,2640,46,Total,Adjusted,53315.0,2.1,d 46,12.4,d 46,53315.0,41.0,d 46,"February,2002-December,2002",Helen Keller International (HKI) Bangladesh.,"Nutritional Surveillance Project 2002: data on rural national (using the WHO Child Growth Standards). Unpublished estimates. Dhaka, Bangladesh: HKI and Institute of Public Health Nutrition, 2008.",Surveillance,18247.998046875,Age-Adjusted
BGD,BANGLADESH,2003-2004,2003,Asia,Southern Asia,Central Asia and Southern Asia,SA,SA,SEARO,Lower Middle Income,South Asia,Least Developed Countries (LDCs),,,2641,47,Total,Adjusted,86999.0,2.1,d 46,12.5,d 46,86999.0,38.9,d 46,"February,2003-January,2004",Helen Keller International (HKI) Bangladesh.,"Nutritional Surveillance Project 2003: data on rural national (using the WHO Child Growth Standards). Unpublished estimates. Dhaka, Bangladesh: HKI and Institute of Public Health Nutrition, 2008.",Surveillance,18343.615234375,Age-Adjusted
BGD,BANGLADESH,2004,2004,Asia,Southern Asia,Central Asia and Southern Asia,SA,SA,SEARO,Lower Middle Income,South Asia,Least Developed Countries (LDCs),,,2705,48,Total,Reanalyzed,6082.9,3.5,,14.6,,6253.0,42.8,,"January,2004-May,2004","National Institute of Population Research and Training (NIPORT), Mitra and Associates, and ORC Macro.","Bangladesh demographic and health survey 2004. Demographic and Health Surveys. Dhaka, Bangladesh and Calverton, Maryland [USA]: NIPORT, Mitra and Associates, and ORC Macro, 2005",DHS,18348.84375,Age-Adjusted
BGD,BANGLADESH,2005,2005,Asia,Southern Asia,Central Asia and Southern Asia,SA,SA,SEARO,Lower Middle Income,South Asia,Least Developed Countries (LDCs),,,2784,49,Total,Adjusted,74758.0,1.9,d 46,11.8,d 46,74758.0,37.3,d 46,"February,2005-December,2005",Helen Keller International (HKI) and Institute of Public Health Nutrition.,"Nutritional Surveillance Project 2005: Rural data (using the WHO Child Growth Standards). Unpublished estimates. Dhakar, Bangladesh: HKI and Institute of Public Health Nutrition, 2007.",Surveillance,18255.228515625,Age-Adjusted
BGD,BANGLADESH,2005,2005,Asia,Southern Asia,Central Asia and Southern Asia,SA,SA,SEARO,Lower Middle Income,South Asia,Least Developed Countries (LDCs),,,4020,1684,Total,Reported,,2.9,,14.5,,,39.7,,"February,2005-December,2005",Bangladesh Bureau of Statistics; UNICEF,Child and Mother Nutrition Survey of Bangladesh 2005,NNS,18255.228515625,Age-Adjusted
BGD,BANGLADESH,2006,2006,Asia,Southern Asia,Central Asia and Southern Asia,SA,SA,SEARO,Lower Middle Income,South Asia,Least Developed Countries (LDCs),,,2878,50,Total,Adjusted,24302.0,1.6,d 46,11.9,d 46,24302.0,37.9,d 46,"February,2006-December,2006",Helen Keller International (HKI) Bangladesh.,"Nutritional Surveillance Project 2006: data on rural national data (using the WHO Child Growth Standards). Unpublished estimates. Dhaka, Bangladesh: HKI and Institute of Public Health Nutrition, 2008",Surveillance,18066.201171875,Age-Adjusted
BGD,BANGLADESH,2007,2007,Asia,Southern Asia,Central Asia and Southern Asia,SA,SA,SEARO,Lower Middle Income,South Asia,Least Developed Countries (LDCs),,,2928,51,Total,Reanalyzed,5343.9,2.9,,17.5,,5487.7,41.3,,"March,2007-August,2007","National Institute of Population Research and Training (NIPORT), Mitra and Associates, and Macro International.","Bangladesh demographic and health survey 2007. DHS. Dhaka, Bangladesh and Calverton, Maryland, USA: National Institute of Population Research and Training, Mitra and Associates, and Macro International, 2009",DHS,17817.54296875,Age-Adjusted
BGD,BANGLADESH,2011,2011,Asia,Southern Asia,Central Asia and Southern Asia,SA,SA,SEARO,Lower Middle Income,South Asia,Least Developed Countries (LDCs),,,10686,9154,Total,Reported,,2.0,,12.0,,,34.0,,"February,2011-December,2011",James P Grant School of Public Health (JPGSPH) and Helen Keller International (HKI),"State of  Food Security and Nutrition in Bangladesh: 2011. Dhaka, BD: JPGSPH and HKI",NNS,16458.61328125,Age-Adjusted
BGD,BANGLADESH,2011,2011,Asia,Southern Asia,Central Asia and Southern Asia,SA,SA,SEARO,Lower Middle Income,South Asia,Least Developed Countries (LDCs),,,3135,52,Total,Reanalyzed,7943.6,4.1,,15.7,,8169.9,36.7,,"July,2011-December,2011","National Institute of Population Research and Training (NIPORT), Mitra and Associates, and ICF International.","Bangladesh demographic and health survey 2011. Demographic and Health Surveys. Dhaka, Bangladesh and Calverton, Maryland, USA: NIPORT, Mitra and Associates, and ICF International, 2013",DHS,16458.61328125,Age-Adjusted
BGD,BANGLADESH,2011,2011,Asia,Southern Asia,Central Asia and Southern Asia,SA,SA,SEARO,Lower Middle Income,South Asia,Least Developed Countries (LDCs),,,4035,1712,Total,Adjusted,52500000.0,3.8,d,12.1,d,53300000.0,31.4,d,"October,2011-November,2011","Data Analysis and Technical Assistance Limited (Bangladesh), International Food Policy Research Institute (IFPRI), USAID","Bangladesh Integrated Household Survey 2011-2012. Washington DC, United States: USAID.",Other,16458.61328125,Age-Adjusted
BGD,BANGLADESH,2012,2012,Asia,Southern Asia,Central Asia and Southern Asia,SA,SA,SEARO,Lower Middle Income,South Asia,Least Developed Countries (LDCs),,,4037,4029,Total,Reported,,4.9,,13.4,,,34.4,,"March,2012-March,2012",Bangladesh Bureau of Statistics,Bangladesh 2012 Child and Mother Nutrition Survey,NNS,16091.5625,Age-Adjusted
BGD,BANGLADESH,2012,2012,Asia,Southern Asia,Central Asia and Southern Asia,SA,SA,SEARO,Lower Middle Income,South Asia,Least Developed Countries (LDCs),,,10693,9153,Total,Reported,,2.0,,11.0,,,33.0,,"February,2012-December,2012",Helen Keller International (HKI) and BRAC Institute of Global Health (BIGH).,"State of food security and nutrition in Bangladesh: 2012. Dhaka, BD: HKI and BIGH",NNS,16091.5625,Age-Adjusted
BGD,BANGLADESH,2012-2013,2013,Asia,Southern Asia,Central Asia and Southern Asia,SA,SA,SEARO,Lower Middle Income,South Asia,Least Developed Countries (LDCs),,,3229,53,Total,Reanalyzed,19639.7,1.6,s,9.6,s,19921.0,31.9,s,"December,2012-April,2013",Bangladesh Bureau of Statistics and UNICEF Bangladesh.,"Bangladesh 2012-13 multiple indicator cluster survey. Final Report. Dhaka, Bangladesh: Bangladesh Bureau of Statistics and UNICEF Bangladesh, 2014.",MICS,15781.818359375,Age-Adjusted
BGD,BANGLADESH,2013,2013,Asia,Southern Asia,Central Asia and Southern Asia,SA,SA,SEARO,Lower Middle Income,South Asia,Least Developed Countries (LDCs),,,3244,54,Total,Reported,4029.0,4.9,,18.1,,4029.0,35.1,,"May,2013-July,2013","Shahin S, Bhadra SK and Ahsanul Alam M.","Utilization of Essential Service Delivery (UESD) Survey 2013. Dhaka: National Institute of Population Research and Training (NIPORT), 2014.",Other,15781.818359375,Age-Adjusted
BGD,BANGLADESH,2013,2013,Asia,Southern Asia,Central Asia and Southern Asia,SA,SA,SEARO,Lower Middle Income,South Asia,Least Developed Countries (LDCs),,,10687,9149,Total,Reported,,2.0,,11.0,,,30.0,,"February,2013-November,2013",Helen Keller International (HKI) and James P Grant School of Public Health (JPGSPH),"State of Food security and nutrition in Bangladesh: 2013. Dhaka, BD: HKI and JPGSPH",NNS,15781.818359375,Age-Adjusted
BGD,BANGLADESH,2014,2014,Asia,Southern Asia,Central Asia and Southern Asia,SA,SA,SEARO,Lower Middle Income,South Asia,Least Developed Countries (LDCs),,,10688,9150,Total,Reported,,2.0,,11.0,,,30.0,,"February,2014-December,2014",Helen Keller International (HKI) and James P. Grant School of Public Health (JPGSPH).,"State  of food security and nutrition in Bangladesh: 2014. Dhaka, BD: HKI and JPGSPH.",NNS,15551.7314453125,Age-Adjusted
BGD,BANGLADESH,2014,2014,Asia,Southern Asia,Central Asia and Southern Asia,SA,SA,SEARO,Lower Middle Income,South Asia,Least Developed Countries (LDCs),,,3249,55,Total,Reanalyzed,7369.0,3.2,,14.4,,7641.7,32.8,,"June,2014-November,2014","National Institute of Population Research and Training (NIPORT), Mitra and Associates, and ICF International.","Bangladesh Demographic and Health Survey 2014. Dhaka, Bangladesh, and Rockville, Maryland, USA: NIPORT, Mitra and Associates, and ICF International. 2016",DHS,15551.7314453125,Age-Adjusted
BGD,BANGLADESH,2015,2015,Asia,Southern Asia,Central Asia and Southern Asia,SA,SA,SEARO,Lower Middle Income,South Asia,Least Developed Countries (LDCs),,,4049,1713,Total,Adjusted,53900000.0,4.3,d,15.6,d,54300000.0,28.9,d,"January,2015-June,2015",International Food Policy Research Institute (IFPRI),"Bangladesh Integrated Household Survey (BIHS) 2015. Washington, DC: International Food Policy Research Institute (IFPRI)",Other,15421.927734375,Age-Adjusted
BGD,BANGLADESH,2015,2015,Asia,Southern Asia,Central Asia and Southern Asia,SA,SA,SEARO,Lower Middle Income,South Asia,Least Developed Countries (LDCs),,,10689,9151,Total,Reported,,2.0,,10.0,,,31.0,,"October,2015-November,2015",James P Grant School of Public Health and National Nutrition Services.,"State of food security and nutrition in Bangladesh 2015. Dhaka, Bangladesh: James P Grant School of Public Health and National Nutrition Services.",NNS,15421.927734375,Age-Adjusted
BGD,BANGLADESH,2017-2018,2018,Asia,Southern Asia,Central Asia and Southern Asia,SA,SA,SEARO,Lower Middle Income,South Asia,Least Developed Countries (LDCs),,,3380,3740,Total,Reanalyzed,8112.9,1.5,,8.4,,8334.5,21.9,,"October,2017-March,2018","National Institute of Population Research and Training (NIPORT), and ICF","Bangladesh Demographic and Health Survey 2017-18. Dhaka, Bangladesh, and Rockville, Maryland, USA: NIPORT and ICF",DHS,15621.2265625,Age-Adjusted
BGD,BANGLADESH,2018-2019,2019,Asia,Southern Asia,Central Asia and Southern Asia,SA,SA,SEARO,Lower Middle Income,South Asia,Least Developed Countries (LDCs),,,4059,4440,Total,Adjusted,60900000.0,1.8,d,9.5,d,61300000.0,19.1,d,"November,2018-April,2019",International Food Policy Research Institute (IFPRI),"Bangladesh Integrated Household Survey (BIHS) 2018-2019. Washington, DC: IFPRI. 2020",Other,15758.0205078125,Age-Adjusted
BGD,BANGLADESH,2019,2019,Asia,Southern Asia,Central Asia and Southern Asia,SA,SA,SEARO,Lower Middle Income,South Asia,Least Developed Countries (LDCs),,,3449,3578,Total,Reanalyzed,22011.5,2.3,,9.8,,22449.7,22.6,,"January,2019-June,2019",Bangladesh Bureau of Statistics (BBS),"Bangladesh Multiple Indicator Cluster Survey 2019, Survey Findings Report. Dhaka, Bangladesh: Bangladesh Bureau of Statistics (BBS)",MICS,15758.0205078125,Age-Adjusted
BGD,BANGLADESH,2022,2022,Asia,Southern Asia,Central Asia and Southern Asia,SA,SA,SEARO,Lower Middle Income,South Asia,Least Developed Countries (LDCs),,,9952,8987,Total,Reanalyzed,4254.0,1.7,,10.7,,4312.7,21.7,,"June,2022-December,2022",National Institute of Population Research and Training (NIPORT) and ICF,"Bangladesh Demographic and  Health Survey 2022: Final Report. Dhaka, Bangladesh, and Rockville, Maryland, USA: NIPORT and ICF.",DHS,16290.93359375,Age-Adjusted
BRB,BARBADOS,2012,2012,Latin America and the Caribbean,Caribbean,Latin America and the Caribbean,LAC,LAC,AMRO,High Income,Latin America & Caribbean,,,Small island developing States (SIDS),3238,56,Total,Reanalyzed,368.2,2.0,,6.8,,402.6,3.5,,"May,2012-October,2012",Barbados Statistical Service (BSS).,"Barbados multiple indicator cluster survey 2012: Final report (MICS4). Bridgetown, Barbados: BSS, 2014.",MICS,17.930999755859375,Age-Adjusted
BLR,BELARUS,2005,2005,Europe,Eastern Europe,Northern America and Europe,ECA,EECA,EURO,Upper Middle Income,Europe & Central Asia,,,,2824,57,Total,Reanalyzed,3018.9,0.6,,2.2,,3031.1,1.3,,"November,2005-December,2005",Ministry of Statistics and Analysis (MSA) of the Republic of Belarus and Research Institute of Statistics of the MSA of the Republic of Belarus.,"Belarus multiple indicator cluster survey 2005, final report. Minsk, Republic of Belarus: Ministry of Statistics and Analysis [Belarus] and Research Institute of Statistics of the MSA [Belarus], 2007",MICS,443.948486328125,Age-Adjusted
BLR,BELARUS,2019,2019,Europe,Eastern Europe,Northern America and Europe,ECA,EECA,EURO,Upper Middle Income,Europe & Central Asia,,,,11754,9213,Total,Reported,,,,1.3,,,,,"January,2019-December,2019",Ministry of Health Care of the Republic of Belarus,"Child Malnutrition Data from State Statistical Reporting Form, Belarus 2019",Admin,539.9829711914062,Age-Adjusted
BLR,BELARUS,2020,2020,Europe,Eastern Europe,Northern America and Europe,ECA,EECA,EURO,Upper Middle Income,Europe & Central Asia,,,,11755,9214,Total,Reported,,,,1.3,,,,,"January,2020-December,2020",Ministry of Health Care of the Republic of Belarus,"Child Malnutrition Data from State Statistical Reporting Form, Belarus 2020",Admin,503.2980041503906,Age-Adjusted
BLR,BELARUS,2021,2021,Europe,Eastern Europe,Northern America and Europe,ECA,EECA,EURO,Upper Middle Income,Europe & Central Asia,,,,11756,9215,Total,Reported,,,,1.2,,,,,"January,2021-December,2021",Ministry of Health Care of the Republic of Belarus,"Child Malnutrition Data from State Statistical Reporting Form, Belarus 2021",Admin,463.364013671875,Age-Adjusted
BLR,BELARUS,2022,2022,Europe,Eastern Europe,Northern America and Europe,ECA,EECA,EURO,Upper Middle Income,Europe & Central Asia,,,,11757,9216,Total,Reported,,,,1.3,,,,,"January,2022-December,2022",Ministry of Health Care of the Republic of Belarus,"Child Malnutrition Data from State Statistical Reporting Form, Belarus 2022",Admin,428.2760009765625,Age-Adjusted
BLR,BELARUS,2023,2023,Europe,Eastern Europe,Northern America and Europe,ECA,EECA,EURO,Upper Middle Income,Europe & Central Asia,,,,11758,9217,Total,Reported,,,,1.3,,,,,"January,2023-December,2023",Ministry of Health Care of the Republic of Belarus,"Child Malnutrition Data from State Statistical Reporting Form, Belarus 2023",Admin,399.40899658203125,Age-Adjusted
BEL,BELGIUM,2014-2015,2014,Europe,Western Europe,Northern America and Europe,ECA,WE,EURO,High Income,Europe & Central Asia,,,,3450,1228,Total,Reanalyzed,170.4,0.0,b,0.5,b,170.4,1.1,b,"February,2014-May,2015",Institut Scientifique de Sante Publique,Enquete de la Consummation Alimentaire 2014-15,Other,646.3709716796875,Age-Adjusted
BEL,BELGIUM,2022-2023,2023,Europe,Western Europe,Northern America and Europe,ECA,WE,EURO,High Income,Europe & Central Asia,,,,11261,9218,Total,External Reanalysis,720.0,0.1,b,0.8,b,722.7,0.3,b,"March,2022-December,2023",Sciensano - Belgian Institute for Health,Enquete de la Consummation Alimentaire 2022-2023,Other,582.8090209960938,Age-Adjusted
BLZ,BELIZE,1992,1992,Latin America and the Caribbean,Central America,Latin America and the Caribbean,LAC,LAC,AMRO,Upper Middle Income,Latin America & Caribbean,,,Small island developing States (SIDS),1341,58,Total,Adjusted,,,,,,8516.0,5.4,c,"January,1992-March,1992","Ministry of Health (Belize); Caribbean Food and Nutrition Institute, Pan American Health Organization","Assessment of the food, nutrition and health situation of Belize. INCAP Publication DC1/002. Kingston: Institute of Nutrition of Central America and Panama, 1992",Other,31.034500122070312,Age-Adjusted
BLZ,BELIZE,2006,2006,Latin America and the Caribbean,Central America,Latin America and the Caribbean,LAC,LAC,AMRO,Upper Middle Income,Latin America & Caribbean,,,Small island developing States (SIDS),2881,59,Total,Reanalyzed,689.6,0.8,,1.9,,721.8,5.0,,"February,2006-March,2006",Statistical Institute of Belize (SIB) and UNICEF.,"Multiple indicator cluster survey Belize, 2006. UNICEF",MICS,37.449501037597656,Age-Adjusted
BLZ,BELIZE,2011,2011,Latin America and the Caribbean,Central America,Latin America and the Caribbean,LAC,LAC,AMRO,Upper Middle Income,Latin America & Caribbean,,,Small island developing States (SIDS),3154,60,Total,Reanalyzed,1767.9,1.2,,3.3,,1809.3,6.2,,"June,2011-August,2011",Statistical Institute of Belize (SIB) and UNICEF.,"Belize multiple indicator cluster survey 2011 (MICS). Belize city, Belize: SIB and UNICEF, 2012",MICS,36.97999954223633,Age-Adjusted
BLZ,BELIZE,2015-2016,2015,Latin America and the Caribbean,Central America,Latin America and the Caribbean,LAC,LAC,AMRO,Upper Middle Income,Latin America & Caribbean,,,Small island developing States (SIDS),3299,794,Total,Reanalyzed,2397.2,0.5,,1.8,,2426.2,4.6,,"September,2015-January,2016",Statistical Institute of Belize and UNICEF Belize. 2017,"Belize Multiple Indicator Cluster Survey, 2015-2016, Final Report. Belmopan, Belize: Statistical Institute of Belize and UNICEF Belize.",MICS,36.785499572753906,Age-Adjusted
BEN,BENIN,1996,1996,Africa,Western Africa,Sub-Saharan Africa,SSA,WCA,AFRO,Lower Middle Income,Sub-Saharan Africa,Least Developed Countries (LDCs),Low-Income Food-Deficit (LIFD),,1714,61,Total,Reanalyzed,2529.2,5.4,b,15.0,b,2382.1,25.6,b,"June,1996-August,1996","Kodjogbé N, Mboup G, Tossou J, de Souza L, Gandaho T, Guédémé A et al.","Enquête démographique et de santé 1996. Demographic and Health Surveys. Ministère du Plan, de la Restructuration Economique et de la Promotion de l'Emploi. Cotonou, Benin, 1997",DHS,1169.97705078125,Age-Adjusted
BEN,BENIN,2001,2001,Africa,Western Africa,Sub-Saharan Africa,SSA,WCA,AFRO,Lower Middle Income,Sub-Saharan Africa,Least Developed Countries (LDCs),Low-Income Food-Deficit (LIFD),,2357,62,Total,Reanalyzed,4880.0,3.1,,9.0,,4157.8,19.5,,"August,2001-November,2001",Institut National de la Statistique et de l'Analyse Economique (INSAE) et ORC Macro.,"Enquête démographique et de santé au Bénin 2001. Demographic and Health Surveys. Calverton, Maryland, USA: Institut National de la Statistique et de l'Analyse Economique et ORC Macro, 2002",DHS,1318.08544921875,Age-Adjusted
BEN,BENIN,2008,2008,Africa,Western Africa,Sub-Saharan Africa,SSA,WCA,AFRO,Lower Middle Income,Sub-Saharan Africa,Least Developed Countries (LDCs),Low-Income Food-Deficit (LIFD),,3451,864,Total,Reanalyzed,1012445.9,1.1,b,5.1,b,1006483.5,17.1,b,"November,2008-December,2008",Gouvernement du Bénin; WFP; UNICEF,"Analyse Globale de la Vulnérabilité, de la Sécurité Alimentaire et de la Nutrition (AGVSAN) 2008",CFSVA,1601.0250244140625,Age-Adjusted
BEN,BENIN,2014,2014,Africa,Western Africa,Sub-Saharan Africa,SSA,WCA,AFRO,Lower Middle Income,Sub-Saharan Africa,Least Developed Countries (LDCs),Low-Income Food-Deficit (LIFD),,3262,64,Total,Reanalyzed,11978.9,0.9,s,4.5,s,12024.8,18.0,s,"June,2014-September,2014",Institut National de la Statistique et de l'Analyse Economique (INSAE).,"Enquête par grappes à indicateurs multiples 2014, Rapport  final , Cotonou, Bénin : Institut national de la statistique et de l’analyse économique",MICS,1872.324951171875,Age-Adjusted
BEN,BENIN,2017-2018,2018,Africa,Western Africa,Sub-Saharan Africa,SSA,WCA,AFRO,Lower Middle Income,Sub-Saharan Africa,Least Developed Countries (LDCs),Low-Income Food-Deficit (LIFD),,3359,2406,Total,Reanalyzed,13260.0,1.1,,5.0,,12832.1,16.8,,"November,2017-February,2018",Institut National de la Statistique et de l’Analyse Économique (INSAE) et ICF,"Enquête Démographique et de Santé au Bénin, 2017-2018. Cotonou, Bénin et Rockville, Maryland, USA : INSAE et ICF",DHS,2061.7314453125,Age-Adjusted
BEN,BENIN,2021-2022,2021,Africa,Western Africa,Sub-Saharan Africa,SSA,WCA,AFRO,Lower Middle Income,Sub-Saharan Africa,Least Developed Countries (LDCs),Low-Income Food-Deficit (LIFD),,4142,4425,Total,Reanalyzed,12899.6,2.4,,8.3,,12978.7,19.6,,"October,2021-January,2022",Institut National de la Statistique et de la Démographie (INStaD),"Enquête par Grappes à Indicateurs  Multiples, Bénin, 2021-2022, Rapport des résultats de l’enquête. Cotonou, Bénin : INStaD",MICS,2135.859619140625,Age-Adjusted
BTN,BHUTAN,1986-1988,1987,Asia,Southern Asia,Central Asia and Southern Asia,SA,SA,SEARO,Lower Middle Income,South Asia,,,Landlocked developing countries (LLDCs),374,65,Total,Adjusted,3273.0,,,5.2,c,3273.0,34.0,c,"December,1986-March,1988",Bhutan Directorate of Health Services,Report on the national nutrition survey. Bhutan; December 1989.,NNS,91.8905029296875,Age-Adjusted
BTN,BHUTAN,1999,1999,Asia,Southern Asia,Central Asia and Southern Asia,SA,SA,SEARO,Lower Middle Income,South Asia,,,Landlocked developing countries (LLDCs),2015,66,Total,Reanalyzed,2992.0,0.8,b,2.6,b,2996.0,13.9,b,"March,1999-April,1999",Ministry of Health and Education.,"National anthropometric survey of under five children in Bhutan. Division of Health Services. Thimpu, Bhutan, 1999",NNS,77.10549926757812,Age-Adjusted
BTN,BHUTAN,2008,2008,Asia,Southern Asia,Central Asia and Southern Asia,SA,SA,SEARO,Lower Middle Income,South Asia,,,Landlocked developing countries (LLDCs),2967,67,Total,Reanalyzed,2133.0,1.4,rs,4.5,rs,2160.0,10.4,s,"November,2008-December,2008","Ministry of Health, National Statistics Bureau and Centre for Research Initiative.","National Nutrition, Infant & Young Child Feeding Survey 2008. Thimphu, Bhutan: Ministry of Health and UN.",NNS,65.89800262451172,Age-Adjusted
BTN,BHUTAN,2010,2010,Asia,Southern Asia,Central Asia and Southern Asia,SA,SA,SEARO,Lower Middle Income,South Asia,,,Landlocked developing countries (LLDCs),3077,68,Total,Reanalyzed,5862.7,2.0,,5.9,,6071.4,12.7,,"April,2010-July,2010",National Statistics Bureau (NSB).,"Bhutan multiple indicator cluster survey (BMIS) 2010. Thimphu, Bhutan: NSB, May 2011",MICS,64.4854965209961,Age-Adjusted
BTN,BHUTAN,2023,2023,Asia,Southern Asia,Central Asia and Southern Asia,SA,SA,SEARO,Lower Middle Income,South Asia,,,Landlocked developing countries (LLDCs),11094,9209,Total,Reported,2803.0,1.6,,5.1,,2844.0,8.7,,"May,2023-July,2023","Ministry of Health, Royal Government of Bhutan","5th National Health Survey: Integrated Stepwise Household Survey  2023. Thimphu, Bhutan: Ministry of Health; 2024",Other,48.32899856567383,Age-Adjusted
BOL,BOLIVIA (PLURINATIONAL STATE OF),1988,1988,Latin America and the Caribbean,South America,Latin America and the Caribbean,LAC,LAC,AMRO,Lower Middle Income,Latin America & Caribbean,,,Landlocked developing countries (LLDCs),1263,2037,Total,Adjusted,,,,,,151481.0,9.8,c 49,"July,1988-December,1988",SVEN; Ministerio de Planeamiento y Coordinacion,"Situacion alimentaria y nutricional de Bolivia 1992. La Paz: Instituto Nacional de Alimentacion y Nutricion, 1992 (1988 Extract)",Admin,1047.8909912109375,Age-Adjusted
BOL,BOLIVIA (PLURINATIONAL STATE OF),1989,1989,Latin America and the Caribbean,South America,Latin America and the Caribbean,LAC,LAC,AMRO,Lower Middle Income,Latin America & Caribbean,,,Landlocked developing countries (LLDCs),232,70,Total,Reanalyzed,2573.0,0.8,rw 23,2.2,rw 23,2585.4,8.9,w 23,"March,1989-July,1989",Ministerio de Planeamiento y Coordinacion.,"Encuesta nacional de demografia y salud 1989. Demographic and Health Surveys. La Paz, Bolivia, 1990",DHS,1066.08251953125,Age-Adjusted
BOL,BOLIVIA (PLURINATIONAL STATE OF),1990,1990,Latin America and the Caribbean,South America,Latin America and the Caribbean,LAC,LAC,AMRO,Lower Middle Income,Latin America & Caribbean,,,Landlocked developing countries (LLDCs),3548,2038,Total,Adjusted,,,,,,490699.0,9.7,c 49,,SVEN; Ministerio de Planeamiento y Coordinacion,"Situacion alimentaria y nutricional de Bolivia 1992. La Paz: Instituto Nacional de Alimentacion y Nutricion, 1992 (1990 Extract)",Admin,1084.3995361328125,Age-Adjusted
BOL,BOLIVIA (PLURINATIONAL STATE OF),1991,1991,Latin America and the Caribbean,South America,Latin America and the Caribbean,LAC,LAC,AMRO,Lower Middle Income,Latin America & Caribbean,,,Landlocked developing countries (LLDCs),3549,2039,Total,Adjusted,,,,,,536952.0,10.2,c 49,,SVEN; Ministerio de Planeamiento y Coordinacion,"Situacion alimentaria y nutricional de Bolivia 1992. La Paz: Instituto Nacional de Alimentacion y Nutricion, 1992 (1991 Extract)",Admin,1102.71044921875,Age-Adjusted
BOL,BOLIVIA (PLURINATIONAL STATE OF),1992,1992,Latin America and the Caribbean,South America,Latin America and the Caribbean,LAC,LAC,AMRO,Lower Middle Income,Latin America & Caribbean,,,Landlocked developing countries (LLDCs),1546,73,Total,Adjusted,,,,,,666872.0,10.5,c 49,,Ministerio de Desarrollo Humano.,"Bolivia: mapa de la desnutricion 1990-1992. La Paz, Bolivia, 1994",Other,1118.564453125,Age-Adjusted
BOL,BOLIVIA (PLURINATIONAL STATE OF),1993-1994,1994,Latin America and the Caribbean,South America,Latin America and the Caribbean,LAC,LAC,AMRO,Lower Middle Income,Latin America & Caribbean,,,Landlocked developing countries (LLDCs),1359,74,Total,Reanalyzed,2907.7,1.4,b,4.8,b,2944.3,12.5,b,"November,1993-June,1994",Ministerio de Desarrollo Sostenible y Medio Ambiente.,"Encuesta nacional de demografia y salud 1994. Demographic and Health Surveys. La Paz, Bolivia, 1994",DHS,1139.0260009765625,Age-Adjusted
BOL,BOLIVIA (PLURINATIONAL STATE OF),1998,1998,Latin America and the Caribbean,South America,Latin America and the Caribbean,LAC,LAC,AMRO,Lower Middle Income,Latin America & Caribbean,,,Landlocked developing countries (LLDCs),1911,75,Total,Reanalyzed,5835.3,0.7,,1.6,,5993.3,5.9,,"March,1998-September,1998",Ministerio de Haciendo and Instituto Nacional de Estadistica.,"Encuesta nacional de demografia y salud 1998. Demographic and Health Surveys. La Paz, Bolivia, 1998",DHS,1158.945556640625,Age-Adjusted
BOL,BOLIVIA (PLURINATIONAL STATE OF),2003-2004,2003,Latin America and the Caribbean,South America,Latin America and the Caribbean,LAC,LAC,AMRO,Lower Middle Income,Latin America & Caribbean,,,Landlocked developing countries (LLDCs),2666,76,Total,Reanalyzed,9854.4,0.6,,1.7,,9986.0,5.8,,"August,2003-January,2004","Gutiérrez Sardan M, Hernando Ochoa L, Castillo Guerra W.","Encuesta nacional de demografia y salud (ENDSA) 2003. Demographic and Health Surveys. La Paz, Bolivia: Instituto Nacional de Estadistica, Ministerio de Salud y Deportes, Programa Measure DHS+/ORC Macro, 2004",DHS,1176.66748046875,Age-Adjusted
BOL,BOLIVIA (PLURINATIONAL STATE OF),2008,2008,Latin America and the Caribbean,South America,Latin America and the Caribbean,LAC,LAC,AMRO,Lower Middle Income,Latin America & Caribbean,,,Landlocked developing countries (LLDCs),2948,77,Total,Reanalyzed,8453.7,0.5,,1.4,,8564.5,4.5,,"February,2008-June,2008","Ministerio de Salud y Deportes (MSD), Programa Reforma de Salud (PRS), Instituto Nacional de Estadística (INE) y Macro International.","Encuesta nacional de demografía y salud ENDSA 2008. Demographic and Health Surveys. La Paz, Bolivia: MSD, PRS, INE y Macro International, 2009",DHS,1206.3544921875,Age-Adjusted
BOL,BOLIVIA (PLURINATIONAL STATE OF),2012,2012,Latin America and the Caribbean,South America,Latin America and the Caribbean,LAC,LAC,AMRO,Lower Middle Income,Latin America & Caribbean,,,Landlocked developing countries (LLDCs),3300,78,Total,Reanalyzed,709412.1,0.5,s,1.5,s,710317.8,3.6,s,"May,2012-December,2012","Ministerio de Salud, Unidad de Análisis de Políticas Sociales y Económicas (UDAPE).",Encuesta de Evaluación de Salud y Nutrición 2012: Informe de Resultados,Other,1233.1395263671875,Age-Adjusted
BOL,BOLIVIA (PLURINATIONAL STATE OF),2016,2016,Latin America and the Caribbean,South America,Latin America and the Caribbean,LAC,LAC,AMRO,Lower Middle Income,Latin America & Caribbean,,,Landlocked developing countries (LLDCs),3327,1635,Total,Reanalyzed,5231.6,0.9,,2.0,,5249.9,3.4,,"May,2016-September,2016",National Institute of Statistics (Bolivia),Bolivia Encuesta de Demografia y Salud - EDSA 2016: Indicadores Priorizados,DHS-Style,1243.27197265625,Age-Adjusted
BIH,BOSNIA AND HERZEGOVINA,2000,2000,Europe,Southern Europe,Northern America and Europe,ECA,EECA,EURO,Upper Middle Income,Europe & Central Asia,,,,2362,79,Total,Reanalyzed,2553.0,3.5,,7.4,,2598.0,4.2,,"July,2000-September,2000",Federation Public Health Institute - Ministry of Health Ministry of Health and Social Welfare - Republika Srpska,"Household survey of women and children: Bosnia and Herzegovina 2000 (B&H MICS 2000): Draft final report, May 29, 2002. Sarajevo, Bosnia and Herzegovina: UNICEF, 2002",MICS,235.70550537109375,Age-Adjusted
BIH,BOSNIA AND HERZEGOVINA,2006,2006,Europe,Southern Europe,Northern America and Europe,ECA,EECA,EURO,Upper Middle Income,Europe & Central Asia,,,,2826,80,Total,Reanalyzed,3058.9,1.5,,4.0,,3158.4,1.6,,"May,2006-July,2006","Jokic I, Lolic A, Fahrudin M, Niksic D, Pilav A, Prodanovic N et al.","Bosnia and Herzegovina multiple indicator cluster survey 2006. Sarajevo, Bosnia and Herzegovina: UNICEF, 2007",MICS,197.70899963378906,Age-Adjusted
BIH,BOSNIA AND HERZEGOVINA,2011-2012,2012,Europe,Southern Europe,Northern America and Europe,ECA,EECA,EURO,Upper Middle Income,Europe & Central Asia,,,,3158,81,Total,Reanalyzed,2078.5,1.6,,2.3,,2199.0,1.6,,"October,2011-March,2012","Agency for Statistics [Bosnia and Herzegovina], the Federal Ministry of Health, the Ministry of Health and Social Welfare [Republic of Srpska], and","Institute for Public Health [Federation of Bosnia and Herzegovina]. Bosnia and Herzegovina multiple indicator cluster survey (MICS) 2011-2012. Final report. Sarajevo, Federation of Bosnia and Herzegovina: UNICEF, 2013",MICS,165.9425048828125,Age-Adjusted
BWA,BOTSWANA,1996,1996,Africa,Southern Africa,Sub-Saharan Africa,SSA,ESA,AFRO,Upper Middle Income,Sub-Saharan Africa,,,Landlocked developing countries (LLDCs),2018,82,Total,Adjusted,,,,13.2,c,,15.1,c,,Family Health Division of the Ministry of Health by the Central Statistics Office,"The 1996 Botswana family health survey III. Gaborone: Central Statistics Office, 1999",Other,213.3455047607422,Age-Adjusted
BWA,BOTSWANA,2000,2000,Africa,Southern Africa,Sub-Saharan Africa,SSA,ESA,AFRO,Upper Middle Income,Sub-Saharan Africa,,,Landlocked developing countries (LLDCs),2353,83,Total,Reanalyzed,171867.7,2.7,r,5.9,r,177284.7,11.1,,"May,2000-September,2000","Charumbira, Republic of Botwana, Central Statistic Office (CSO), UNICEF","Multiple indicator survey (MIS) 2000. Full report. Gaborone, Botswana, 2001",MICS,211.04400634765625,Age-Adjusted
BWA,BOTSWANA,2007-2008,2007,Africa,Southern Africa,Sub-Saharan Africa,SSA,ESA,AFRO,Upper Middle Income,Sub-Saharan Africa,,,Landlocked developing countries (LLDCs),3092,84,Total,Reanalyzed,2584.2,3.0,,7.3,,2638.5,11.8,p,"September,2007-January,2008",Central Statistics Office (CSO) and UNICEF.,"2007 Botswana family health survey IV report. Gaborone, Botswana: CSO, 2009",Other,238.71099853515625,Age-Adjusted
BRA,BRAZIL,1989,1989,Latin America and the Caribbean,South America,Latin America and the Caribbean,LAC,LAC,AMRO,Upper Middle Income,Latin America & Caribbean,,,,234,85,Total,Reanalyzed,16088454.0,0.9,,2.4,,16379083.0,5.6,,"June,1989-September,1989","National Institute of Food and Nutrition (INAN) (Brazil), Institute of Applied Economic Research (IPEA) (Brazil), Inter-University Consortium for Political and Social Research (ICPSR)","Brazil National Survey on Health and Nutrition 1989. Ann Arbor, United States: Inter-University Consortium for Political and Social Research (ICPSR).",Other,18184.439453125,Age-Adjusted
BRA,BRAZIL,1996,1996,Latin America and the Caribbean,South America,Latin America and the Caribbean,LAC,LAC,AMRO,Upper Middle Income,Latin America & Caribbean,,,,1680,86,Total,Reanalyzed,3854.0,1.0,,2.8,,4139.3,4.5,,"February,1996-July,1996",Sociedade Civil Bem-Estar Familiar no Brasil (BEMFAM) e MACRO International Inc.,"Pesquisa nacional sobre demografia e saude 1996. Demographic and Health Surveys. Rio de Janeiro, Brasil: Litografia Tucano Ltda., 1997",DHS,17173.388671875,Age-Adjusted
BRA,BRAZIL,2006-2007,2007,Latin America and the Caribbean,South America,Latin America and the Caribbean,LAC,LAC,AMRO,Upper Middle Income,Latin America & Caribbean,,,,2870,88,Total,Reanalyzed,12374534.0,0.4,,1.8,,12754059.0,2.2,,"November,2006-May,2007",Centro Brasileiro de Análise e Planejamento [CEBRAP].,"Pesquisa nacional de demografia e saúde da criança e da mulher - PNDS 2006. Relatório da pesquisa. Sao Paulo: CEBRAP, 2008",Other,15498.13671875,Age-Adjusted
BRA,BRAZIL,2019-2020,2019,Latin America and the Caribbean,South America,Latin America and the Caribbean,LAC,LAC,AMRO,Upper Middle Income,Latin America & Caribbean,,,,8807,6258,Total,Reanalyzed,12332170.0,0.8,,3.4,,12570611.0,3.5,,"February,2019-March,2020",UFRJ. Federal University of Rio de Janeiro,"Estudo Nacional de Alimentação e Nutrição Infantil (ENANI), Brasil 2019",NNS,14261.048828125,Age-Adjusted
BRN,BRUNEI DARUSSALAM,2009,2009,Asia,South-Eastern Asia,Eastern Asia and South-eastern Asia,EAP,EAP,WPRO,High Income,East Asia & Pacific,,,,3245,89,Total,Reanalyzed,1108.0,0.5,,2.9,,1127.0,9.7,,"March,2009-August,2009","Ministry of Health, Brunei Darussalam.","2nd National health and nutritional status survey (NHANSS). Phase 1: 0-5 years old. Brunei Darussalam, January 2013.",Other,30.90049934387207,Age-Adjusted
BGR,BULGARIA,2004,2004,Europe,Eastern Europe,Northern America and Europe,ECA,EECA,EURO,High Income,Europe & Central Asia,,,,2768,90,Total,Reanalyzed,308.0,1.5,b,3.6,b,315.0,2.0,b,"February,2004-December,2004",National Center of Public Health and Analyses (Bulgaria),"National survey of dietary intake and nutritional status of Bulgarian population, 2004. Department of Nutrition and Public Health, National Center of Public Health Protection, Sofia, Bulgaria",NNS,331.1205139160156,Age-Adjusted
BGR,BULGARIA,2007,2007,Europe,Eastern Europe,Northern America and Europe,ECA,EECA,EURO,High Income,Europe & Central Asia,,,,3381,3742,Total,Reanalyzed,2464.0,1.1,,4.7,,2465.0,3.7,,"April,2007-October,2007","National Center of Public Health and Analyses, Bulgaria",Nutrition and Nutritional Status of Children aged under 5 years in Bulgaria,NNS,342.85699462890625,Age-Adjusted
BGR,BULGARIA,2014,2014,Europe,Eastern Europe,Northern America and Europe,ECA,EECA,EURO,High Income,Europe & Central Asia,,,,3382,3749,Total,Reported,,2.1,b,5.9,b,,1.7,b,,Ministry of Health,National Survey of Nutrition Factor for Health Risk among the Population in Bulgaria,NNS,340.0690002441406,Age-Adjusted
BFA,BURKINA FASO,1992-1993,1993,Africa,Western Africa,Sub-Saharan Africa,SSA,WCA,AFRO,Low Income,Sub-Saharan Africa,Least Developed Countries (LDCs),Low-Income Food-Deficit (LIFD),Landlocked developing countries (LLDCs),968,91,Total,Reanalyzed,4844.8,5.9,,15.4,,4557.1,28.7,,"December,1992-March,1993","Konaté DL, Sinaré T, Seroussi M.","Enquête démographique et de santé, Burkina Faso 1993. Demographic and Health Surveys. Ouagadougou, Burkina Faso, 1994.",DHS,1850.8485107421875,Age-Adjusted
BFA,BURKINA FASO,1998-1999,1999,Africa,Western Africa,Sub-Saharan Africa,SSA,WCA,AFRO,Low Income,Sub-Saharan Africa,Least Developed Countries (LDCs),Low-Income Food-Deficit (LIFD),Landlocked developing countries (LLDCs),2137,92,Total,Reanalyzed,4882.1,5.6,,15.5,,3940.9,30.9,,"November,1998-March,1999","Institut National de la Statistique et de la Démographie, et Macro International Inc.","Enquête démographique et de santé, Burkina Faso 1998-1999. Demographic and Health Surveys. Calverton, Maryland (USA): Macro International Inc., 2000",DHS,2129.033935546875,Age-Adjusted
BFA,BURKINA FASO,2009,2009,Africa,Western Africa,Sub-Saharan Africa,SSA,WCA,AFRO,Low Income,Sub-Saharan Africa,Least Developed Countries (LDCs),Low-Income Food-Deficit (LIFD),Landlocked developing countries (LLDCs),3039,95,Total,Reported,,2.7,q,11.3,q,,26.0,,"August,2009-September,2009",Ministry of Health.,"Enquête nutritionnelle nationale 2009. Ouagadougou, Burkina Faso: Direction de la Nutrition, 2009",SMART,2873.71337890625,Age-Adjusted
BFA,BURKINA FASO,2010,2010,Africa,Western Africa,Sub-Saharan Africa,SSA,WCA,AFRO,Low Income,Sub-Saharan Africa,Least Developed Countries (LDCs),Low-Income Food-Deficit (LIFD),Landlocked developing countries (LLDCs),3136,96,Total,Reanalyzed,7084.5,5.9,,15.5,,7221.9,26.2,,"May,2010-December,2010",Institut National de la Statistique et de la Démographie (INSD) et ICF International.,"Enquête démographique et de santé et à indicateurs multiples du Burkina Faso 2010. Demographic and Health Surveys and MICS. Calverton, Maryland, USA: INSD, 2012",DHS,2962.7705078125,Age-Adjusted
BFA,BURKINA FASO,2010,2010,Africa,Western Africa,Sub-Saharan Africa,SSA,WCA,AFRO,Low Income,Sub-Saharan Africa,Least Developed Countries (LDCs),Low-Income Food-Deficit (LIFD),Landlocked developing countries (LLDCs),4306,977,Total,Reanalyzed,10317.3,2.7,rs,10.9,rs,10349.4,25.2,s,"August,2010-September,2010","Ministère de la Santé, de l’Hygiène Publique",Enquete Nutritionnelle Nationale 2010: Rapport Definitif,SMART,2962.7705078125,Age-Adjusted
BFA,BURKINA FASO,2011,2011,Africa,Western Africa,Sub-Saharan Africa,SSA,WCA,AFRO,Low Income,Sub-Saharan Africa,Least Developed Countries (LDCs),Low-Income Food-Deficit (LIFD),Landlocked developing countries (LLDCs),3296,97,Total,Reanalyzed,47210.1,2.2,rs,10.4,rs,47336.8,25.1,s,"August,2011-September,2011","Direction de la Nutrition, Ministère de la Santé.","Rapport enquête nutritionnelle nationale 2011. Ouagadougou, Burkona Faso, 2012.",SMART,3046.814453125,Age-Adjusted
BFA,BURKINA FASO,2012,2012,Africa,Western Africa,Sub-Saharan Africa,SSA,WCA,AFRO,Low Income,Sub-Saharan Africa,Least Developed Countries (LDCs),Low-Income Food-Deficit (LIFD),Landlocked developing countries (LLDCs),3297,98,Total,Reanalyzed,18155.4,1.8,rs,10.7,rs,18171.7,24.3,s,"September,2012-October,2012","Direction de la Nutrition, Ministère de la Santé.","Enquête nutritionnelle nationale 2012. Rapport final. Ouagadougou, Burkina Faso, 2012.",SMART,3125.547119140625,Age-Adjusted
BFA,BURKINA FASO,2013,2013,Africa,Western Africa,Sub-Saharan Africa,SSA,WCA,AFRO,Low Income,Sub-Saharan Africa,Least Developed Countries (LDCs),Low-Income Food-Deficit (LIFD),Landlocked developing countries (LLDCs),3328,795,Total,Reanalyzed,15289.5,1.6,rs,8.1,rs,15311.2,20.9,s,"August,2013-October,2013","Ministere de la Sante, Secretariat General","Enquete Nutritionnelle Nationale, Burkina Faso 2013",SMART,3200.943603515625,Age-Adjusted
BFA,BURKINA FASO,2014,2014,Africa,Western Africa,Sub-Saharan Africa,SSA,WCA,AFRO,Low Income,Sub-Saharan Africa,Least Developed Countries (LDCs),Low-Income Food-Deficit (LIFD),Landlocked developing countries (LLDCs),3329,796,Total,Reanalyzed,15859.1,1.7,rs,8.5,rs,15878.9,20.0,s,"September,2014-October,2014","Ministere de la Sante, Secretariat General","Enquete Nutritionnelle Nationale - Rapport final, Burkina Faso, Décembre 2014",SMART,3271.327392578125,Age-Adjusted
BFA,BURKINA FASO,2015,2015,Africa,Western Africa,Sub-Saharan Africa,SSA,WCA,AFRO,Low Income,Sub-Saharan Africa,Least Developed Countries (LDCs),Low-Income Food-Deficit (LIFD),Landlocked developing countries (LLDCs),3452,2666,Total,Reanalyzed,20393.4,2.1,rs,10.2,rs,20430.0,22.8,s,"November,2015-December,2015",Ministère de la Santé,Rapport Enquête Nutritionnelle Nationale SMART 2015,SMART,3334.74853515625,Age-Adjusted
BFA,BURKINA FASO,2016,2016,Africa,Western Africa,Sub-Saharan Africa,SSA,WCA,AFRO,Low Income,Sub-Saharan Africa,Least Developed Countries (LDCs),Low-Income Food-Deficit (LIFD),Landlocked developing countries (LLDCs),3298,848,Total,Reanalyzed,9668.7,1.4,rs,7.5,rs,9684.4,18.9,s,"September,2016-September,2016","Ministere de la Sante, Burkina Faso","Enquete Nutritionnelle Nationale 2016, Rapport Final, Decembre 2016, Burkina Faso",SMART,3388.12060546875,Age-Adjusted
BFA,BURKINA FASO,2017,2017,Africa,Western Africa,Sub-Saharan Africa,SSA,WCA,AFRO,Low Income,Sub-Saharan Africa,Least Developed Countries (LDCs),Low-Income Food-Deficit (LIFD),Landlocked developing countries (LLDCs),3360,2401,Total,Reanalyzed,19434.6,1.9,rs,8.6,rs,19503.9,16.2,s,"September,2017-October,2017",Ministère de la Santé;  Politique Nationale de Nutrition,"Enquête Nutritionnelle Nationale, Burkina Faso 2017",SMART,3427.89111328125,Age-Adjusted
BFA,BURKINA FASO,2018,2018,Africa,Western Africa,Sub-Saharan Africa,SSA,WCA,AFRO,Low Income,Sub-Saharan Africa,Least Developed Countries (LDCs),Low-Income Food-Deficit (LIFD),Landlocked developing countries (LLDCs),3383,2608,Total,Reanalyzed,23840.4,1.7,rs,8.4,rs,23868.8,17.7,s,"September,2018-October,2018","Ministere de la Sante, Secretariat General","Enquete Nutritionnelle Nationale, Burkina Faso 2018",SMART,3447.35302734375,Age-Adjusted
BFA,BURKINA FASO,2019,2019,Africa,Western Africa,Sub-Saharan Africa,SSA,WCA,AFRO,Low Income,Sub-Saharan Africa,Least Developed Countries (LDCs),Low-Income Food-Deficit (LIFD),Landlocked developing countries (LLDCs),3453,4161,Total,Reanalyzed,21635.0,1.0,s,8.1,s,21652.2,16.4,s,"October,2019-November,2019","Ministere de la Sante, Secretariat General","Enquete Nutritionnelle Nationale, Burkina Faso 2019",SMART,3442.8515625,Age-Adjusted
BFA,BURKINA FASO,2020,2020,Africa,Western Africa,Sub-Saharan Africa,SSA,WCA,AFRO,Low Income,Sub-Saharan Africa,Least Developed Countries (LDCs),Low-Income Food-Deficit (LIFD),Landlocked developing countries (LLDCs),4323,4269,Total,Reanalyzed,8092.4,1.6,b,9.7,b,8218.8,14.9,b,"February,2020-March,2020",Burkina Faso Ministry of Health; United States Center for Disease Control and Prevention,"Burkina Faso National Micronutrient Survey, 2020. Ouagadougou, Burkina Faso: Ministry of Health",Other,3416.615478515625,Age-Adjusted
BFA,BURKINA FASO,2020,2020,Africa,Western Africa,Sub-Saharan Africa,SSA,WCA,AFRO,Low Income,Sub-Saharan Africa,Least Developed Countries (LDCs),Low-Income Food-Deficit (LIFD),Landlocked developing countries (LLDCs),4325,4280,Total,Reanalyzed,22106.9,0.9,s,8.8,s,22039.2,12.7,s,"October,2020-November,2020","Ministere de la Sante, Secretariat General","Enquete Nutritionnelle Nationale, Burkina Faso 2020",SMART,3416.615478515625,Age-Adjusted
BFA,BURKINA FASO,2021,2021,Africa,Western Africa,Sub-Saharan Africa,SSA,WCA,AFRO,Low Income,Sub-Saharan Africa,Least Developed Countries (LDCs),Low-Income Food-Deficit (LIFD),Landlocked developing countries (LLDCs),9675,7136,Total,Reanalyzed,6322.0,2.2,,10.3,,6318.1,17.4,,"July,2021-November,2021",INSD et ICF,"Enquête Démographique et de Santé du Burkina Faso 2021. Ouagadougou, Burkina Faso et Rockville, Maryland, USA : INSD et ICF.",DHS,3384.156982421875,Age-Adjusted
BFA,BURKINA FASO,2021,2021,Africa,Western Africa,Sub-Saharan Africa,SSA,WCA,AFRO,Low Income,Sub-Saharan Africa,Least Developed Countries (LDCs),Low-Income Food-Deficit (LIFD),Landlocked developing countries (LLDCs),7316,3327,Total,Reanalyzed,2475624.2,0.9,rs 61,9.3,rs 61,2477233.2,16.9,s 61,"September,2021-October,2021",INSTEEBU,"Enquete Nationale du Nutrition, Burkina Faso 2021",SMART,3384.156982421875,Age-Adjusted
BDI,BURUNDI,1987,1987,Africa,Eastern Africa,Sub-Saharan Africa,SSA,ESA,AFRO,Low Income,Sub-Saharan Africa,Least Developed Countries (LDCs),Low-Income Food-Deficit (LIFD),Landlocked developing countries (LLDCs),92,99,Total,Reanalyzed,1983.1,1.9,rw 23,7.8,rw 23,1954.1,30.4,w 23,"March,1987-July,1987","Segamba L, Ndikumasabo V, Makinson C, Ayad M.","Enquête démographique et de la santé au Burundi, 1987. Demographic and Health Surveys. Gsitega, Burundi, 1988",DHS,1047.782470703125,Age-Adjusted
BDI,BURUNDI,2000,2000,Africa,Eastern Africa,Sub-Saharan Africa,SSA,ESA,AFRO,Low Income,Sub-Saharan Africa,Least Developed Countries (LDCs),Low-Income Food-Deficit (LIFD),Landlocked developing countries (LLDCs),2360,100,Total,Reanalyzed,2634.0,1.6,rs,8.1,rs,2345.0,39.1,s,"April,2000-May,2000",Institut de Statistique et d'Etudes Economiques du Burundi.,"Enquête nationale d'evaluation des conditions de vie de l'enfant et de la femme au Burundi (ENECEF-BURUNDI 2000): Rapport final (MICS). Bujumbura: République du Burundi and UNICEF, 2001",MICS,1158.5980224609375,Age-Adjusted
BDI,BURUNDI,2005,2005,Africa,Eastern Africa,Sub-Saharan Africa,SSA,ESA,AFRO,Low Income,Sub-Saharan Africa,Least Developed Countries (LDCs),Low-Income Food-Deficit (LIFD),Landlocked developing countries (LLDCs),3093,101,Total,Adjusted,7065.0,,,9.0,c,7065.0,35.2,c,"February,2005-March,2005","Ministère de la Santé Publique, Programme de lutte contre les maladies transmissibles et carentielles, World Food Programme, UNICEF.","Rapport de l'enquête nationale de nutrition de la population, 2005. Bujumbura, Burundi, October 2006",NNS,1394.947998046875,Age-Adjusted
BDI,BURUNDI,2010-2011,2010,Africa,Eastern Africa,Sub-Saharan Africa,SSA,ESA,AFRO,Low Income,Sub-Saharan Africa,Least Developed Countries (LDCs),Low-Income Food-Deficit (LIFD),Landlocked developing countries (LLDCs),3140,102,Total,Reanalyzed,3621.2,1.4,,6.0,,3646.2,29.1,,"August,2010-January,2011","Institut de Statistiques et d'Études Économiques du Burundi (ISTEEBU), Ministère de la Santé Publique et de la Lutte contre le Sida [Burundi] (MSPLS) et ICF International","Enquête démographique et de santé Burundi 2010. Demographic and Health Surveys. Bujumbura, Burundi : ISTEEBU, MSPLS, et ICF International, 2012",DHS,1819.6075439453125,Age-Adjusted
BDI,BURUNDI,2012,2012,Africa,Eastern Africa,Sub-Saharan Africa,SSA,ESA,AFRO,Low Income,Sub-Saharan Africa,Least Developed Countries (LDCs),Low-Income Food-Deficit (LIFD),Landlocked developing countries (LLDCs),4348,980,Total,Reported,,3.4,b,8.0,b,,27.9,b,"November,2012-December,2012",ISTEEBU,Enquête ménages pour le suivi et l’évaluation de l’impact de l’appui au système de remboursement du Paquet Minimum des Services de santé (Edition 2012),Other,1977.4849853515625,Age-Adjusted
BDI,BURUNDI,2016-2017,2016,Africa,Eastern Africa,Sub-Saharan Africa,SSA,ESA,AFRO,Low Income,Sub-Saharan Africa,Least Developed Countries (LDCs),Low-Income Food-Deficit (LIFD),Landlocked developing countries (LLDCs),3330,1351,Total,Reanalyzed,6452.9,0.9,,5.1,,6463.7,29.3,,"October,2016-March,2017","Ministère à la Présidence chargé de la Bonne Gouvernance et du Plan [Burundi] (MPBGP), Ministère de la Santé Publique et de la Lutte contre le Sida [Burundi] (MSPLS), Institut de Statistiques et d’Études Économiques du Burundi (ISTEEBU), et ICF","Troisième Enquête Démographique et de Santé. Bujumbura, Burundi : ISTEEBU, MSPLS, et ICF",DHS,2141.80810546875,Age-Adjusted
BDI,BURUNDI,2018,2018,Africa,Eastern Africa,Sub-Saharan Africa,SSA,ESA,AFRO,Low Income,Sub-Saharan Africa,Least Developed Countries (LDCs),Low-Income Food-Deficit (LIFD),Landlocked developing countries (LLDCs),3454,2397,Total,Reanalyzed,20801.4,0.8,rs,4.8,rs,20814.2,29.6,s,"February,2018-March,2018",ISTEEBU; Proniatnut/MoH; UNICEF,"Enquete Nationale sur la Situation Nutritionnelle et la Mortalite sur la Mortalite Basee Sur La Methodologie SMART, Burundi; Rapport Principal",SMART,2141.638916015625,Age-Adjusted
BDI,BURUNDI,2018-2019,2019,Africa,Eastern Africa,Sub-Saharan Africa,SSA,ESA,AFRO,Low Income,Sub-Saharan Africa,Least Developed Countries (LDCs),Low-Income Food-Deficit (LIFD),Landlocked developing countries (LLDCs),3384,3551,Total,Reanalyzed,12017.7,1.0,s,4.8,s,12064.4,27.0,s,"December,2018-January,2019",Institut de Statistiques et d'Etudes Economique du Burundi,"Enquete Nationale sur la Situation Nutritionnelle et la Securite Alimentaire au Burundi (ENSNSAB), Decembre 2018",SMART,2138.5,Age-Adjusted
BDI,BURUNDI,2020,2020,Africa,Eastern Africa,Sub-Saharan Africa,SSA,ESA,AFRO,Low Income,Sub-Saharan Africa,Least Developed Countries (LDCs),Low-Income Food-Deficit (LIFD),Landlocked developing countries (LLDCs),7301,6295,Total,Reanalyzed,27066.9,0.9,rs,5.7,rs,27055.2,27.7,s,"August,2020-September,2020",Institut de Statistiques et d'Etudes Economique du Burundi,"Enquete Nationale sur la Situation Nutritionnelle et Mortalite au Burundi (ENSNMB), Edition 2020",SMART,2134.25439453125,Age-Adjusted
BDI,BURUNDI,2022,2022,Africa,Eastern Africa,Sub-Saharan Africa,SSA,ESA,AFRO,Low Income,Sub-Saharan Africa,Least Developed Countries (LDCs),Low-Income Food-Deficit (LIFD),Landlocked developing countries (LLDCs),9756,8935,Total,Reported,,1.4,b,5.0,b,,27.6,,"March,2022-March,2022",Ministère de la Santé Publique et de Lutte contre le Sida (MSPLS)," Enquete Nationale sur la Situation Nutritrionnelle et de Mortalite Au Burundi (ENSNMB 2022) basée sur la méthodologie SMART, mars 2022",SMART,2148.639404296875,Age-Adjusted
BDI,BURUNDI,2023,2023,Africa,Eastern Africa,Sub-Saharan Africa,SSA,ESA,AFRO,Low Income,Sub-Saharan Africa,Least Developed Countries (LDCs),Low-Income Food-Deficit (LIFD),Landlocked developing countries (LLDCs),11760,9219,Total,Reported,,1.3,q,4.7,q,,28.0,,"April,2023-May,2023",Institut National de la Statistique du Burundi,"Enquête ménage pour le suivi et l’évaluation de l’impact de l’appui au système de remboursement du Paquet Minimum des Services de santé, édition 2023 (PMS 2023) ",Other,2167.23388671875,Age-Adjusted
BDI,BURUNDI,2023,2023,Africa,Eastern Africa,Sub-Saharan Africa,SSA,ESA,AFRO,Low Income,Sub-Saharan Africa,Least Developed Countries (LDCs),Low-Income Food-Deficit (LIFD),Landlocked developing countries (LLDCs),10680,9157,Total,Reported,,1.7,b,5.8,b,,29.3,b,"August,2023-September,2023",WFP; MINEAGRIE; INSBU,"Etat de la Sécurité Alimentaire au Burundi: Analyse Globale de la Vulnérabilité, de la Sécurité Alimentaire et de la Nutrition au Burundi (AGVSAN 2023)",CFSVA,2167.23388671875,Age-Adjusted
BDI,BURUNDI,2024,2024,Africa,Eastern Africa,Sub-Saharan Africa,SSA,ESA,AFRO,Low Income,Sub-Saharan Africa,Least Developed Countries (LDCs),Low-Income Food-Deficit (LIFD),Landlocked developing countries (LLDCs),11759,9220,Total,Reported,,2.1,b,7.8,b,,28.3,,"January,2024-February,2024",Ministère de la Santé Publique,Enquete Nationale sur la Situation Nutritrionnelle et de Mortalite Au Burundi (ENSNMB 2024) basée sur la méthodologie SMART,SMART,2186.590576171875,Age-Adjusted
CPV,CABO VERDE,1985,1985,Africa,Western Africa,Sub-Saharan Africa,SSA,WCA,AFRO,Lower Middle Income,Sub-Saharan Africa,,,Small island developing States (SIDS),23,103,Total,Adjusted,9450.0,,,4.2,bc,9450.0,13.7,bc,"January,1985-September,1985","Reitmaier P, Dupret A, Cutting WAM.",Better health data with a portable microcomputer at the periphery: an anthropometric survey in Cape Verde. Bulletin of the World Health Organization 1987;65:651-657,NNS,63.02899932861328,Age-Adjusted
CPV,CABO VERDE,1994,1994,Africa,Western Africa,Sub-Saharan Africa,SSA,WCA,AFRO,Lower Middle Income,Sub-Saharan Africa,,,Small island developing States (SIDS),1972,104,Total,Adjusted,1610.0,,,6.9,c,1610.0,11.8,c,"November,1994-December,1994","Ferreira Medina JB, Skard T, Sobhy S, America Ungaretti M.","A saude das crianças menores de cinco anos em Cabo Verde. Ministério de Saude e Promoçao Social e UNICEF. Cabo Verde, 1996",Other,67.98650360107422,Age-Adjusted
CPV,CABO VERDE,2018,2018,Africa,Western Africa,Sub-Saharan Africa,SSA,WCA,AFRO,Lower Middle Income,Sub-Saharan Africa,,,Small island developing States (SIDS),4370,3230,Total,Reported,1198.0,0.5,,2.4,,1103.0,2.2,,"February,2018-May,2018","Instituto Nacional de Estatística (INE), Ministério da Saúde e da Segurança Social, e Utica
International.","Inquérito Demográfico e de Saúde Reprodutiva, IDSR-III, Cabo Verde 2018. Praia, Cabo Verde e Columbia, Maryland, USA",DHS-Style,47.11349868774414,Age-Adjusted
KHM,CAMBODIA,1996,1996,Asia,South-Eastern Asia,Eastern Asia and South-eastern Asia,EAP,EAP,WPRO,Lower Middle Income,East Asia & Pacific,Least Developed Countries (LDCs),,,2086,105,Total,Reanalyzed,2165.1,4.5,,13.4,,2234.9,42.6,,"May,1996-December,1996",Ministry of Planning.,"Socio economic survey of Cambodia 1996: National Institute of Statistics. Phnom Penh, Cambodia, 1997",Other,1861.814453125,Age-Adjusted
KHM,CAMBODIA,2000,2000,Asia,South-Eastern Asia,Eastern Asia and South-eastern Asia,EAP,EAP,WPRO,Lower Middle Income,East Asia & Pacific,Least Developed Countries (LDCs),,,2312,106,Total,Reanalyzed,3473.7,7.5,,17.1,,3617.4,39.7,,"February,2000-July,2000","National Institute of Statistics, Directorate General for Health [Cambodia], and ORC Macro.","Cambodia demographic and health survey 2000. Demographic and Health Surveys. Phnom Penh, Cambodia, and Calverton, Maryland, USA: National Institute of Statistics, Directorate General for Health, and ORC Macro, 2001",DHS,1718.1695556640625,Age-Adjusted
KHM,CAMBODIA,2005-2006,2005,Asia,South-Eastern Asia,Eastern Asia and South-eastern Asia,EAP,EAP,WPRO,Lower Middle Income,East Asia & Pacific,Least Developed Countries (LDCs),,,2801,107,Total,Reanalyzed,3625.3,1.8,,8.5,,3696.0,28.3,,"September,2005-March,2006","National Institute of Public Health, National Institute of Statistics [Cambodia] and ORC Macro.","Cambodia demographic and health survey 2005. Demographic and Health Surveys. Phnom Penh, Cambodia and Calverton, Maryland, USA: National Institute of Public Health, National Institute of Statistics and ORC Macro, 2006",DHS,1627.49951171875,Age-Adjusted
KHM,CAMBODIA,2008,2008,Asia,South-Eastern Asia,Eastern Asia and South-eastern Asia,EAP,EAP,WPRO,Lower Middle Income,East Asia & Pacific,Least Developed Countries (LDCs),,,2931,108,Total,Reanalyzed,49885860.0,1.9,r,9.1,r,49833504.0,28.3,,"November,2008-November,2008","National Institute of Statistics, Ministry of Planning and UNICEF Cambodia.","Cambodia anthropometrics survey 2008. Phnom Penh, Cambodia: National Institute of Statistics, Ministry of Planning and UNICEF Cambodia, 2009",Other,1645.2664794921875,Age-Adjusted
KHM,CAMBODIA,2010-2011,2010,Asia,South-Eastern Asia,Eastern Asia and South-eastern Asia,EAP,EAP,WPRO,Lower Middle Income,East Asia & Pacific,Least Developed Countries (LDCs),,,3097,109,Total,Reanalyzed,4020.9,2.7,,11.0,,4087.2,28.9,,"July,2010-January,2011","National Institute of Statistics, Directorate General for Health, and ICF Macro.","Cambodia demographic and health survey 2010. Demographic and Health Surveys. Phnom Penh, Cambodia and Calverton, Maryland, USA: National Institute of Statistics, Directorate General for Health, and ICF Macro, 2011",DHS,1703.4150390625,Age-Adjusted
KHM,CAMBODIA,2014,2014,Asia,South-Eastern Asia,Eastern Asia and South-eastern Asia,EAP,EAP,WPRO,Lower Middle Income,East Asia & Pacific,Least Developed Countries (LDCs),,,3252,110,Total,Reanalyzed,4925.8,2.5,,9.7,,5005.2,24.1,,"June,2014-November,2014","National Institute of Statistics, Ministry of Health, ICF International.","Cambodia Demographic and Health Survey 2014. Phnom Penh, Cambodia, and Rockville, Maryland, USA: National Institute of Statistics, Directorate General for Health, and ICF International.",DHS,1767.8785400390625,Age-Adjusted
KHM,CAMBODIA,2021-2022,2021,Asia,South-Eastern Asia,Eastern Asia and South-eastern Asia,EAP,EAP,WPRO,Lower Middle Income,East Asia & Pacific,Least Developed Countries (LDCs),,,9455,6914,Total,Reanalyzed,4159.6,2.4,,9.6,,4233.7,16.3,,"September,2021-February,2022","National Institute of Statistics (NIS) [Cambodia], Ministry of Health (MoH) [Cambodia], and ICF","Cambodia Demographic and Health Survey 2021–22 Final Report. Phnom Penh, Cambodia, and Rockville,  Maryland, USA: NIS, MoH, and ICF.",DHS,1824.64453125,Age-Adjusted
CMR,CAMEROON,1991,1991,Africa,Middle Africa,Sub-Saharan Africa,SSA,WCA,AFRO,Lower Middle Income,Sub-Saharan Africa,,Low-Income Food-Deficit (LIFD),,375,111,Total,Reanalyzed,2809.8,1.1,,4.5,,2421.3,12.9,p,"April,1991-September,1991","Balépa M, Fotso M, Barrère B.","Enquête démographique et de santé Cameroun, 1991. Demographic and Health Surveys. Yaoundé, République du Cameroun, 1992",DHS,2131.62841796875,Age-Adjusted
CMR,CAMEROON,1998,1998,Africa,Middle Africa,Sub-Saharan Africa,SSA,WCA,AFRO,Lower Middle Income,Sub-Saharan Africa,,Low-Income Food-Deficit (LIFD),,1928,112,Total,Reanalyzed,1976.6,2.1,b,7.3,b,2052.8,18.1,b,"February,1998-June,1998","Fotso M, Ndonou R, Libité PR, Tsafack M, Wakou R, Ghapoutsa A, et al.","Enquete démographique et de santé, Cameroun 1998. Demographic and Health Surveys. Calverton, Maryland, U.S.A. : Bureau Central des Recensements et des Études de Population et Macro International Inc., 1999",DHS,2439.77587890625,Age-Adjusted
CMR,CAMEROON,2004,2004,Africa,Middle Africa,Sub-Saharan Africa,SSA,WCA,AFRO,Lower Middle Income,Sub-Saharan Africa,,Low-Income Food-Deficit (LIFD),,2698,113,Total,Reanalyzed,3873.8,2.3,,6.2,,3867.0,15.1,,"February,2004-August,2004",Institut National de la Statistique (INS) et ORC Macro.,"Enquête démographique et de santé du Cameroun 2004. Demographic and Health Surveys. Calverton, Maryland, USA: INS et ORC Macro, 2004",DHS,2839.25048828125,Age-Adjusted
CMR,CAMEROON,2006,2006,Africa,Middle Africa,Sub-Saharan Africa,SSA,WCA,AFRO,Lower Middle Income,Sub-Saharan Africa,,Low-Income Food-Deficit (LIFD),,2896,114,Total,Reanalyzed,5932.7,2.6,,7.6,,6076.6,16.5,,"May,2006-June,2006",Institut National de la Statistique et UNICEF.,"Cameroun: Suivi de la situation des enfants et des femmes. Enquête par grappee à indicateurs multiples 2006. Rapport principal. Yaoundé, Cameroun: Institut National de la Statistique et UNICEF, 2008",MICS,3023.340576171875,Age-Adjusted
CMR,CAMEROON,2011,2011,Africa,Middle Africa,Sub-Saharan Africa,SSA,WCA,AFRO,Lower Middle Income,Sub-Saharan Africa,,Low-Income Food-Deficit (LIFD),,3130,115,Total,Reanalyzed,6033.2,2.0,,5.7,,6014.5,15.2,,"January,2011-August,2011",Institut National de la Statistique (INS) et ICF International.,"Enquête démographique et de santé et à indicateurs multiples du Cameroun 2011. Demographic and Health Surveys and MICS. Calverton, Maryland, USA : INS et ICF International, 2012",DHS,3465.16552734375,Age-Adjusted
CMR,CAMEROON,2014,2014,Africa,Middle Africa,Sub-Saharan Africa,SSA,WCA,AFRO,Lower Middle Income,Sub-Saharan Africa,,Low-Income Food-Deficit (LIFD),,3282,116,Total,Reanalyzed,6736.8,1.3,,5.2,,6775.6,14.8,,"June,2014-October,2014",Institut National de la Statistique.,"Enquête par grappes à indicateurs multiples (MICS5), 2014, Rapport Final. Yaoundé, Cameroun, Institut National de la Statistique",MICS,3676.285400390625,Age-Adjusted
CMR,CAMEROON,2018-2019,2018,Africa,Middle Africa,Sub-Saharan Africa,SSA,WCA,AFRO,Lower Middle Income,Sub-Saharan Africa,,Low-Income Food-Deficit (LIFD),,3385,3085,Total,Reanalyzed,5267.5,1.6,,4.3,,5342.9,11.0,,"June,2018-January,2019","Institut National de la Statistique (INS), et ICF","Enquête Démographique et de Santé du Cameroun 2018. Yaoundé, Cameroun et Rockville, Maryland, USA : INS et ICF. 2020",DHS,4044.314453125,Age-Adjusted
CAF,CENTRAL AFRICAN REPUBLIC,1994-1995,1994,Africa,Middle Africa,Sub-Saharan Africa,SSA,WCA,AFRO,Low Income,Sub-Saharan Africa,Least Developed Countries (LDCs),Low-Income Food-Deficit (LIFD),Landlocked developing countries (LLDCs),1563,118,Total,Reanalyzed,2395.7,2.2,b,8.1,b,2398.5,23.7,b,"September,1994-March,1995","Ndamobissi R, Mboup G, Nguélébé EO.","Enquête demographique et de santé République Centrafricaine 1994-95. Demographic and Health Surveys. Calverton, Maryland, USA: Direction des Statistiques Démographiques et Sociales et Macro Inc., 1995",DHS,591.7885131835938,Age-Adjusted
CAF,CENTRAL AFRICAN REPUBLIC,2000,2000,Africa,Middle Africa,Sub-Saharan Africa,SSA,WCA,AFRO,Low Income,Sub-Saharan Africa,Least Developed Countries (LDCs),Low-Income Food-Deficit (LIFD),Landlocked developing countries (LLDCs),2729,119,Total,Reanalyzed,12987.4,4.7,r,10.4,r,11700.0,21.3,,"April,2000-August,2000","Ministère de Plan et de la Cooperation Internationale, Division des Statistiques et des Etudes Economiques, Bureau Central du Recensement and UNICEF.","Enquête à indicateurs mutliples - MICS 2000. Rapport Final. Bangui, République Centrafricaine: BBA editions, 2001",MICS,665.1224975585938,Age-Adjusted
CAF,CENTRAL AFRICAN REPUBLIC,2006,2006,Africa,Middle Africa,Sub-Saharan Africa,SSA,WCA,AFRO,Low Income,Sub-Saharan Africa,Least Developed Countries (LDCs),Low-Income Food-Deficit (LIFD),Landlocked developing countries (LLDCs),3122,120,Total,Reanalyzed,8713.8,5.0,,12.1,,7775.0,26.1,,"June,2006-November,2006","Ministère du Plan, de l'Economie et de la Coopération International, Institut Centrafricain des Statistiques et des Etudes Economiques et Sociales.","Suivi de la situation des enfants et des femmes. MICS-3 Résultats de l'enquête nationale à indicateurs multiples couplée avec la sérologie VIH et enémie en RCA 2006. Bangui, Republique Centrafricaine: ICASEES, 2009",MICS,757.6165161132812,Age-Adjusted
CAF,CENTRAL AFRICAN REPUBLIC,2010-2011,2010,Africa,Middle Africa,Sub-Saharan Africa,SSA,WCA,AFRO,Low Income,Sub-Saharan Africa,Least Developed Countries (LDCs),Low-Income Food-Deficit (LIFD),Landlocked developing countries (LLDCs),3212,121,Total,Reanalyzed,10255.5,1.9,s,7.4,s,10232.4,23.5,s,"July,2010-January,2011","Institut Centrafricain des Statistiques, et des Etudes Economiques et Sociales (ICASEES).","Suivi de la situation des enfants, des femmes et des hommes. Enquête par grappes à indicateurs multiples - MICS couplée avec la sérologie VIH, RCA, 2010: Rapport final. Bangui, RCA: ICASEES, 2012.",MICS,776.39501953125,Age-Adjusted
CAF,CENTRAL AFRICAN REPUBLIC,2012,2012,Africa,Middle Africa,Sub-Saharan Africa,SSA,WCA,AFRO,Low Income,Sub-Saharan Africa,Least Developed Countries (LDCs),Low-Income Food-Deficit (LIFD),Landlocked developing countries (LLDCs),3361,986,Total,Reanalyzed,15323.1,1.6,s,7.4,s,15457.8,24.5,s,"May,2012-July,2012","ICASEES, Ministère du Plan et de l'Economie, Ministère de la Santé Publique, de la Population et de la Lutte contre le Sida","Enquete Nationale Sur La Situation Nutritionnele et la Mortalite en Republique Centrafricaine, Rapport Finale Du 30 Mai au 15 Juillet 2012",SMART,835.5964965820312,Age-Adjusted
CAF,CENTRAL AFRICAN REPUBLIC,2014,2014,Africa,Middle Africa,Sub-Saharan Africa,SSA,WCA,AFRO,Low Income,Sub-Saharan Africa,Least Developed Countries (LDCs),Low-Income Food-Deficit (LIFD),Landlocked developing countries (LLDCs),3455,797,Total,Reanalyzed,13027.9,1.3,rs,6.2,rs,13042.3,20.0,s,"July,2014-September,2014",Ministere de la Sante et de la Population; Ministere de l'Economie du Plan et de la Cooperation; ICASEES,"Enquete Nationale sur la Situation Nutritionnelle et la Mortalite en Republique Centrafricaine, 2014",SMART,883.8314819335938,Age-Adjusted
CAF,CENTRAL AFRICAN REPUBLIC,2018,2018,Africa,Middle Africa,Sub-Saharan Africa,SSA,WCA,AFRO,Low Income,Sub-Saharan Africa,Least Developed Countries (LDCs),Low-Income Food-Deficit (LIFD),Landlocked developing countries (LLDCs),3386,3167,Total,Reanalyzed,15443.0,1.6,rs,6.5,rs,15466.0,19.7,s,"September,2018-October,2018",Ministere de la Sante et de la Population; Ministere de l'Economie du Plan et de la Cooperation,"Enquete Nationale sur la Situation Nutritionnelle et la Mortalite en Republique Centrafricaine, 2018",SMART,906.7354736328125,Age-Adjusted
CAF,CENTRAL AFRICAN REPUBLIC,2018-2019,2019,Africa,Middle Africa,Sub-Saharan Africa,SSA,WCA,AFRO,Low Income,Sub-Saharan Africa,Least Developed Countries (LDCs),Low-Income Food-Deficit (LIFD),Landlocked developing countries (LLDCs),3456,4428,Total,Reanalyzed,8741.4,1.5,,5.4,,8734.4,21.5,,"December,2018-June,2019",ICASEES,"MICS6-RCA Enquête par grappes à indicateurs multiples 2018-2019, Rapport final. Bangui, République Centrafricaine : ICASEES",MICS,910.239990234375,Age-Adjusted
CAF,CENTRAL AFRICAN REPUBLIC,2019,2019,Africa,Middle Africa,Sub-Saharan Africa,SSA,WCA,AFRO,Low Income,Sub-Saharan Africa,Least Developed Countries (LDCs),Low-Income Food-Deficit (LIFD),Landlocked developing countries (LLDCs),3457,4166,Total,Reanalyzed,12100.2,0.9,rs 64,5.2,rs 64,12116.6,20.5,s 64,"September,2019-December,2019",Ministere de la Sante et de la Population; Ministere de l'Economie du Plan et de la Cooperation,"Enquete Nationale sur la Situation Nutritionnelle et la Mortalite en Republique Centrafricaine, 2019",SMART,910.239990234375,Age-Adjusted
CAF,CENTRAL AFRICAN REPUBLIC,2022,2022,Africa,Middle Africa,Sub-Saharan Africa,SSA,WCA,AFRO,Low Income,Sub-Saharan Africa,Least Developed Countries (LDCs),Low-Income Food-Deficit (LIFD),Landlocked developing countries (LLDCs),1559,8990,Total,Reported,,1.6,b,5.2,b,,18.4,,"September,2022-October,2022",L’Institut Centrafricain des Statistiques et des Études Économiques et Sociales (ICASEES); Le Ministère de la Santé et de la Population,Enquête nationale sur la situation nutritionnelle et de mortalité rétrospective selon la méthodologie SMART en République Centrafricaine 2022,SMART,934.5369873046875,Age-Adjusted
TCD,CHAD,1996-1997,1997,Africa,Middle Africa,Sub-Saharan Africa,SSA,WCA,AFRO,Low Income,Sub-Saharan Africa,Least Developed Countries (LDCs),Low-Income Food-Deficit (LIFD),Landlocked developing countries (LLDCs),1837,122,Total,Reanalyzed,5874.0,6.1,,16.5,,5913.0,34.3,,"December,1996-July,1997","Ougadjio, Bandoumal, Nodjimadji K, Ngonirir JN, Ngakoutou N, Ignégongba K et al.","Enquête démographique et de santé, Tschad 1996-97. Demographic and Health Surveys. Calverton, Maryland, USA: Bureau Central du Recensement et Macro International Inc., 1998",DHS,1579.3890380859375,Age-Adjusted
TCD,CHAD,2000,2000,Africa,Middle Africa,Sub-Saharan Africa,SSA,WCA,AFRO,Low Income,Sub-Saharan Africa,Least Developed Countries (LDCs),Low-Income Food-Deficit (LIFD),Landlocked developing countries (LLDCs),2359,123,Total,Reanalyzed,5217.2,4.2,,13.9,,5191.0,29.2,,"May,2000-October,2000","Republique de Tchad, Ministère de la Promotion Economique et du Developpement et UNICEF (Tchad)","Enquête par grappes à indicateurs multiples: Rapport complet (MICS). N'Djamena: Direction Generale, Direction de la Statistique, des Etudes Economiques et Demographiques, Bureau Central de Recensement et UNICEF, 2001",MICS,1754.490478515625,Age-Adjusted
TCD,CHAD,2004,2004,Africa,Middle Africa,Sub-Saharan Africa,SSA,WCA,AFRO,Low Income,Sub-Saharan Africa,Least Developed Countries (LDCs),Low-Income Food-Deficit (LIFD),Landlocked developing countries (LLDCs),2760,124,Total,Reanalyzed,4709.7,6.5,,16.2,,4871.5,33.9,,"July,2004-December,2004","Ouagadjio, Bandoumal,  Nodjimadji K, Bagamla T, Madnodji R, Sibaye J, et al.","Enquête démographique et de santé Tchad 2004. Demographic and Health Surveys. Calverton, Maryland, U.S.A. : INSEED et ORC Macro, 2005",DHS,1999.4405517578125,Age-Adjusted
TCD,CHAD,2010,2010,Africa,Middle Africa,Sub-Saharan Africa,SSA,WCA,AFRO,Low Income,Sub-Saharan Africa,Least Developed Countries (LDCs),Low-Income Food-Deficit (LIFD),Landlocked developing countries (LLDCs),3213,125,Total,Reanalyzed,14917.4,6.3,s,16.3,s,12706.2,30.3,s,"January,2010-May,2010","Ministère du Plan, de l'Economie et de la Coopération Internationale, Institut National de la Statistique, des Études Économiques et Démographiques.","Enquête par grappes à indicateurs multiples (MICS), Tchad 2010: Rapport final. N'Djamena, République du Tchad, 2011",MICS,2492.241943359375,Age-Adjusted
TCD,CHAD,2014-2015,2015,Africa,Middle Africa,Sub-Saharan Africa,SSA,WCA,AFRO,Low Income,Sub-Saharan Africa,Least Developed Countries (LDCs),Low-Income Food-Deficit (LIFD),Landlocked developing countries (LLDCs),3279,126,Total,Reanalyzed,11349.6,4.4,,13.3,,11253.2,29.4,,"October,2014-April,2015","Institut National de la Statistique, des Études Économiques et Démographiques (INSEED), Ministère de la Santé Publique (MSP) et ICF International.","Enquête Démographique et de Santé et à Indicateurs Multiples du Tchad 2014-2015. Rockville, Maryland, USA: INSEED, MSP et ICF International, 2016.",DHS,2893.31201171875,Age-Adjusted
TCD,CHAD,2015,2015,Africa,Middle Africa,Sub-Saharan Africa,SSA,WCA,AFRO,Low Income,Sub-Saharan Africa,Least Developed Countries (LDCs),Low-Income Food-Deficit (LIFD),Landlocked developing countries (LLDCs),4478,1581,Total,Reanalyzed,12937.0,2.8,s,12.5,s,12895.0,25.0,s,"October,2015-November,2015",Le Centre National de Nutrition et Technologie Alimentaire (CNNTA) du Ministere de la Sante Publique; UNICEF Chad,Evaluation Nationale de la Situation Nutritionnelle par la Methodologie SMART au Tchad: Rapport Finale,SMART,2893.31201171875,Age-Adjusted
TCD,CHAD,2017,2017,Africa,Middle Africa,Sub-Saharan Africa,SSA,WCA,AFRO,Low Income,Sub-Saharan Africa,Least Developed Countries (LDCs),Low-Income Food-Deficit (LIFD),Landlocked developing countries (LLDCs),3458,1978,Total,Reanalyzed,91273.1,3.6,rs,13.5,rs,91845.0,24.3,s,"July,2017-August,2017","Direction de la Nutrition et de Technologie Alimentaire, Ministère de la Santé","Enquete Nationale de Nutrition chez les Enfants de 0  à 59 mois, Periode: Juillet - Août, 2017",SMART,3036.259033203125,Age-Adjusted
TCD,CHAD,2018,2018,Africa,Middle Africa,Sub-Saharan Africa,SSA,WCA,AFRO,Low Income,Sub-Saharan Africa,Least Developed Countries (LDCs),Low-Income Food-Deficit (LIFD),Landlocked developing countries (LLDCs),3459,2663,Total,Reported,,4.1,b,13.6,b,,24.7,,"September,2018-September,2018",Ministere de la Sante Publique,Enquete Nationale De Nutrition et de Mortalite Retrospecive chez les Enfants et la Population Generale selon la Méthodologie SMART 2018,SMART,3106.513916015625,Age-Adjusted
TCD,CHAD,2019,2019,Africa,Middle Africa,Sub-Saharan Africa,SSA,WCA,AFRO,Low Income,Sub-Saharan Africa,Least Developed Countries (LDCs),Low-Income Food-Deficit (LIFD),Landlocked developing countries (LLDCs),3460,3831,Total,Reanalyzed,12358.6,2.6,s,12.0,s,12417.0,23.6,s,"August,2019-August,2019",Ministere de la Sante Publique,Rapport de l’enquête nationale de nutrition 2019 réalisée par la méthodologie SMART,SMART,3179.050048828125,Age-Adjusted
TCD,CHAD,2019,2019,Africa,Middle Africa,Sub-Saharan Africa,SSA,WCA,AFRO,Low Income,Sub-Saharan Africa,Least Developed Countries (LDCs),Low-Income Food-Deficit (LIFD),Landlocked developing countries (LLDCs),3542,1561,Total,Reanalyzed,21288.7,4.5,,13.9,,21612.4,29.2,,"May,2019-December,2019",INSEED et UNICEF,"MICS6-Tchad, 2019, Rapport final. N’Djamena, Tchad.",MICS,3179.050048828125,Age-Adjusted
TCD,CHAD,2020,2020,Africa,Middle Africa,Sub-Saharan Africa,SSA,WCA,AFRO,Low Income,Sub-Saharan Africa,Least Developed Countries (LDCs),Low-Income Food-Deficit (LIFD),Landlocked developing countries (LLDCs),4480,4576,Total,Reanalyzed,13935.0,2.1,s,9.5,s,13907.0,18.9,s,"November,2020-December,2020",Ministère de la Santé Publique et de la Solidarité Nationale; Direction de la Nutrition et de Technologie Alimentaire,Rapport final de l’enquête nationale de nutrition 2020 réalisée par la méthodologie SMART,SMART,3254.06201171875,Age-Adjusted
TCD,CHAD,2021,2021,Africa,Middle Africa,Sub-Saharan Africa,SSA,WCA,AFRO,Low Income,Sub-Saharan Africa,Least Developed Countries (LDCs),Low-Income Food-Deficit (LIFD),Landlocked developing countries (LLDCs),7302,5288,Total,Reanalyzed,13612.9,1.8,s,10.2,s,13654.5,21.4,s,"September,2021-September,2021",Ministère de la Sante publique,"Enquete Nationale de Nutrition SMART 2021, Chad",SMART,3337.177490234375,Age-Adjusted
TCD,CHAD,2022,2022,Africa,Middle Africa,Sub-Saharan Africa,SSA,WCA,AFRO,Low Income,Sub-Saharan Africa,Least Developed Countries (LDCs),Low-Income Food-Deficit (LIFD),Landlocked developing countries (LLDCs),9823,8947,Total,Reanalyzed,12921.3,1.5,s,7.8,s,12908.6,18.2,s,"November,2022-November,2022","La Direction de la Nutrition et de Technologie Alimentaire (DNTA) du Ministère de la Santé Publique et de la Prévention; La section Survie et Développement de l’Enfant (CSD), UNICEF
","Enquête nationale de nutrition et de mortalité retrospective SMART, Tchad 2022",SMART,3431.64794921875,Age-Adjusted
CHL,CHILE,1986,1986,Latin America and the Caribbean,South America,Latin America and the Caribbean,LAC,LAC,AMRO,High Income,Latin America & Caribbean,,,,190,127,Total,Adjusted,196467.0,,,0.7,c,196467.0,2.2,c,"December,1986-December,1986","Ministerio de Salud, SISVAN.","Estado nutricional de la poblacion infantil, 1986. Santiago, Republica de Chile, 1987",Other,1335.137451171875,Age-Adjusted
CHL,CHILE,1994,1994,Latin America and the Caribbean,South America,Latin America and the Caribbean,LAC,LAC,AMRO,High Income,Latin America & Caribbean,,,,1278,128,Total,Adjusted,1181816.0,,,0.5,c,1181816.0,0.8,c,,Ministerio de Salud.,"National health service system. Santiago: Nutrition Unit, 1994",Admin,1441.3289794921875,Age-Adjusted
CHL,CHILE,1995,1995,Latin America and the Caribbean,South America,Latin America and the Caribbean,LAC,LAC,AMRO,High Income,Latin America & Caribbean,,,,1641,129,Total,Adjusted,,,,0.5,c,,0.8,c,,Ministerio de Salud.,"National health service system. Santiago, Chile, December 1995",Admin,1429.8199462890625,Age-Adjusted
CHL,CHILE,1996,1996,Latin America and the Caribbean,South America,Latin America and the Caribbean,LAC,LAC,AMRO,High Income,Latin America & Caribbean,,,,1819,130,Total,Adjusted,1148353.0,,,0.5,c,1148353.0,0.7,c,,Ministerio de Salud.,"National health service system, 1996. Santiago, Chile, 1997",Admin,1413.179443359375,Age-Adjusted
CHL,CHILE,1998,1998,Latin America and the Caribbean,South America,Latin America and the Caribbean,LAC,LAC,AMRO,High Income,Latin America & Caribbean,,,,2084,131,Total,Adjusted,1063064.0,,,0.6,c,1063064.0,0.7,c,,Ministerio de Salud.,"Boletin anual de vigilancia nutricional, año 1998. Departamento Coordinacion e Informatica. Santiago, Republica de Chile, 1999",Admin,1369.7230224609375,Age-Adjusted
CHL,CHILE,1999,1999,Latin America and the Caribbean,South America,Latin America and the Caribbean,LAC,LAC,AMRO,High Income,Latin America & Caribbean,,,,2085,132,Total,Adjusted,1031657.0,,,0.5,c,1031657.0,0.7,c,,Ministerio de Salud.,"Boletin anual de vigilancia nutricional, año 1999. Departamento Coordinacion e Informatica. Santiago, Republica de Chile, 2000",Admin,1344.4739990234375,Age-Adjusted
CHL,CHILE,2001,2001,Latin America and the Caribbean,South America,Latin America and the Caribbean,LAC,LAC,AMRO,High Income,Latin America & Caribbean,,,,2452,133,Total,Adjusted,1002454.0,,,0.5,c,1002454.0,0.7,c,,"Ministerio de Salud, Departamento de Estadisticas e Informacion.","National health service system. Santiago, Chile, 2001",Admin,1289.344970703125,Age-Adjusted
CHL,CHILE,2002,2002,Latin America and the Caribbean,South America,Latin America and the Caribbean,LAC,LAC,AMRO,High Income,Latin America & Caribbean,,,,2453,134,Total,Adjusted,1022552.0,,,0.5,c,1022552.0,0.7,c,,"Ministerio de Salud, Departamento de Estadisticas e Informacion.","National health service system. Santiago, Chile, 2002",Admin,1263.803466796875,Age-Adjusted
CHL,CHILE,2003,2003,Latin America and the Caribbean,South America,Latin America and the Caribbean,LAC,LAC,AMRO,High Income,Latin America & Caribbean,,,,2679,135,Total,Adjusted,1022896.0,,,0.5,c,1022896.0,0.6,c,,"Ministerio de Salud, Departamento de Estadísticas e Información de Salud.","National health service system. Santiago, Chile, 2003",Admin,1238.679443359375,Age-Adjusted
CHL,CHILE,2004,2004,Latin America and the Caribbean,South America,Latin America and the Caribbean,LAC,LAC,AMRO,High Income,Latin America & Caribbean,,,,3558,136,Total,Adjusted,1008335.0,,,0.5,c,1008335.0,0.6,c,,"Ministerio de Salud, Departamento de Estadísticas e Información de Salud.","National health service system. Santiago, Chile, 2004",Admin,1215.7110595703125,Age-Adjusted
CHL,CHILE,2006,2006,Latin America and the Caribbean,South America,Latin America and the Caribbean,LAC,LAC,AMRO,High Income,Latin America & Caribbean,,,,3084,137,Total,Adjusted,973578.0,,,0.5,c,973578.0,0.6,c,,"Ministerio de Salud, Departamento de Estadísticas e Información de Salud.","National health service system. Santiago, Chile, 2006.",Admin,1176.9195556640625,Age-Adjusted
CHL,CHILE,2007,2007,Latin America and the Caribbean,South America,Latin America and the Caribbean,LAC,LAC,AMRO,High Income,Latin America & Caribbean,,,,2869,138,Total,Reported,946528.0,,,0.3,v 1,946528.0,0.6,v 1,"December,2007-December,2007","Atalah E., Ministerio de Salud","National Health Service System. Santiago, Chile, December 2007",Admin,1165.89501953125,Age-Adjusted
CHL,CHILE,2008,2008,Latin America and the Caribbean,South America,Latin America and the Caribbean,LAC,LAC,AMRO,High Income,Latin America & Caribbean,,,,2920,139,Total,Reported,964033.0,,,0.3,v 1,964033.0,0.5,v 1,"December,2008-December,2008",Atalah E.;  Ministerio de Salud,"National Health Service System. Santiago, Chile, December 2008",Admin,1166.362060546875,Age-Adjusted
CHL,CHILE,2013,2013,Latin America and the Caribbean,South America,Latin America and the Caribbean,LAC,LAC,AMRO,High Income,Latin America & Caribbean,,,,3206,140,Total,External Reanalysis,988663.0,,,0.3,v 1,988663.0,0.5,v 1,"December,2013-December,2013","Ministerio de Salud, Departamento de Alimentos y Nutricion, Departamento de Estadistica e Informacion (DEIS/Minsal).","National health service system: 2013. Santiago, Chile, 2014",Admin,1210.5799560546875,Age-Adjusted
CHL,CHILE,2014,2014,Latin America and the Caribbean,South America,Latin America and the Caribbean,LAC,LAC,AMRO,High Income,Latin America & Caribbean,,,,3247,141,Total,External Reanalysis,839435.0,,,0.3,,839435.0,0.5,,"December,2014-December,2014","Ministerio de Salud, Departamento de Alimentos y Nutricion, Departamento de Estadistica e Informacion (DEIS/Minsal).","National health service system: 2014. Santiago, Chile, 2015",Admin,1209.6435546875,Age-Adjusted
CHN,CHINA,1987,1987,Asia,Eastern Asia,Eastern Asia and South-eastern Asia,EAP,EAP,WPRO,Upper Middle Income,East Asia & Pacific,,,,354,142,Total,Adjusted,76130.0,,,4.8,c 8,76130.0,18.7,c 8,,Institute of Nutrition and Food Hygiene.,"The third national growth and development survey of children in China, 1987",Other,115095.578125,Age-Adjusted
CHN,CHINA,1990,1990,Asia,Eastern Asia,Eastern Asia and South-eastern Asia,EAP,EAP,WPRO,Upper Middle Income,East Asia & Pacific,,,,3003,143,Total,External Reanalysis,4332.0,1.4,44,4.2,44,4332.0,12.6,44,,"Chen Chunming, He Wu, Wang Yuying.","Nutritional status of children aged 0-5 years old in China (1990) - National surveillance system in 7 provinces. Beijing, China: Chinese Center for Disease Control and Prevention, 2010.",Other,127304.2265625,Age-Adjusted
CHN,CHINA,1992,1992,Asia,Eastern Asia,Eastern Asia and South-eastern Asia,EAP,EAP,WPRO,Upper Middle Income,East Asia & Pacific,,,,1473,144,Total,External Reanalysis,5535.0,1.3,,3.9,,5535.0,14.2,,,Guansheng Ma.,"The dietary and nutritional status of Chinese population: 1992 national nutrition survey. Beijing: Institute of Nutrition and Food Hygiene, 1995",NNS,122854.2421875,Age-Adjusted
CHN,CHINA,1995,1995,Asia,Eastern Asia,Eastern Asia and South-eastern Asia,EAP,EAP,WPRO,Upper Middle Income,East Asia & Pacific,,,,3004,145,Total,External Reanalysis,2832.0,1.8,44,5.0,44,2832.0,10.7,44,"August,1995-September,1995","Chen Chunming, He Wu, Wang Yuying.","Nutritional status of children aged 0-5 years old in China (1995) - National surveillance system in 7 provinces. Beijing, China: Chinese Center for Disease Control and Prevention, 2010.",Other,102316.171875,Age-Adjusted
CHN,CHINA,1998,1998,Asia,Eastern Asia,Eastern Asia and South-eastern Asia,EAP,EAP,WPRO,Upper Middle Income,East Asia & Pacific,,,,3005,146,Total,External Reanalysis,13838.0,0.6,42,2.4,42,13838.0,6.9,42,"August,1998-September,1998","Chen Chunming, He Wu, Wang Yuying.","Nutritional status of children aged 0-5 years old in China (1998) - National (40 nutrition surveillance sites from 26 provinces). Beijing, China: Chinese Center for Disease Control and Prevention, 2010.",Other,89546.953125,Age-Adjusted
CHN,CHINA,2000,2000,Asia,Eastern Asia,Eastern Asia and South-eastern Asia,EAP,EAP,WPRO,Upper Middle Income,East Asia & Pacific,,,,3006,147,Total,External Reanalysis,16460.0,0.5,42,2.5,42,16460.0,7.4,42,"July,2000-August,2000","Chen Chunming, He Wu, Wang Yuying.","Nutritional status of children aged 0-5 years old in China (2000) - National (40 nutrition surveillance sites from 26 provinces). Beijing, China: Chinese Center for Disease Control and Prevention, 2010.",Other,85176.046875,Age-Adjusted
CHN,CHINA,2002,2002,Asia,Eastern Asia,Eastern Asia and South-eastern Asia,EAP,EAP,WPRO,Upper Middle Income,East Asia & Pacific,,,,2789,148,Total,External Reanalysis,16564.0,0.8,,3.0,,16564.0,6.8,,,"National Center for Nutrition and Health, Chinese Center for Disease Control and Prevention","China National Nutrition and Health Survey, 2002",Other,82505.734375,Age-Adjusted
CHN,CHINA,2005,2005,Asia,Eastern Asia,Eastern Asia and South-eastern Asia,EAP,EAP,WPRO,Upper Middle Income,East Asia & Pacific,,,,3007,149,Total,External Reanalysis,15987.0,0.8,42,2.9,42,15987.0,4.5,42,"September,2005-October,2005","Chen Chunming, He Wu, Wang Yuying.","Nutritional status of children aged 0-5 years old in China (2005) - National (40 nutrition surveillance sites from 26 provinces). Beijing, China: Chinese Center for Disease Control and Prevention, 2010.",Other,80521.9375,Age-Adjusted
CHN,CHINA,2008,2008,Asia,Eastern Asia,Eastern Asia and South-eastern Asia,EAP,EAP,WPRO,Upper Middle Income,East Asia & Pacific,,,,3008,150,Total,Adjusted,10726.0,0.6,d 43,2.6,d 43,10726.0,3.8,d 43,"September,2008-October,2008","Chen Chunming, He Wu, Wang Yuying.","Nutritional status of children aged 0-5 years old in China (2008) - National (26 nutrition surveillance sites from rural areas). Beijing, China: Chinese Center for Disease Control and Prevention, 2010.",Other,82286.7734375,Age-Adjusted
CHN,CHINA,2009,2009,Asia,Eastern Asia,Eastern Asia and South-eastern Asia,EAP,EAP,WPRO,Upper Middle Income,East Asia & Pacific,,,,3080,151,Total,Adjusted,10635.0,0.7,d,2.6,d,10635.0,3.4,d,"September,2009-October,2009","Chen Chunming, He Wu, Wang Yuying.","Nutrition and rapid economic development - 2010 research report on nutrition policy in China. Beijing, China: Chinese Center for Disease Control and Prevention, 2010",Other,83931.140625,Age-Adjusted
CHN,CHINA,2010,2010,Asia,Eastern Asia,Eastern Asia and South-eastern Asia,EAP,EAP,WPRO,Upper Middle Income,East Asia & Pacific,,,,3102,152,Total,External Reanalysis,15399.0,0.7,41,2.3,41,15399.0,3.4,41,"September,2010-October,2010","Chen Chunming, He Wu, Wang Yuying.","Nutritional status of children aged 0-5 years old in China (2010) - National (38 nutrition surveillance sites from 25 provinces). Beijing, China: Chinese Center for Disease Control and Prevention, 2012",Other,85497.03125,Age-Adjusted
CHN,CHINA,2013,2013,Asia,Eastern Asia,Eastern Asia and South-eastern Asia,EAP,EAP,WPRO,Upper Middle Income,East Asia & Pacific,,,,3331,1397,Total,External Reanalysis,28839.0,,,1.9,35,28839.0,2.4,35,,"National Center for Nutrition and Health, Chinese Center for Disease Control and Prevention","China National Nutrition and Health Survey, 2013",Other,89773.171875,Age-Adjusted
CHN,CHINA,2016-2017,2017,Asia,Eastern Asia,Eastern Asia and South-eastern Asia,EAP,EAP,WPRO,Upper Middle Income,East Asia & Pacific,,,,3543,4553,Total,Reported,,,,1.9,,,,,"June,2016-December,2017",China Center for Disease Control and Prevention,China Nutrition and Health Surveillance of Children and Lactating Women 2016–2017,Other,90715.9375,Age-Adjusted
COL,COLOMBIA,1986,1986,Latin America and the Caribbean,South America,Latin America and the Caribbean,LAC,LAC,AMRO,Upper Middle Income,Latin America & Caribbean,,,,221,153,Total,Reanalyzed,1328.3,0.4,w 23,1.3,w 23,1330.1,8.6,w 23,"September,1986-December,1986",Ministerio de Salud.,"Tercera encuesta nacional de prevalencia del uso de anticonceptivos y primera de demografia y salud, 1986. Demographic and Health Surveys. Institute for Resource Development. Bogota, Colombia, 1988",DHS,3975.48095703125,Age-Adjusted
COL,COLOMBIA,1986-1989,1988,Latin America and the Caribbean,South America,Latin America and the Caribbean,LAC,LAC,AMRO,Upper Middle Income,Latin America & Caribbean,,,,203,154,Total,Adjusted,1973.0,,,3.8,c,1973.0,8.8,c,," Castro de Navarro L, Acosta F. ","Encuesta National sobre Conocimientos, Attitudes y Practicas en Salud, 1986-1989: situacion  nutritional y patrones de alimentacion en  menores de 5 arias. Bogota: Ministerio de Salud, Institute National de Salud; 1990.",Other,4005.339111328125,Age-Adjusted
COL,COLOMBIA,1995,1995,Latin America and the Caribbean,South America,Latin America and the Caribbean,LAC,LAC,AMRO,Upper Middle Income,Latin America & Caribbean,,,,1608,155,Total,Reanalyzed,4426.5,0.5,,1.7,,4458.0,6.3,,"March,1995-June,1995",Profamilia and Macro International,"Encuesta nacional de demografia y salud 1995. Demographic and Health Surveys. Bogota, Colombia, 1995",DHS,4361.55908203125,Age-Adjusted
COL,COLOMBIA,2000,2000,Latin America and the Caribbean,South America,Latin America and the Caribbean,LAC,LAC,AMRO,Upper Middle Income,Latin America & Caribbean,,,,2282,156,Total,Reanalyzed,4080.1,0.4,,1.0,,4118.7,4.9,,"January,2000-June,2000","Ojeda G, Ordoñez M, Ochoa LH.","Salud sexual y reproductiva en Colombia, encuesta nacional de demografia y salud 2000. Demographic and Health Surveys. Bogota, Colombia: PROFAMILIA, 2000",DHS,4321.6015625,Age-Adjusted
COL,COLOMBIA,2004-2005,2005,Latin America and the Caribbean,South America,Latin America and the Caribbean,LAC,LAC,AMRO,Upper Middle Income,Latin America & Caribbean,,,,2771,1368,Total,Reanalyzed,12822.7,0.4,,1.6,,12752.1,5.0,,"October,2004-June,2005","Colombian Family Welfare Institute, National Institute of Health (Colombia), Pan American Health Organization (PAHO), Profamilia, Universidad de Antioquia (Colombia).",Encuesta Nacional de la Situacion Nutricional en Colombia (ENSIN) 2005,DHS,4175.82666015625,Age-Adjusted
COL,COLOMBIA,2009-2010,2010,Latin America and the Caribbean,South America,Latin America and the Caribbean,LAC,LAC,AMRO,Upper Middle Income,Latin America & Caribbean,,,,3067,1369,Total,Reanalyzed,15794.2,0.2,,0.9,,15774.6,3.4,,"November,2009-November,2010","Colombian Family Welfare Institute, National Institute of Health (Colombia), Pan American Health Organization (PAHO), Profamilia, Universidad de Antioquia (Colombia).",Encuesta Nacional de la Situacion Nutricional en Colombia 2010,DHS,3897.381103515625,Age-Adjusted
COL,COLOMBIA,2015-2016,2016,Latin America and the Caribbean,South America,Latin America and the Caribbean,LAC,LAC,AMRO,Upper Middle Income,Latin America & Caribbean,,,,3387,2155,Total,Reanalyzed,4082658.0,0.4,s,1.6,s,3822041.5,3.7,s,"November,2015-December,2016","Colombian Family Welfare Institute, National Institute of Health (Colombia), Pan American Health Organization (PAHO), Profamilia, Universidad de Antioquia (Colombia).",Colombia National Survey of the Nutritional Situation 2015,NNS,3504.119384765625,Age-Adjusted
COM,COMOROS,1991-1992,1992,Africa,Eastern Africa,Sub-Saharan Africa,SSA,ESA,AFRO,Lower Middle Income,Sub-Saharan Africa,Least Developed Countries (LDCs),Low-Income Food-Deficit (LIFD),Small island developing States (SIDS),1653,159,Total,Adjusted,1954.0,,,5.3,bc,1954.0,15.2,bc,"January,1991-December,1992",Ministère de la Santé Publique et de la Population.,"Rapport sur l'état nutritionnel et les facteurs impliqués chez les enfants de moins de deux ans en République Fédérale Islamique des Comores 1991. Direction de la Santé Familiale. Comores, 1995",Other,85.7969970703125,Age-Adjusted
COM,COMOROS,1996,1996,Africa,Eastern Africa,Sub-Saharan Africa,SSA,ESA,AFRO,Lower Middle Income,Sub-Saharan Africa,Least Developed Countries (LDCs),Low-Income Food-Deficit (LIFD),Small island developing States (SIDS),1705,160,Total,Reanalyzed,972.0,3.7,b,9.7,b,974.0,22.4,b,"March,1996-May,1996","Mondoha KA, Schoemaker J, Barrère M.","Enquête demographique et de santé, Comores 1996. Demographic and Health Surveys. Centre National de Documentation et de Recherche Scientifique. Moroni, Comores, 1997",DHS,88.12799835205078,Age-Adjusted
COM,COMOROS,2000,2000,Africa,Eastern Africa,Sub-Saharan Africa,SSA,ESA,AFRO,Lower Middle Income,Sub-Saharan Africa,Least Developed Countries (LDCs),Low-Income Food-Deficit (LIFD),Small island developing States (SIDS),2363,161,Total,Reanalyzed,3479.4,7.2,,13.3,,4313.7,25.1,,"October,2000-November,2000",République Federale Islamique des Comores.,"Enquête a indicateurs multiples (MICS 2000): Rapport final (1er draft Février 2001). Moroni, Comoros: UNICEF, 2001",MICS,89.52999877929688,Age-Adjusted
COM,COMOROS,2012,2012,Africa,Eastern Africa,Sub-Saharan Africa,SSA,ESA,AFRO,Lower Middle Income,Sub-Saharan Africa,Least Developed Countries (LDCs),Low-Income Food-Deficit (LIFD),Small island developing States (SIDS),3198,162,Total,Reanalyzed,2899.8,4.5,,11.2,,3168.9,16.9,,"August,2012-December,2012",Direction Générale de la Statistique et de la Prospective (DGSP) et ICF International.,"Enquête démographique et de santé et à indicateurs multiples aux Comores 2012. Demograohic and Health Surveys and MICS. Rockville, MD 20850, USA : DGSP et ICF International, 2014",DHS,102.42050170898438,Age-Adjusted
COM,COMOROS,2022,2022,Africa,Eastern Africa,Sub-Saharan Africa,SSA,ESA,AFRO,Lower Middle Income,Sub-Saharan Africa,Least Developed Countries (LDCs),Low-Income Food-Deficit (LIFD),Small island developing States (SIDS),7594,5034,Total,Reanalyzed,4259.7,1.2,,5.1,,4311.2,9.1,,"August,2022-December,2022",INSEED COMORES,"Enquête par Grappes à Indicateurs Multiples MICS6 2022, Rapport  sur les résultats de l’enquête. Moroni, Comores : INSEED COMORES.",MICS,113.41799926757812,Age-Adjusted
COG,CONGO,1987,1987,Africa,Middle Africa,Sub-Saharan Africa,SSA,WCA,AFRO,Lower Middle Income,Sub-Saharan Africa,,Low-Income Food-Deficit (LIFD),,91,163,Total,Adjusted,2429.0,,,6.6,cd,2429.0,16.4,cd,"February,1987-November,1987","Cornu A, Delpeuch F, Simondon F, Tchibindat F, Faucon LD, Massamba JP et al.","Enquête nationale sur l'état nutritionnel des enfants d'age prescolaire au Congo. Collection Etudes et Theses. Paris: ORSTOM, Institut Français de Recherche Scientifique pour le Développement en Coopération, 1990",NNS,372.6044921875,Age-Adjusted
COG,CONGO,2005,2005,Africa,Middle Africa,Sub-Saharan Africa,SSA,WCA,AFRO,Lower Middle Income,Sub-Saharan Africa,,Low-Income Food-Deficit (LIFD),,2767,164,Total,Reanalyzed,4645.5,3.0,,8.0,,4697.4,11.9,,"July,2005-November,2005",Centre National de la Statistique et des Études Économiques (CNSEE) et ORC Macro.,"Enquête démographique et de santé du Congo 2005. Demographic and Health Surveys. Calverton, Maryland, USA : CNSEE et ORC Macro, 2006",DHS,587.5675048828125,Age-Adjusted
COG,CONGO,2011-2012,2011,Africa,Middle Africa,Sub-Saharan Africa,SSA,WCA,AFRO,Lower Middle Income,Sub-Saharan Africa,,Low-Income Food-Deficit (LIFD),,3189,165,Total,Reanalyzed,4620.9,1.7,,6.0,,4648.3,11.8,,"June,2011-February,2012",Centre Nationale de la Statistique et des Études Économiques (CNSEE) [Congo] et ICF International.,"Enquête démographique et de santé du Congo (EDSC-II) 2011-2012. Demographic and Health Surveys. Calverton, Maryland, USA : CNSEE et ICF International, 2013",DHS,763.08349609375,Age-Adjusted
COG,CONGO,2014-2015,2014,Africa,Middle Africa,Sub-Saharan Africa,SSA,WCA,AFRO,Lower Middle Income,Sub-Saharan Africa,,Low-Income Food-Deficit (LIFD),,3280,166,Total,Reanalyzed,8600.9,2.6,,8.2,,8756.9,12.3,,"November,2014-February,2015",Institut National de la Statistique (INS) et UNICEF.,"Enquête par grappes à indicateurs multiples (MICS5 2014-2015), Rapport final. Brazzaville, Congo : Institut National de la Statistique et UNICEF.",MICS,834.9965209960938,Age-Adjusted
CRI,COSTA RICA,1989,1989,Latin America and the Caribbean,Central America,Latin America and the Caribbean,LAC,LAC,AMRO,Upper Middle Income,Latin America & Caribbean,,,,1431,2041,Total,Adjusted,,,,,,197000.0,2.4,c 40,,Ministerio de Salud,"Analisis del estado nutricional de la poblacion Costarricense 1992. Departamento de Nutricion y Atencion Integral, Seccion Vigilancia Nutricional. San Jose, Costa Rica, 1994 (1989 Extract)",Admin,411.3389892578125,Age-Adjusted
CRI,COSTA RICA,1990,1990,Latin America and the Caribbean,Central America,Latin America and the Caribbean,LAC,LAC,AMRO,Upper Middle Income,Latin America & Caribbean,,,,3560,2042,Total,Adjusted,,,,,,190000.0,2.5,c 40,,Ministerio de Salud,"Analisis del estado nutricional de la poblacion Costarricense 1992. Departamento de Nutricion y Atencion Integral, Seccion Vigilancia Nutricional. San Jose, Costa Rica, 1994 (1990 Extract)",Admin,412.8865051269531,Age-Adjusted
CRI,COSTA RICA,1991,1991,Latin America and the Caribbean,Central America,Latin America and the Caribbean,LAC,LAC,AMRO,Upper Middle Income,Latin America & Caribbean,,,,3561,2043,Total,Adjusted,,,,,,191000.0,2.2,c 40,,Ministerio de Salud,"Analisis del estado nutricional de la poblacion Costarricense 1992. Departamento de Nutricion y Atencion Integral, Seccion Vigilancia Nutricional. San Jose, Costa Rica, 1994 (1991 Extract)",Admin,412.71649169921875,Age-Adjusted
CRI,COSTA RICA,1992,1992,Latin America and the Caribbean,Central America,Latin America and the Caribbean,LAC,LAC,AMRO,Upper Middle Income,Latin America & Caribbean,,,,3562,2044,Total,Adjusted,,,,,,176935.0,2.0,c 40,,Ministerio de Salud,"Analisis del estado nutricional de la poblacion Costarricense 1992. Departamento de Nutricion y Atencion Integral, Seccion Vigilancia Nutricional. San Jose, Costa Rica, 1994 (1992 Extract)",Admin,411.6369934082031,Age-Adjusted
CRI,COSTA RICA,1993,1993,Latin America and the Caribbean,Central America,Latin America and the Caribbean,LAC,LAC,AMRO,Upper Middle Income,Latin America & Caribbean,,,,1619,2045,Total,Adjusted,,,,,,174000.0,2.0,c 40,,Ministerio de Salud,"Estado nutricional de preescolares atendidos por el programa de atencion primaria. Departamento de Nutriticion, Seccion de Vigilancia Nutricional. San José, Costa Rica, 1996 (1993 Extract)",Admin,410.2695007324219,Age-Adjusted
CRI,COSTA RICA,1994,1994,Latin America and the Caribbean,Central America,Latin America and the Caribbean,LAC,LAC,AMRO,Upper Middle Income,Latin America & Caribbean,,,,3563,2046,Total,Adjusted,,,,,,161000.0,1.9,c 40,,Ministerio de Salud,"Estado nutricional de preescolares atendidos por el programa de atencion primaria. Departamento de Nutriticion, Seccion de Vigilancia Nutricional. San José, Costa Rica, 1996 (1994 Extract)",Admin,408.89801025390625,Age-Adjusted
CRI,COSTA RICA,1996,1996,Latin America and the Caribbean,Central America,Latin America and the Caribbean,LAC,LAC,AMRO,Upper Middle Income,Latin America & Caribbean,,,,1829,173,Total,Adjusted,1008.0,,,2.4,bc,1008.0,3.8,bc,"May,1996-June,1996",Ministerio de Salud.,"Encuesta nacional de nutricion, San Jose, Costa Rica, 1996",NNS,406.07501220703125,Age-Adjusted
CRI,COSTA RICA,2008-2009,2008,Latin America and the Caribbean,Central America,Latin America and the Caribbean,LAC,LAC,AMRO,Upper Middle Income,Latin America & Caribbean,,,,3073,174,Total,Reported,,,,0.7,b,,0.9,b,"May,2008-May,2009",Ministerio de Salud.,"Encuesta nacional de nutricion 2008-2009. San Jose, Costa Rica, 2011.",NNS,360.29901123046875,Age-Adjusted
CRI,COSTA RICA,2018,2018,Latin America and the Caribbean,Central America,Latin America and the Caribbean,LAC,LAC,AMRO,Upper Middle Income,Latin America & Caribbean,,,,3461,1681,Total,Reanalyzed,310954.0,0.1,,1.8,,312206.3,2.9,,"March,2018-May,2018","Ministerio de Salud (MS), Instituto Nacional de Estadística y Censos (INEC) y Fondo de las Naciones Unidas para la Infancia (UNICEF)","Encuesta de Mujeres, Niñez y Adolescencia (EMNA), Informe de resultados de la encuesta. San José, Costa Rica. 2019",MICS,344.6369934082031,Age-Adjusted
CUB,CUBA,2000,2000,Latin America and the Caribbean,Caribbean,Latin America and the Caribbean,LAC,LAC,AMRO,Upper Middle Income,Latin America & Caribbean,,,Small island developing States (SIDS),3029,181,Total,Adjusted,1571.0,,,2.4,c,1571.0,3.4,c,"July,2000-August,2000","Dirección Nacional de Estadísticas - MINSAP Cuba Clúa Calderín, Ana Margarita - Ministerio de Salud Pública de Cuba Gutiérrez Campo, Lester - Ministerio de Salud Pública de Cuba Pod","Encuesta de agrupacion de indicadores multiples: Informe final, diciembre del 2000 (MICS2). La Habana, Cuba, 2000",MICS,722.97900390625,Age-Adjusted
CUB,CUBA,2019,2019,Latin America and the Caribbean,Caribbean,Latin America and the Caribbean,LAC,LAC,AMRO,Upper Middle Income,Latin America & Caribbean,,,Small island developing States (SIDS),3462,2455,Total,Reanalyzed,5215.6,0.6,,2.0,,5231.1,2.4,,"May,2019-August,2019",Dirección de Registros Médicos y Estadísticas de Salud y UNICEF Cuba,"Cuba Encuesta de Indicadores Múltiples por Conglomerados 2019, Informe de resultados de la encuesta. La Habana, Cuba: Dirección de Registros Médicos y Estadísticas de Salud.",MICS,574.6785278320312,Age-Adjusted
CZE,CZECHIA,1991,1991,Europe,Eastern Europe,Northern America and Europe,ECA,WE,EURO,High Income,Europe & Central Asia,,,,1277,182,Total,Adjusted,32345.0,,,2.8,c,32345.0,0.9,c,"September,1991-September,1991","Lhotska L, Blaha P, Vignerova J, Roth Z, Prokopec M.","Vth. Nation-wide anthropological survey of children and adolescents 1991 (Czech Republic). Prague: National Institute of Public Health, 1993",Other,642.4185180664062,Age-Adjusted
CZE,CZECHIA,2001-2002,2001,Europe,Eastern Europe,Northern America and Europe,ECA,WE,EURO,High Income,Europe & Central Asia,,,,2764,183,Total,Reanalyzed,14062.0,0.9,r,4.5,r,14112.0,2.1,,"September,2001-January,2002","Vignerova J, Riedlova J, Blaha P, Kobzova J, Krejcovsky L, Brabec M, Hruskova M.","6th nationwide anthropological survey of children and adolescents 2001, Czech Republic. Summary results. Prague, Czech Republic: National Institute of Public Health, 2006",Other,446.1505126953125,Age-Adjusted
CIV,CôTE D’IVOIRE,1985-1987,1986,Africa,Western Africa,Sub-Saharan Africa,SSA,WCA,AFRO,Lower Middle Income,Sub-Saharan Africa,,,,50,2040,Total,Reanalyzed,2114.5,2.7,r,8.5,r,1006.6,11.7,,"February,1985-January,1987","Department of Statistics (Côte d'Ivoire), World Bank (WB)","Côte d'Ivoire Living Standards Measurement Survey 1985-1987. Washington, DC, United States: World Bank (WB) [1985-86 LSMS and 1986-87 LSMS Combined]",LSMS,2032.5634765625,Age-Adjusted
CIV,CôTE D’IVOIRE,1994,1994,Africa,Western Africa,Sub-Saharan Africa,SSA,WCA,AFRO,Lower Middle Income,Sub-Saharan Africa,,,,1561,176,Total,Reanalyzed,3447.4,2.4,b,9.4,b,3418.2,20.9,b,"June,1994-November,1994","Sombo N'Cho, Kouassi L, Kouamé Koffi A, Schoemaker J, Barrère M, Barrère B et al.","Enquête demographique et de santé, Côte d'Ivoire 1994. Demographic and Health Surveys. Abidjan, Côte d'Ivoire, 1995",DHS,2639.4384765625,Age-Adjusted
CIV,CôTE D’IVOIRE,1998-1999,1998,Africa,Western Africa,Sub-Saharan Africa,SSA,WCA,AFRO,Lower Middle Income,Sub-Saharan Africa,,,,2318,177,Total,Reanalyzed,1741.1,1.9,,6.9,,1690.3,18.2,,"September,1998-March,1999",Institut National de la Statistique [Côte d'Ivoire] et ORC Macro.,"Enquête démographique et de santé, Côte d'Ivoire 1998-99. Demographic and Health Surveys. Calverton, Maryland, USA: Institut National de la Statistique et ORC Macro, 2001",DHS,2999.450439453125,Age-Adjusted
CIV,CôTE D’IVOIRE,2007,2007,Africa,Western Africa,Sub-Saharan Africa,SSA,WCA,AFRO,Lower Middle Income,Sub-Saharan Africa,,,,3054,179,Total,External Reanalysis,854.0,5.7,b,14.3,b,854.0,28.4,b,"July,2007-July,2007","Tschannen AB, Rohner F, Gohou V, Bosso E, Malan A.","Evaluation des carences en vitamine A et fer en Côte d'Ivoire (Rapport final). Ministère de la Santé et de l'Hygiène Publique et Helen Keller Int., Abidjan, Côte d'Ivoire, 2009",Other,3739.154052734375,Age-Adjusted
CIV,CôTE D’IVOIRE,2011,2011,Africa,Western Africa,Sub-Saharan Africa,SSA,WCA,AFRO,Lower Middle Income,Sub-Saharan Africa,,,,4605,798,Total,Reanalyzed,7218.3,0.8,rs,5.3,rs,7208.8,15.5,s,"June,2011-July,2011","Ministère de la Santé et de la Lutte contre le SIDA, République de la Cote d’Ivoire",Enquête nutritionnelle nationale basée sur la méthodologie SMART - Rapport final,SMART,3899.310546875,Age-Adjusted
CIV,CôTE D’IVOIRE,2011-2012,2012,Africa,Western Africa,Sub-Saharan Africa,SSA,WCA,AFRO,Lower Middle Income,Sub-Saharan Africa,,,,3175,180,Total,Reanalyzed,3694.2,1.8,,7.6,,3680.5,15.7,,"November,2011-May,2012",Institut National de la Statistique (INS) et ICF International.,"Enquête démographique et de santé et à indicateurs multiples de Côte d'Ivoire 2011-2012. Demographic and Health Surveys and MICS. Calverton, Maryland, USA : INS et ICF International, 2012",DHS,3949.506591796875,Age-Adjusted
CIV,CôTE D’IVOIRE,2016,2016,Africa,Western Africa,Sub-Saharan Africa,SSA,WCA,AFRO,Lower Middle Income,Sub-Saharan Africa,,,,3332,1700,Total,Reanalyzed,8935.9,1.2,,6.1,,8809.1,12.8,,"July,2016-August,2016","Institut national de la statistique (INS), UNICEF","Enquête par grappes à indicateurs multiples - Côte d’Ivoire 2016, Rapport Final, Septembre 2017",MICS,4294.95556640625,Age-Adjusted
CIV,CôTE D’IVOIRE,2021,2021,Africa,Western Africa,Sub-Saharan Africa,SSA,WCA,AFRO,Lower Middle Income,Sub-Saharan Africa,,,,9676,7137,Total,Reanalyzed,4918.3,2.4,,8.1,,4920.8,13.6,,"September,2021-December,2021",Institut National de la Statistique-INS et ICF,"Enquête Démographique et de Santé de Côte d’Ivoire, 2021. Rockville, Maryland, USA : INS/Côte d’Ivoire et ICF.",DHS,4549.134765625,Age-Adjusted
PRK,DEMOCRATIC PEOPLE'S REPUBLIC OF KOREA,1998,1998,Asia,Eastern Asia,Eastern Asia and South-eastern Asia,EAP,EAP,SEARO,Low Income,East Asia & Pacific,,Low-Income Food-Deficit (LIFD),,1871,184,Total,Adjusted,1263.0,,,20.8,c 50,1263.0,55.5,c 50,"September,1998-October,1998","European Commission (EC), European Union (EU), Government of North Korea, United Nations Children's Fund (UNICEF), World Food Programme (WFP)","Nutrition survey of the Democratic People's Republic of Korea. Report by the EU, UNICEF and WFP of a study undertaken in collaboration with the Government to DPRK",MICS,2098.6025390625,Age-Adjusted
PRK,DEMOCRATIC PEOPLE'S REPUBLIC OF KOREA,2000,2000,Asia,Eastern Asia,Eastern Asia and South-eastern Asia,EAP,EAP,SEARO,Low Income,East Asia & Pacific,,Low-Income Food-Deficit (LIFD),,2345,185,Total,Adjusted,4175.0,,,12.2,c,4175.0,24.7,c,"May,2000-May,2000",Central Bureau of Statistics [DPRK].,"Report of the second multiple indicator cluster survey 2000, DPRK (MICS). Pyongyang, Democratic People's Republic of Korea, 2000.",MICS,2034.0894775390625,Age-Adjusted
PRK,DEMOCRATIC PEOPLE'S REPUBLIC OF KOREA,2002,2002,Asia,Eastern Asia,Eastern Asia and South-eastern Asia,EAP,EAP,SEARO,Low Income,East Asia & Pacific,,Low-Income Food-Deficit (LIFD),,2471,186,Total,Reanalyzed,5222.5,3.5,r,8.7,r,5233.5,17.7,,"October,2002-October,2002",Central Bureau of Statistics (D.P.R. Korea).,"Nutrition assessment 2002 D.P.R. Korea. Pyongyang: Government of D.P.R. Korea, United Nations Children's Fund and World Food Programme, 2003",NNS,1936.0694580078125,Age-Adjusted
PRK,DEMOCRATIC PEOPLE'S REPUBLIC OF KOREA,2004,2004,Asia,Eastern Asia,Eastern Asia and South-eastern Asia,EAP,EAP,SEARO,Low Income,East Asia & Pacific,,Low-Income Food-Deficit (LIFD),,2962,187,Total,Adjusted,4795.0,,,8.5,c,4795.0,20.6,c,"October,2004-October,2004","Central Bureau of Statistics, Institute of Child Nutrition.","DPRK 2004 nutrition assessment, report of survey results. Democratic People's Republic of Korea: Central Bureau of Statistics, 2005.",NNS,1844.53955078125,Age-Adjusted
PRK,DEMOCRATIC PEOPLE'S REPUBLIC OF KOREA,2009,2009,Asia,Eastern Asia,Eastern Asia and South-eastern Asia,EAP,EAP,SEARO,Low Income,East Asia & Pacific,,Low-Income Food-Deficit (LIFD),,3074,188,Total,Reported,2172.0,0.5,,5.2,,2172.0,18.8,,"September,2009-October,2009","Central Bureau of Statistics (CBS), Institute of Children's Nutrition, UNICEF.","The Democratic People's Republic of Korea (DPR Korea) multiple indicator cluster survey 2009 (MICS4). Final Report. Pyongyang, DPR Korea: CBS and UNICEF, 2010.",MICS,1664.841552734375,Age-Adjusted
PRK,DEMOCRATIC PEOPLE'S REPUBLIC OF KOREA,2012,2012,Asia,Eastern Asia,Eastern Asia and South-eastern Asia,EAP,EAP,SEARO,Low Income,East Asia & Pacific,,Low-Income Food-Deficit (LIFD),,3201,189,Total,Reported,,0.6,,4.0,,,15.2,,"September,2012-October,2012",Central Bureau of Statistics [Democratic People's Republic of Korea].,"Final report of the national nutrition survey 2012, September 17th to October 17th 2012. Pyongyang, Democratic People's Republic of Korea, 2013.",NNS,1639.343017578125,Age-Adjusted
PRK,DEMOCRATIC PEOPLE'S REPUBLIC OF KOREA,2017,2017,Asia,Eastern Asia,Eastern Asia and South-eastern Asia,EAP,EAP,SEARO,Low Income,East Asia & Pacific,,Low-Income Food-Deficit (LIFD),,3362,2177,Total,Reported,2270.0,0.5,,2.5,,2271.0,9.3,,"August,2017-October,2017",Central Bureau of Statistics of the DPR Korea and UNICEF,"DPR Korea Multiple Indicator Cluster Survey 2017, Survey Findings Report. Pyongyang, DPR Korea: Central Bureau of Statistics and UNICEF",MICS,1677.2735595703125,Age-Adjusted
COD,DEMOCRATIC REPUBLIC OF THE CONGO,1995,1995,Africa,Middle Africa,Sub-Saharan Africa,SSA,WCA,AFRO,Low Income,Sub-Saharan Africa,Least Developed Countries (LDCs),Low-Income Food-Deficit (LIFD),,1558,190,Total,Adjusted,4362.0,,,11.4,c,4362.0,30.7,c,"March,1995-May,1995",Ministère du Plan et Reconstruction Nationale.,"Enquête nationale sur la situation des enfants et des femmes au Zaire en 1995. Kinshasa, Zaire, 1996",MICS,8088.90380859375,Age-Adjusted
COD,DEMOCRATIC REPUBLIC OF THE CONGO,2001,2001,Africa,Middle Africa,Sub-Saharan Africa,SSA,WCA,AFRO,Low Income,Sub-Saharan Africa,Least Developed Countries (LDCs),Low-Income Food-Deficit (LIFD),,2393,191,Total,Reanalyzed,8857.5,6.1,s,15.9,s,9150.1,30.3,s,"April,2001-October,2001","République Démocratique du Congo, UNICEF, USAID.","Enquête nationale sur la situation des enfants et des femmes MICS2 / 2001. Rapport d'analyse. Kinshasa, République Démocratique du Congo, juillet 2002",MICS,9655.20703125,Age-Adjusted
COD,DEMOCRATIC REPUBLIC OF THE CONGO,2007,2007,Africa,Middle Africa,Sub-Saharan Africa,SSA,WCA,AFRO,Low Income,Sub-Saharan Africa,Least Developed Countries (LDCs),Low-Income Food-Deficit (LIFD),,2888,192,Total,Reanalyzed,3798.8,4.8,,10.4,,4148.7,25.6,,"January,2007-August,2007",Ministère du Plan et Macro International.,"Enquête démographique et de santé, République Démocratique du Congo 2007. Demographic and Health Surveys. Calverton, Maryland, U.S.A.: Ministère du Plan et Macro International, 2008",DHS,11441.59765625,Age-Adjusted
COD,DEMOCRATIC REPUBLIC OF THE CONGO,2010,2010,Africa,Middle Africa,Sub-Saharan Africa,SSA,WCA,AFRO,Low Income,Sub-Saharan Africa,Least Developed Countries (LDCs),Low-Income Food-Deficit (LIFD),,3156,193,Total,Reanalyzed,10662.4,2.8,s,8.5,s,10773.7,24.2,s,"February,2010-April,2010",Institut National de la Statistique et Fonds des Nations Unies pour l'Enfance.,"Enquête par grappes à indicateurs multiples en République Démocratique du Congo (MICS-RDC 2010). Rapport final, mai 2011. Kinshasa, République Démocratique du Congo, 2011",MICS,12661.587890625,Age-Adjusted
COD,DEMOCRATIC REPUBLIC OF THE CONGO,2013-2014,2013,Africa,Middle Africa,Sub-Saharan Africa,SSA,WCA,AFRO,Low Income,Sub-Saharan Africa,Least Developed Countries (LDCs),Low-Income Food-Deficit (LIFD),,3236,194,Total,Reanalyzed,9195.4,2.9,,8.1,,9397.2,23.4,,"August,2013-February,2014","Ministère du Plan et Suivi de la Mise en oeuvre de la Révolution de la Modernité (MPSMRM), Ministère de la Santé Publique (MSP) et ICF International.","Enquête démographique et de santé en République Démocratique du Congo 2013-2014. Demographic and Health Surveys. Rockville, Maryland, USA : MPSMRM, MSP et ICF International, 2014",DHS,14068.3408203125,Age-Adjusted
COD,DEMOCRATIC REPUBLIC OF THE CONGO,2017-2018,2017,Africa,Middle Africa,Sub-Saharan Africa,SSA,WCA,AFRO,Low Income,Sub-Saharan Africa,Least Developed Countries (LDCs),Low-Income Food-Deficit (LIFD),,3463,3707,Total,Reanalyzed,21147.3,2.0,,6.4,,21278.1,23.1,,"July,2017-February,2018",INS,"Enquête par grappes à indicateurs multiples, 2017-2018, rapport de résultats de l’enquête. Kinshasa, République Démocratique du Congo",MICS,16065.806640625,Age-Adjusted
COD,DEMOCRATIC REPUBLIC OF THE CONGO,2023-2024,2023,Africa,Middle Africa,Sub-Saharan Africa,SSA,WCA,AFRO,Low Income,Sub-Saharan Africa,Least Developed Countries (LDCs),Low-Income Food-Deficit (LIFD),,11306,9207,Total,Reported,11523.0,1.9,,7.2,,11514.0,25.0,,"October,2023-January,2024","RDC-Institut National de la Statistique, École de Santé Publique de Kinshasa et ICF","RDC, Enquête Démographique et de Santé 2023–24 : Rapport des indicateurs clés. Kinshasa, RDC et Rockville, Maryland, USA : ICF.",DHS,19275.876953125,Age-Adjusted
DJI,DJIBOUTI,1989-1990,1989,Africa,Eastern Africa,Sub-Saharan Africa,SSA,ESA,EMRO,Lower Middle Income,Middle East & North Africa,Least Developed Countries (LDCs),,,380,195,Total,Adjusted,3750.0,,,12.5,c,3750.0,20.2,c,"September,1989-March,1990",Ministere de la Sante Publique et des Affaires Sociales.,"Enquete couverture vaccinale malnutrition. Republique de Djibouti, Djibouti: Ministere de la Sante Publique et des Affaires Sociales,1990",Other,88.43599700927734,Age-Adjusted
DJI,DJIBOUTI,1996,1996,Africa,Eastern Africa,Sub-Saharan Africa,SSA,ESA,EMRO,Lower Middle Income,Middle East & North Africa,Least Developed Countries (LDCs),,,1936,196,Total,Reanalyzed,12094.0,7.6,r,15.3,r,15734.0,19.7,p,"April,1996-July,1996","Ministère du Commerce et du Tourisme, Direction Nationale de la Statistique. Djibouti ville, République de Djibouti","Enquête djiboutienne auprès des ménages indicateurs sociaux (EDAM-IS 1996), 1997",Other,102.5989990234375,Age-Adjusted
DJI,DJIBOUTI,2010-2011,2011,Africa,Eastern Africa,Sub-Saharan Africa,SSA,ESA,EMRO,Lower Middle Income,Middle East & North Africa,Least Developed Countries (LDCs),,,4663,799,Total,Reanalyzed,3240.0,2.9,b,10.8,b,3242.0,24.2,b,"December,2010-February,2011","Programme National de Nutrition, Ministère de la Santé, Republique de Djibouti","Enquête Nutritionnelle SMART, Évaluation de  la Situation Nutritionnelle, Rapport Final, Djibouti, Avril 2011",SMART,116.39949798583984,Age-Adjusted
DJI,DJIBOUTI,2013,2013,Africa,Eastern Africa,Sub-Saharan Africa,SSA,ESA,EMRO,Lower Middle Income,Middle East & North Africa,Least Developed Countries (LDCs),,,4665,800,Total,Reanalyzed,2361126813696.0,3.4,s,13.9,s,2431224381440.0,26.0,s,"November,2013-December,2013","Programme National de Nutrition,","Enquête Nutritionnelle Nationale avec la Methodologie SMART, Rapport, Decembre 2013",SMART,115.6405029296875,Age-Adjusted
DJI,DJIBOUTI,2019,2019,Africa,Eastern Africa,Sub-Saharan Africa,SSA,ESA,EMRO,Lower Middle Income,Middle East & North Africa,Least Developed Countries (LDCs),,,4668,3853,Total,Reanalyzed,535025.2,2.6,b,10.6,b,535341.6,16.2,b,"March,2019-May,2019",l’Institut National des Statistiques de Djibouti (INSD),"Enquête sur l’état nutritionnel avec la Méthodologie SMART, Djibouti Avril 2019",SMART,114.44850158691406,Age-Adjusted
DJI,DJIBOUTI,2023,2023,Africa,Eastern Africa,Sub-Saharan Africa,SSA,ESA,EMRO,Lower Middle Income,Middle East & North Africa,Least Developed Countries (LDCs),,,388,9068,Total,Reanalyzed,1752.7,2.3,b,12.1,b,1774.0,17.7,b,"March,2023-March,2023",Govt. Djibouti; UNCT Djibouti; WFP ,"Dijbouti Rapport de l’enquête multisectorielle, juillet 2023",SMART,114.50599670410156,Age-Adjusted
DOM,DOMINICAN REPUBLIC,1986,1986,Latin America and the Caribbean,Caribbean,Latin America and the Caribbean,LAC,LAC,AMRO,Upper Middle Income,Latin America & Caribbean,,,Small island developing States (SIDS),214,200,Total,Reanalyzed,1831.7,0.8,w 31,2.4,w 31,1846.7,9.1,w 31,"September,1986-December,1986",Consejo Nacional de Población y Familia/República Dominicana and Institute for Resource Development/Westinghouse,"Encuesta demografica y de salud, 1986. Demographic and Health Surveys. Consejo Nacional de Poblacion y Familia. Santo Domingo, Republica Dominicana, 1987",DHS,950.875,Age-Adjusted
DOM,DOMINICAN REPUBLIC,1991,1991,Latin America and the Caribbean,Caribbean,Latin America and the Caribbean,LAC,LAC,AMRO,Upper Middle Income,Latin America & Caribbean,,,Small island developing States (SIDS),365,201,Total,Reanalyzed,2916.2,0.6,,2.1,,2990.6,8.4,,"July,1991-November,1991","Instituto de Estudios de Población y Desarrollo - IEPD/República Dominicana, Oficina Nacional de Planificación - ONAPLAN/República Dominicana, and Institute for Resource Development - IRD/Macro International","Encuesta demografica y de salud 1991. Demographic and Health Surveys. Santo Domingo, Republica Dominicana, 1992",DHS,1008.9910278320312,Age-Adjusted
DOM,DOMINICAN REPUBLIC,1996,1996,Latin America and the Caribbean,Caribbean,Latin America and the Caribbean,LAC,LAC,AMRO,Upper Middle Income,Latin America & Caribbean,,,Small island developing States (SIDS),1827,202,Total,Reanalyzed,3488.5,0.6,,2.0,,3565.3,4.7,,"September,1996-December,1996",Centro de Estudios Sociales y Demográficos - CESDEM/República Dominicana and Macro International,"Encuesta demografica y de salud 1996 (DHS). Centro de Estudios Sociales y Demograficos, Asociacion Dominicana Pro Bienestar de la Familia, Oficina Nacional de Planificacion. Santo Domingo, Republica Dominicana, 1997",DHS,1044.4239501953125,Age-Adjusted
DOM,DOMINICAN REPUBLIC,2000,2000,Latin America and the Caribbean,Caribbean,Latin America and the Caribbean,LAC,LAC,AMRO,Upper Middle Income,Latin America & Caribbean,,,Small island developing States (SIDS),2356,203,Total,Reanalyzed,1871.7,0.5,,1.5,,1868.5,3.3,,"October,2000-December,2000","Molina Achecar M, José Polanco J.","Encuesta por conglomerados de indicadores multiples (MICS-2000). Santo Domingo, D.N.: Secretariado Técnico de la Presidencia, Fondo de las Naciones Unidas para la Infancia (UNICEF), 2001",MICS,1026.4429931640625,Age-Adjusted
DOM,DOMINICAN REPUBLIC,2002,2002,Latin America and the Caribbean,Caribbean,Latin America and the Caribbean,LAC,LAC,AMRO,Upper Middle Income,Latin America & Caribbean,,,Small island developing States (SIDS),2580,204,Total,Reanalyzed,10546.0,0.8,,2.2,,10666.1,4.2,,"June,2002-December,2002","Molina Achécar M, Ramirez N, José Polanco J, Ochoa LH, Lerebours G, Garcia B.","Encuesta demografica y de salud, ENDESA 2002. Demographic and Health Surveys. Santo Domingo, Republica Dominicana: Centro de Estudios Sociales y Demograficos, 2003",DHS,1028.883056640625,Age-Adjusted
DOM,DOMINICAN REPUBLIC,2006,2006,Latin America and the Caribbean,Caribbean,Latin America and the Caribbean,LAC,LAC,AMRO,Upper Middle Income,Latin America & Caribbean,,,Small island developing States (SIDS),3079,205,Total,Reanalyzed,3833645056.0,0.4,r,1.7,r,3831815936.0,3.9,p,"May,2006-July,2006",Oficina Nacional de Estadistica (ONE).,"Encuesta nacional de hogares de proposito multiples (ENHOGAR-MICS 2006): Informe general. Santo Domingo, Republica Dominicana: ONE, 2008",MICS-Style,1013.64697265625,Age-Adjusted
DOM,DOMINICAN REPUBLIC,2007,2007,Latin America and the Caribbean,Caribbean,Latin America and the Caribbean,LAC,LAC,AMRO,Upper Middle Income,Latin America & Caribbean,,,Small island developing States (SIDS),2919,206,Total,Reanalyzed,10707.0,0.9,,2.3,,10769.8,3.4,,"March,2007-August,2007",Centro de Estudios Sociales y Demográficos (CESDEM) y Macro International Inc.,"Encuesta demográfica y de salud 2007. Demographic and Health Surveys. Santo Domingo, República Dominicana: CESDEM y Macro International Inc., 2008",DHS,1003.3460083007812,Age-Adjusted
DOM,DOMINICAN REPUBLIC,2013,2013,Latin America and the Caribbean,Caribbean,Latin America and the Caribbean,LAC,LAC,AMRO,Upper Middle Income,Latin America & Caribbean,,,Small island developing States (SIDS),3235,207,Total,Reanalyzed,3664.9,0.8,,2.4,,3667.4,4.0,,"July,2013-October,2013",Centro de Estudios Sociales y Demográficos (CESDEM) y ICF International.,"Encuesta demográfica y de salud 2013. Demographic and Health Surveys. Santo Domingo, República Dominicana: CESDEM y ICF International, 2014",DHS,1040.87353515625,Age-Adjusted
DOM,DOMINICAN REPUBLIC,2019,2019,Latin America and the Caribbean,Caribbean,Latin America and the Caribbean,LAC,LAC,AMRO,Upper Middle Income,Latin America & Caribbean,,,Small island developing States (SIDS),4701,4245,Total,Reanalyzed,8165.0,0.5,,2.2,,8240.3,3.0,,"September,2019-December,2019","National Statistics Office (Dominican Republic), United Nations Children's Fund (UNICEF)",Encuesta Nacional de Hogares de Propósitos Múltiples (ENHOGAR-MICS) 2019,MICS,1028.2054443359375,Age-Adjusted
ECU,ECUADOR,1986,1986,Latin America and the Caribbean,South America,Latin America and the Caribbean,LAC,LAC,AMRO,Upper Middle Income,Latin America & Caribbean,,,,197,208,Total,Adjusted,7798.0,,,2.3,c,7798.0,14.5,c,,"Freire W, Dirren H, Mora J, Arenales P, Granda E, Breilh J, et al.","Diagnostico de la situacion alimentaria, nutricional y de salud de la poblacion ecuatoriana menor de cinco años. Quito: Ministerio de Salud Publica y Consejo Nacional de Desarrollo, 1988",Other,1396.4759521484375,Age-Adjusted
ECU,ECUADOR,1998-1999,1999,Latin America and the Caribbean,South America,Latin America and the Caribbean,LAC,LAC,AMRO,Upper Middle Income,Latin America & Caribbean,,,,2298,209,Total,Reanalyzed,1354812.1,0.4,r,2.7,r,1368535.5,10.4,,"October,1998-September,1999","Larrea C, Freire WB, Lutter C.","Equidad desde el principio - situacion nutricional de los niños ecuatorianos. Encuesta de condiciones de vida, 1998. Organizacion Panamericana de la Salud y Ministerio de Salud Publica, Ecuador. Washington, D.C.: OPS, 2001",LSMS,1564.5875244140625,Age-Adjusted
ECU,ECUADOR,2004,2004,Latin America and the Caribbean,South America,Latin America and the Caribbean,LAC,LAC,AMRO,Upper Middle Income,Latin America & Caribbean,,,,2782,210,Total,Reanalyzed,5215.2,0.7,r,2.0,r,5263.3,6.7,p,"March,2004-May,2004",Centro de Estudios de Poblacion y Desarrollo Social (CEPAR) et al.,"Encuesta demografía y de salud materna e infantil, ENDEMAIN 2004: Informe final.  Quito, Ecuador: CEPAR, 2005",RHS,1576.823486328125,Age-Adjusted
ECU,ECUADOR,2005-2006,2006,Latin America and the Caribbean,South America,Latin America and the Caribbean,LAC,LAC,AMRO,Upper Middle Income,Latin America & Caribbean,,,,3333,211,Total,Reanalyzed,1432699.6,0.5,,2.1,,1438765.2,6.8,,"April,2005-October,2006",Instituto Nacional De Estadîstica y Censos (INEC) - Secretaria Nacional de Planificación y Desarrollo (SENPLADES),"Encuesta de Condiciones De Vida, Ecuador 2005-2006, V Ronda",Other,1577.530517578125,Age-Adjusted
ECU,ECUADOR,2012,2012,Latin America and the Caribbean,South America,Latin America and the Caribbean,LAC,LAC,AMRO,Upper Middle Income,Latin America & Caribbean,,,,3242,1298,Total,Reanalyzed,1588640.4,0.7,,2.4,,1621517.6,6.4,,"July,2012-December,2012","Ministry of Public Health (Ecuador), National Institute of Statistics and Censuses (Ecuador)",Encuesta Nacional de Salud y Nutrición (ENSANUT-ECU) 2011-2013,Other,1619.6324462890625,Age-Adjusted
ECU,ECUADOR,2013-2014,2014,Latin America and the Caribbean,South America,Latin America and the Caribbean,LAC,LAC,AMRO,Upper Middle Income,Latin America & Caribbean,,,,3334,801,Total,Reanalyzed,1507784.6,0.6,,1.6,,1523945.9,5.1,,"November,2013-October,2014",Instituto Nacional de Estadística Y Censos (INEC),"Informe de Resultados Encuesta de Condiciones de Vida (ECV) 2013-2014, Instituto Nacional de Estadística Y Censos, 2015",LSMS,1591.87353515625,Age-Adjusted
ECU,ECUADOR,2022-2023,2023,Latin America and the Caribbean,South America,Latin America and the Caribbean,LAC,LAC,AMRO,Upper Middle Income,Latin America & Caribbean,,,,10321,9071,Total,Reanalyzed,21346.7,0.1,63,0.9,63,21375.8,4.3,63,"July,2022-July,2023",La Secretaría Técnica Ecuador Crece Sin Desnutrición Infantil (STECSDI); Instituto Nacional de Estadística y Censos (INEC) ,"Encuesta Nacional de Desnutrición Infantil - ENDI, Ecuador 2022-2023",NNS,1403.7349853515625,Age-Adjusted
ECU,ECUADOR,2023-2024,2024,Latin America and the Caribbean,South America,Latin America and the Caribbean,LAC,LAC,AMRO,Upper Middle Income,Latin America & Caribbean,,,,11753,9221,Total,Reanalyzed,22209.0,0.1,63,0.7,63,22231.8,4.9,63,"July,2023-August,2024",La Secretaría Técnica Ecuador Crece Sin Desnutrición Infantil (STECSDI); Instituto Nacional de Estadística y Censos (INEC) ,"Encuesta Nacional de Desnutrición Infantil - ENDI Ronda 2, Ecuador 2023-2024",NNS,1375.3785400390625,Age-Adjusted
EGY,EGYPT,1988-1989,1988,Africa,Northern Africa,Western Asia and Northern Africa,MENA,MENA,EMRO,Lower Middle Income,Middle East & North Africa,,,,272,212,Total,Reanalyzed,2082.4,0.7,rw 23,2.2,rw 23,1946.9,10.5,w 23,"October,1988-January,1989","Abdel-Sayed H, Osman M, El-Zanaty F, Way A.","Egypt demographic and health survey 1988. Demographic and Health Surveys. Egypt National Population Council. Cairo, Egypt, 1989",DHS,8794.001953125,Age-Adjusted
EGY,EGYPT,1991,1991,Africa,Northern Africa,Western Asia and Northern Africa,MENA,MENA,EMRO,Lower Middle Income,Middle East & North Africa,,,,442,213,Total,Reanalyzed,3517.0,2.3,r,4.5,r,3614.0,10.5,p,"January,1991-March,1991",Central Agency for Public Mobilization and Statistics (Egypt),"Egyptian maternal and child health survey (EMCHS). PAPCHILD Surveys. Agency for Public Mobilisation and Statistics. Cairo, Arab Republic of Egypt, 1992",PAPFAM,9090.6337890625,Age-Adjusted
EGY,EGYPT,1992-1993,1992,Africa,Northern Africa,Western Asia and Northern Africa,MENA,MENA,EMRO,Lower Middle Income,Middle East & North Africa,,,,1408,214,Total,Reanalyzed,7385.9,1.8,,4.0,,7644.4,8.2,,"November,1992-February,1993","El-Zanaty FH, Sayed HAA, Zaky HHM, Way AA.","Egypt demographic and health survey 1992. Demographic and Health Surveys. Cairo, Egypt, 1993",DHS,9101.912109375,Age-Adjusted
EGY,EGYPT,1995-1996,1995,Africa,Northern Africa,Western Asia and Northern Africa,MENA,MENA,EMRO,Lower Middle Income,Middle East & North Africa,,,,1665,215,Total,Reanalyzed,9954.0,2.3,,5.7,,10225.6,10.8,,"October,1995-February,1996","El-Zanaty F, Hussein EM, Shawsky GA, Way AA, Kishor S.","Egypt demographic and health survey 1995. Demographic and Health Surveys. National Population Council. Cairo, Egypt, 1996",DHS,8950.2822265625,Age-Adjusted
EGY,EGYPT,1997-1998,1997,Africa,Northern Africa,Western Asia and Northern Africa,MENA,MENA,EMRO,Lower Middle Income,Middle East & North Africa,,,,1895,1756,Total,Adjusted,3328.0,,,7.5,c,3328.0,10.2,c,"December,1997-January,1998",El-Zanaty and Associates/Egypt and Macro International,"Egypt Demographic and Health Survey 1997. Cairo, Egypt: El-Zanaty and Associates/Egypt and Macro International.",IDHS,8929.0791015625,Age-Adjusted
EGY,EGYPT,1998,1998,Africa,Northern Africa,Western Asia and Northern Africa,MENA,MENA,EMRO,Lower Middle Income,Middle East & North Africa,,,,2109,217,Total,Adjusted,3997.0,,,6.4,c,3997.0,9.4,c,"November,1998-December,1998",El-Zanaty et al.,"Egypt demographic and health survey 1998. Demographic and Health Surveys. Cairo, Egypt, 1999",IDHS,9009.5654296875,Age-Adjusted
EGY,EGYPT,2003,2003,Africa,Northern Africa,Western Asia and Northern Africa,MENA,MENA,EMRO,Lower Middle Income,Middle East & North Africa,,,,2627,219,Total,Reanalyzed,5853.8,1.8,,5.2,,5940.1,8.7,,"May,2003-June,2003",El-Zanaty F and Way AA.,"2003 Egypt interim demographic and health survey. Demographic and Health Survey. Cairo, Egypt: Ministry of Health and Population [Egypt], National Population Council, El-Zanaty and Asociates, and ORC Macro, 2004",IDHS,9733.5068359375,Age-Adjusted
EGY,EGYPT,2005,2005,Africa,Northern Africa,Western Asia and Northern Africa,MENA,MENA,EMRO,Lower Middle Income,Middle East & North Africa,,,,2758,220,Total,Reanalyzed,12448.5,2.5,,5.3,,12827.9,5.4,,"April,2005-June,2005",El-Zanaty F and Way A.,"Egypt demographic and health survey 2005. Demographic and Health Surveys. Caire, Egypt: Ministry of Health and Population, National Population Council, El-Zanaty and Associates, and ORC Macro, 2006",DHS,10011.8232421875,Age-Adjusted
EGY,EGYPT,2008,2008,Africa,Northern Africa,Western Asia and Northern Africa,MENA,MENA,EMRO,Lower Middle Income,Middle East & North Africa,,,,2925,221,Total,Reanalyzed,9469.4,3.8,,7.9,,10047.2,6.8,,"March,2008-June,2008",El-Zanaty F and Way A.,"Egypt demographic and health survey 2008. Demographic and Health Surveys. Cairo, Egypt: Ministry of Health, 2009",DHS,10578.8310546875,Age-Adjusted
EGY,EGYPT,2014,2014,Africa,Northern Africa,Western Asia and Northern Africa,MENA,MENA,EMRO,Lower Middle Income,Middle East & North Africa,,,,3266,222,Total,Reanalyzed,14088.2,4.8,,9.5,,14898.9,7.0,,"April,2014-June,2014","Ministry of Health and Population [Egypt], El-Zanaty and Associates [Egypt], and ICF International.","Egypt demographic and health survey 2014. Demographic and Health Surveys. Cairo, Egypt and Rockville, Maryland, USA: Ministry of Health and Population and ICF International, 2015.",DHS,12576.1689453125,Age-Adjusted
EGY,EGYPT,2021-2022,2021,Africa,Northern Africa,Western Asia and Northern Africa,MENA,MENA,EMRO,Lower Middle Income,Middle East & North Africa,,,,9713,8886,Total,Reanalyzed,9541.7,1.5,66,3.3,66,9686.1,3.7,66,"October,2021-January,2022",Central Agency for Public Mobilization and Statistics (CAPMAS),Egypt Family Health Survey (EFHS) 2021,DHS-Style,12299.64453125,Age-Adjusted
SLV,EL SALVADOR,1988,1988,Latin America and the Caribbean,Central America,Latin America and the Caribbean,LAC,LAC,AMRO,Upper Middle Income,Latin America & Caribbean,,,,1056,223,Total,Reanalyzed,1994.0,0.5,r,2.2,r,2000.0,11.1,,"May,1988-August,1988","El Salvador Demographic Association (ADS), Institute of Nutrition of Central America and Panama, Ministry of Public Health and Social Assistance (El Salvador)","Evaluacion de la situacion alimentaria nutricional en El Salvador (ESANES-88). Ministerio de Salud Publica y Asistencia Social. San Salvador, El Salvador, 1990",NNS,797.7655029296875,Age-Adjusted
SLV,EL SALVADOR,1993,1993,Latin America and the Caribbean,Central America,Latin America and the Caribbean,LAC,LAC,AMRO,Upper Middle Income,Latin America & Caribbean,,,,1293,224,Total,Reanalyzed,7784.0,0.5,,1.5,,7787.0,8.0,,"March,1993-July,1993",Salvadoran Demographic Association.,"National family health survey 1993 (FESAL-93). San Salvador: Government of El Salvador, 1994",RHS,840.6594848632812,Age-Adjusted
SLV,EL SALVADOR,1998,1998,Latin America and the Caribbean,Central America,Latin America and the Caribbean,LAC,LAC,AMRO,Upper Middle Income,Latin America & Caribbean,,,,2101,225,Total,Reanalyzed,13644.5,0.4,,1.5,,13788.4,9.7,,"April,1998-November,1998",Salvadoran Demographic Association.,"National family health survey 1998: final report (FESAL-98). San Salvador, Republica de San Salvador, C.A., 2000",RHS,773.5570068359375,Age-Adjusted
SLV,EL SALVADOR,2002-2003,2003,Latin America and the Caribbean,Central America,Latin America and the Caribbean,LAC,LAC,AMRO,Upper Middle Income,Latin America & Caribbean,,,,2516,226,Total,Reanalyzed,6336.8,0.3,,1.3,,6367.8,6.1,,"November,2002-June,2003",Asociacion Demografica Salvadorena (ADS).,Encuesta nacional de salud familiar (FESAL) 2002/03. Informe final.,RHS,693.7755126953125,Age-Adjusted
SLV,EL SALVADOR,2008,2008,Latin America and the Caribbean,Central America,Latin America and the Caribbean,LAC,LAC,AMRO,Upper Middle Income,Latin America & Caribbean,,,,3070,227,Total,Reanalyzed,603578.9,0.5,,1.6,,605724.1,6.7,,"April,2008-September,2008","Asociacion Demografica Salvadorena (ADS), Division of Reproductive Health, Centers for Disease Control and Prevention (CDC).","Encuesta nacional de salud familiar, FESAL 2008. Informe resumido.  San Salvador, El Salvador: ADS, 2009",RHS,593.0640258789062,Age-Adjusted
SLV,EL SALVADOR,2014,2014,Latin America and the Caribbean,Central America,Latin America and the Caribbean,LAC,LAC,AMRO,Upper Middle Income,Latin America & Caribbean,,,,3287,228,Total,Reanalyzed,7189.3,0.4,,2.1,,7228.6,5.0,,"March,2014-October,2014",Ministerio de Salud/Instituto Nacional de Salud y UNICEF.,"Encuesta nacional de salud 2014 - Encuesta de indicadores multiples por conglomerados 2014, Resultados principales. San Salvador, El Salvador: Ministerio de Salud e Instituto Nacional de Salud.",MICS,574.281005859375,Age-Adjusted
SLV,EL SALVADOR,2021,2021,Latin America and the Caribbean,Central America,Latin America and the Caribbean,LAC,LAC,AMRO,Upper Middle Income,Latin America & Caribbean,,,,10050,8880,Total,Reported,385044.0,0.7,,2.9,,393572.0,5.0,,"March,2021-June,2021",Instituto Nacional de Salud,"Encuesta Nacional de Salud (ENS), El Salvador 2021.  Instituto Nacional de Salud, 2022.",Other,506.00299072265625,Age-Adjusted
GNQ,EQUATORIAL GUINEA,1997,1997,Africa,Middle Africa,Sub-Saharan Africa,SSA,WCA,AFRO,Upper Middle Income,Sub-Saharan Africa,,,,2981,229,Total,External Reanalysis,,2.5,,4.0,,,13.8,,"April,1997-May,1997","Custodio E, Descalzo MA, Roche J, Molina L, Sánchez I, Lwanga M, Torres AM, Fernández-Zincke E, Bernis C, Villamor E, Baylin A.",The economic and nutrition transition in Equatorial Guinea coincided with a double burden of over- and under nutrition. Economics and Human Biology 2010;8:80-87,NNS,108.0824966430664,Age-Adjusted
GNQ,EQUATORIAL GUINEA,2000,2000,Africa,Middle Africa,Sub-Saharan Africa,SSA,WCA,AFRO,Upper Middle Income,Sub-Saharan Africa,,,,2757,230,Total,Reanalyzed,2221.3,4.2,,9.2,,2429.4,15.7,,"June,2000-October,2000","Ministerio de Planificación y Desarrollo Económico, Dirección General de Estadística y Cuentas Nacionales.","Encuesta de indicadores multiples (MICS 2000): Informe final. Malabo, República de Guinea Educatorial:Ministerio de Planificación y Desarrollo Económico y UNICEF, 2001",MICS,118.41200256347656,Age-Adjusted
GNQ,EQUATORIAL GUINEA,2004,2004,Africa,Middle Africa,Sub-Saharan Africa,SSA,WCA,AFRO,Upper Middle Income,Sub-Saharan Africa,,,,2850,231,Total,Reanalyzed,32427.2,1.3,r,2.7,r,32494.7,10.5,p,"February,2004-March,2004","Custodio E, Descalzo MA, Roche J, Sánchez I, Molina L, Lwanga M, Bernis C, Villamor E, Baylin A",Nutritional status and its correlates in Equatorial Guinean preschool children: Results from a nationally representative survey. Food and Nutrition Bulletin 2008;29:49-58,NNS,142.1385040283203,Age-Adjusted
GNQ,EQUATORIAL GUINEA,2011,2011,Africa,Middle Africa,Sub-Saharan Africa,SSA,WCA,AFRO,Upper Middle Income,Sub-Saharan Africa,,,,3199,232,Total,Reported,1094.0,1.7,,3.1,,1094.0,5.6,,"July,2011-November,2011","Ministerio de Sanidad y Bienestar Social (MSBS), Ministerio de Economía, Planificación, e Inversiones Públicas (MEPIP), ICF International.","Encuesta demográfica y de salud en Guinea Ecuatorial (EDSGE-I). Demographic and Health Surveys. Guinea Ecuatorial y Calverton, Maryland, USA: MSBS, MEPIP e ICF, 2012.",DHS,197.7135009765625,Age-Adjusted
ERI,ERITREA,1993,1993,Africa,Eastern Africa,Sub-Saharan Africa,SSA,ESA,AFRO,Low Income,Sub-Saharan Africa,Least Developed Countries (LDCs),Low-Income Food-Deficit (LIFD),,1627,233,Total,Adjusted,,,,11.8,c,,36.9,c,,Ministry of Finance and Development.,"Children and women in Eritrea: 1994. Government of the State of Eritrea/UNICEF Situation Analysis. Asmara, Eritrea, 1994",Other,331.52801513671875,Age-Adjusted
ERI,ERITREA,1995-1996,1995,Africa,Eastern Africa,Sub-Saharan Africa,SSA,ESA,AFRO,Low Income,Sub-Saharan Africa,Least Developed Countries (LDCs),Low-Income Food-Deficit (LIFD),,1711,234,Total,Reanalyzed,2307.6,5.8,b,18.1,b,2344.0,39.3,b,"September,1995-January,1996",National Statistics Office [Eritrea] and Macro International Inc.,"Eritrea demographic and health survey 1995. Demographic and Health Surveys. Calverton, Maryland: National Statistics Office and Macro International Inc, 1997",DHS,350.06201171875,Age-Adjusted
ERI,ERITREA,2002,2002,Africa,Eastern Africa,Sub-Saharan Africa,SSA,ESA,AFRO,Low Income,Sub-Saharan Africa,Least Developed Countries (LDCs),Low-Income Food-Deficit (LIFD),,2494,235,Total,Reanalyzed,5618.7,4.8,,15.0,,5721.1,34.3,,"June,2002-July,2002",National Statistics and Evaluation Office (NSEO) [Eritrea] and ORC Macro.,"Eritrea demographic and health survey 2002. Demographic and Health Surveys. Calverton, Maryland, USA: National Statistics amd Evaluation Office and ORC Macro, 2003",DHS,399.5740051269531,Age-Adjusted
ERI,ERITREA,2010,2010,Africa,Eastern Africa,Sub-Saharan Africa,SSA,ESA,AFRO,Low Income,Sub-Saharan Africa,Least Developed Countries (LDCs),Low-Income Food-Deficit (LIFD),,3226,236,Total,Reanalyzed,6568.1,4.0,,14.6,,6633.9,39.4,,"January,2010-July,2010",National Statistics Office (NSO) [Eritrea] and Fafo AIS [Norway].,"Eritrea population and health survey 2010. Asmara, Eritrea: National Statistics Office and Fafo Institute for Applied International Studies, 2013.",Other,460.1814880371094,Age-Adjusted
EST,ESTONIA,2013-2015,2014,Europe,Northern Europe,Northern America and Europe,ECA,WE,EURO,High Income,Europe & Central Asia,,,,3465,3775,Total,Reanalyzed,75176.5,0.0,,1.5,,75901.4,0.4,,"October,2013-June,2015","National Institute for Health Development (Estonia), Nurk E, Nelis K, Saamel M,Martverk M, Jõeleht A and Nelis L,",National Dietary Survey among children up to ten years old and breastfeeding mothers in Estonia. EFSA supporting publication 2017:EN-1199. 25 pp.doi:10.2903/sp.efsa.2017.EN-1199,Other,72.69349670410156,Age-Adjusted
SWZ,ESWATINI,2000,2000,Africa,Southern Africa,Sub-Saharan Africa,SSA,ESA,AFRO,Lower Middle Income,Sub-Saharan Africa,,,Landlocked developing countries (LLDCs),2370,634,Total,Reanalyzed,3434.0,0.7,,1.7,,3405.8,9.1,,"July,2000-September,2000",Swaziland Government.,"Multiple indicator cluster survey (MICS): Model full report. Maseru, Swaziland: Central Statistical Office, 2002",MICS,149.30450439453125,Age-Adjusted
SWZ,ESWATINI,2006-2007,2006,Africa,Southern Africa,Sub-Saharan Africa,SSA,ESA,AFRO,Lower Middle Income,Sub-Saharan Africa,,,Landlocked developing countries (LLDCs),2894,635,Total,Reanalyzed,3004.1,1.2,,2.9,,3029.4,6.0,,"July,2006-March,2007","Central Statistical Office (CSO) [Swaziland], and Macro International Inc.","Swaziland demographic and health survey 2006-07. Demographic and Health Surveys. Mbabane, Swaziland: Central Statistical Office and Macro International Inc., 2008",DHS,151.32449340820312,Age-Adjusted
SWZ,ESWATINI,2008,2008,Africa,Southern Africa,Sub-Saharan Africa,SSA,ESA,AFRO,Lower Middle Income,Sub-Saharan Africa,,,Landlocked developing countries (LLDCs),3088,636,Total,Reported,,0.3,,1.1,,,7.3,,"August,2008-August,2008","Ministry of Health, National Nutrition Council.","Swaziland national nutrition survey report (November 2008). Mbabane, Swaziland: Ministry of Health, 2009.",NNS,153.3719940185547,Age-Adjusted
SWZ,ESWATINI,2010,2010,Africa,Southern Africa,Sub-Saharan Africa,SSA,ESA,AFRO,Lower Middle Income,Sub-Saharan Africa,,,Landlocked developing countries (LLDCs),3145,637,Total,Reanalyzed,2560.1,0.4,s,0.8,s,2572.0,5.9,s,"August,2010-November,2010",Central Statistical Office and UNICEF.,"Swaziland multiple indicator cluster survey 2010 (MICS): Final report. Mbabane, Swaziland, Central Statistical Office and UNICEF, 2011",MICS,152.2729949951172,Age-Adjusted
SWZ,ESWATINI,2014,2014,Africa,Southern Africa,Sub-Saharan Africa,SSA,ESA,AFRO,Lower Middle Income,Sub-Saharan Africa,,,Landlocked developing countries (LLDCs),3289,638,Total,Reanalyzed,2622.8,0.4,,2.0,,2640.6,5.8,,"July,2014-October,2014",Central Statistical Office and UNICEF.,"Swaziland Multiple Indicator Cluster Survey 2014. Final Report. Mbabane, Swaziland, Central Statistical Office and UNICEF",MICS,146.15899658203125,Age-Adjusted
SWZ,ESWATINI,2021-2022,2021,Africa,Southern Africa,Sub-Saharan Africa,SSA,ESA,AFRO,Lower Middle Income,Sub-Saharan Africa,,,Landlocked developing countries (LLDCs),4781,4300,Total,Reanalyzed,2170.7,0.5,,1.8,,2186.3,5.0,,"September,2021-March,2022",Central Statistical Office (CSO),"Eswatini Multiple Indicator Cluster Survey 2021-2022, Survey Findings  Report. Mbabane, Eswatini: Central Statistical Office (CSO).",MICS,142.47799682617188,Age-Adjusted
ETH,ETHIOPIA,1992,1992,Africa,Eastern Africa,Sub-Saharan Africa,SSA,ESA,AFRO,Low Income,Sub-Saharan Africa,Least Developed Countries (LDCs),Low-Income Food-Deficit (LIFD),Landlocked developing countries (LLDCs),533,237,Total,Adjusted,20230.0,,,9.2,cd 4,20230.0,41.9,cd 4,"March,1992-March,1992","Central Statistical Authority, Transitional Government of Ethiopia","Report on the National Rural Nutrition Survey, Core Module. Transitional Government of Ethiopia, Central Statistical Authority. Statistical Bulletin No 113. Addis Ababa, Ethiopia; 1993.",NNS,10248.8056640625,Age-Adjusted
ETH,ETHIOPIA,2000,2000,Africa,Eastern Africa,Sub-Saharan Africa,SSA,ESA,AFRO,Low Income,Sub-Saharan Africa,Least Developed Countries (LDCs),Low-Income Food-Deficit (LIFD),Landlocked developing countries (LLDCs),2220,238,Total,Reanalyzed,10794.5,3.8,,12.4,,10901.3,41.8,,"February,2000-May,2000",Central Statistical Authority [Ethiopia] and ORC Macro.,"Ethiopia demographic and health survey 2000. Demographic and Health Surveys. Addis Ababa, Ethiopia and Calverton, Maryland, USA: Central Statistical Authority and ORC Macro, 2001",DHS,13102.5068359375,Age-Adjusted
ETH,ETHIOPIA,2005,2005,Africa,Eastern Africa,Sub-Saharan Africa,SSA,ESA,AFRO,Low Income,Sub-Saharan Africa,Least Developed Countries (LDCs),Low-Income Food-Deficit (LIFD),Landlocked developing countries (LLDCs),2762,239,Total,Reanalyzed,4753.2,4.7,,12.4,,5014.6,34.3,,"April,2005-August,2005",General Statistical Agency [Ethiopia] and ORC Macro.,"Ethiopia demographic and health survey 2005. Demographic and Health Surveys. Addis Ababa, Ethiopia and Calverton, Maryland, USA: General Statistical Agency and ORC Macro, 2006",DHS,14467.4072265625,Age-Adjusted
ETH,ETHIOPIA,2010-2011,2011,Africa,Eastern Africa,Sub-Saharan Africa,SSA,ESA,AFRO,Low Income,Sub-Saharan Africa,Least Developed Countries (LDCs),Low-Income Food-Deficit (LIFD),Landlocked developing countries (LLDCs),3116,240,Total,Reanalyzed,11012.8,2.9,,9.8,,11223.6,29.2,,"December,2010-June,2011",Central Statistical Agency [Ethiopia] and ICF International.,"Ethiopia demographic and health survey 2011. Demographic and Health Surveys. Addis Ababa, Ethiopia and Calverton, Maryland, USA: Central Statistical Agency and ICF International, 2012",DHS,15464.96484375,Age-Adjusted
ETH,ETHIOPIA,2014,2014,Africa,Eastern Africa,Sub-Saharan Africa,SSA,ESA,AFRO,Low Income,Sub-Saharan Africa,Least Developed Countries (LDCs),Low-Income Food-Deficit (LIFD),Landlocked developing countries (LLDCs),3225,241,Total,Reanalyzed,5045.3,2.7,,8.8,,5132.6,26.5,,"January,2014-April,2014",Central Statistical Agency [Ethiopia].,"Ethiopia mini demographic and health survey 2014. Addis Ababa, Ethiopia, 2014.",DHS-Style,15641.4189453125,Age-Adjusted
ETH,ETHIOPIA,2016,2016,Africa,Eastern Africa,Sub-Saharan Africa,SSA,ESA,AFRO,Low Income,Sub-Saharan Africa,Least Developed Countries (LDCs),Low-Income Food-Deficit (LIFD),Landlocked developing countries (LLDCs),3301,1303,Total,Reanalyzed,10434.3,3.0,,10.0,,10549.8,23.5,,"January,2016-June,2016","Central Statistical Agency, Addis Ababa, Ethiopia, and The DHS Program, ICF, Rockville, Maryland, USA","Ethiopia Demographic and Health Survey 2016. Addis Ababa, Ethiopia, and Rockville, Maryland, USA: CSA and ICF.",DHS,16021.37890625,Age-Adjusted
ETH,ETHIOPIA,2019,2019,Africa,Eastern Africa,Sub-Saharan Africa,SSA,ESA,AFRO,Low Income,Sub-Saharan Africa,Least Developed Countries (LDCs),Low-Income Food-Deficit (LIFD),Landlocked developing countries (LLDCs),3388,3507,Total,Reanalyzed,5301.0,1.1,,6.8,,5338.1,21.2,,"March,2019-June,2019",Ethiopian Public Health Institute (EPHI) [Ethiopia] and ICF,"Ethiopia Mini Demographic and Health  Survey 2019: Final Report. Rockville, Maryland, USA: EPHI and ICF, 2021.",IDHS,17227.900390625,Age-Adjusted
FJI,FIJI,1993,1993,Oceania,Melanesia,Oceania excluding Australia and New Zealand,EAP,EAP,WPRO,Upper Middle Income,East Asia & Pacific,,,Small island developing States (SIDS),1513,242,Total,Adjusted,618.0,,,9.8,c,618.0,6.9,c,"May,1993-November,1993",National Food and Nutrition Committee,"1993 National nutrition survey - main report. Suva: National Food and Nutrition Committee, 1995",NNS,105.42949676513672,Age-Adjusted
FJI,FIJI,2004,2004,Oceania,Melanesia,Oceania excluding Australia and New Zealand,EAP,EAP,WPRO,Upper Middle Income,East Asia & Pacific,,,Small island developing States (SIDS),3153,243,Total,Reanalyzed,737.0,1.8,r,6.4,r,755.0,5.4,,"May,2004-September,2004",National Food and Nutrition Centre.,"2004 Fiji national nutrition survey: Main report. Suva, Fiji, 2007",NNS,99.03350067138672,Age-Adjusted
FJI,FIJI,2014-2015,2014,Oceania,Melanesia,Oceania excluding Australia and New Zealand,EAP,EAP,WPRO,Upper Middle Income,East Asia & Pacific,,,Small island developing States (SIDS),4844,1757,Total,Reported,,2.0,,7.0,,,5.9,,"October,2014-March,2015",National Food and Nutrition Centre,"2014-2015 Fiji national nutrition survey: Summary Report. Suva, Fiji,",NNS,95.53199768066406,Age-Adjusted
FJI,FIJI,2021,2021,Oceania,Melanesia,Oceania excluding Australia and New Zealand,EAP,EAP,WPRO,Upper Middle Income,East Asia & Pacific,,,Small island developing States (SIDS),4847,2436,Total,Reanalyzed,1970.0,1.1,,4.6,,2043.9,4.6,,"March,2021-April,2021",Fiji Bureau of Statistics,"Fiji Multiple Indicator Cluster Survey 2021, Fact Sheet. Suva, Fiji: Fiji Bureau of  Statistics.",MICS,85.22850036621094,Age-Adjusted
FIN,FINLAND,2013,2013,Europe,Northern Europe,Northern America and Europe,ECA,WE,EURO,High Income,Europe & Central Asia,,,,4855,4542,Total,Reported,104726.0,0.1,,1.2,,,,,"January,2013-December,2013",THL (Finnish Institute for Health and Welfare),"Terveystarkastukset lastenneuvolassa & kouluterveydenhuollossa, 2013",Admin,303.5474853515625,Age-Adjusted
FIN,FINLAND,2014,2014,Europe,Northern Europe,Northern America and Europe,ECA,WE,EURO,High Income,Europe & Central Asia,,,,4856,4543,Total,Reported,120864.0,0.1,,1.2,,,,,"January,2014-December,2014",THL (Finnish Institute for Health and Welfare),"Terveystarkastukset lastenneuvolassa & kouluterveydenhuollossa, 2014",Admin,301.572998046875,Age-Adjusted
FIN,FINLAND,2015,2015,Europe,Northern Europe,Northern America and Europe,ECA,WE,EURO,High Income,Europe & Central Asia,,,,4857,4544,Total,Reported,113113.0,0.1,,1.2,,,,,"January,2015-December,2015",THL (Finnish Institute for Health and Welfare),"Terveystarkastukset lastenneuvolassa & kouluterveydenhuollossa, 2015",Admin,297.2590026855469,Age-Adjusted
FIN,FINLAND,2016,2016,Europe,Northern Europe,Northern America and Europe,ECA,WE,EURO,High Income,Europe & Central Asia,,,,4858,4545,Total,Reported,119981.0,0.1,,1.2,,,,,"January,2016-December,2016",THL (Finnish Institute for Health and Welfare),"Terveystarkastukset lastenneuvolassa & kouluterveydenhuollossa, 2016",Admin,290.9595031738281,Age-Adjusted
FIN,FINLAND,2017,2017,Europe,Northern Europe,Northern America and Europe,ECA,WE,EURO,High Income,Europe & Central Asia,,,,4859,4546,Total,Reported,131608.0,0.1,,1.0,,,,,"January,2017-December,2017",THL (Finnish Institute for Health and Welfare),"Terveystarkastukset lastenneuvolassa & kouluterveydenhuollossa, 2017",Admin,283.0255126953125,Age-Adjusted
FIN,FINLAND,2018,2018,Europe,Northern Europe,Northern America and Europe,ECA,WE,EURO,High Income,Europe & Central Asia,,,,4860,4547,Total,Reported,129073.0,0.1,,1.1,,,,,"January,2018-December,2018",THL (Finnish Institute for Health and Welfare),"Terveystarkastukset lastenneuvolassa & kouluterveydenhuollossa, 2018",Admin,273.10101318359375,Age-Adjusted
FIN,FINLAND,2019,2019,Europe,Northern Europe,Northern America and Europe,ECA,WE,EURO,High Income,Europe & Central Asia,,,,4861,4548,Total,Reported,127462.0,0.1,,1.2,,,,,"January,2019-December,2019",THL (Finnish Institute for Health and Welfare),"Terveystarkastukset lastenneuvolassa & kouluterveydenhuollossa, 2019",Admin,261.8085021972656,Age-Adjusted
FIN,FINLAND,2020,2020,Europe,Northern Europe,Northern America and Europe,ECA,WE,EURO,High Income,Europe & Central Asia,,,,4862,4549,Total,Reported,133699.0,0.1,,1.1,,,,,"January,2020-December,2020",THL (Finnish Institute for Health and Welfare),"Terveystarkastukset lastenneuvolassa & kouluterveydenhuollossa, 2020",Admin,251.4615020751953,Age-Adjusted
FIN,FINLAND,2021,2021,Europe,Northern Europe,Northern America and Europe,ECA,WE,EURO,High Income,Europe & Central Asia,,,,11761,9222,Total,Reported,156232.0,0.1,,1.4,,,,,"January,2021-December,2021",THL (Finnish Institute for Health and Welfare),"Terveystarkastukset lastenneuvolassa & kouluterveydenhuollossa, 2021",Admin,245.1439971923828,Age-Adjusted
FIN,FINLAND,2022,2022,Europe,Northern Europe,Northern America and Europe,ECA,WE,EURO,High Income,Europe & Central Asia,,,,11762,9223,Total,Reported,172707.0,0.2,,1.6,,,,,"January,2022-December,2022",THL (Finnish Institute for Health and Welfare),"Terveystarkastukset lastenneuvolassa & kouluterveydenhuollossa, 2022",Admin,240.99899291992188,Age-Adjusted
FIN,FINLAND,2023,2023,Europe,Northern Europe,Northern America and Europe,ECA,WE,EURO,High Income,Europe & Central Asia,,,,11763,9224,Total,Reported,179230.0,0.2,,1.6,,,,,"January,2023-December,2023",THL (Finnish Institute for Health and Welfare),"Terveystarkastukset lastenneuvolassa & kouluterveydenhuollossa, 2023",Admin,236.63499450683594,Age-Adjusted
GAB,GABON,2000-2001,2000,Africa,Middle Africa,Sub-Saharan Africa,SSA,WCA,AFRO,Upper Middle Income,Sub-Saharan Africa,,,,2278,244,Total,Reanalyzed,3170.5,1.5,,4.2,,3178.8,9.0,,"June,2000-February,2001",Direction Générale de la Statistique et des Etudes Economiques (DGSEE) [Gabon] et ORC Macro.,"Enquête démographique et de santé Gabon 2000. DHS. Calverton, Maryland: Direction Générale de la Statistique et des Etudes Economiques, et Fonds des Nations Unies pour la Population, et ORC Macro, 2001",DHS,189.093994140625,Age-Adjusted
GAB,GABON,2012,2012,Africa,Middle Africa,Sub-Saharan Africa,SSA,WCA,AFRO,Upper Middle Income,Sub-Saharan Africa,,,,3162,245,Total,Reanalyzed,3936.8,1.3,,3.4,,3998.6,6.4,,"January,2012-May,2012",Direction Générale de la Statistique (DGS) et ICF International.,"Enquête démographique et de santé du Gabon 2012. Demographic and Health Surveys. Calverton, Maryland, et Libreville, Gabon : DGS et ICF International, 2013",DHS,266.2619934082031,Age-Adjusted
GAB,GABON,2020-2021,2020,Africa,Middle Africa,Sub-Saharan Africa,SSA,WCA,AFRO,Upper Middle Income,Sub-Saharan Africa,,,,3469,8922,Total,Reanalyzed,6522.0,0.9,,3.4,,6499.6,5.4,,"January,2020-October,2021",Direction Générale de la Statistique (DGS) et ICF,"Enquête Démographique et de Santé au Gabon, 2019– 21. Libreville, Gabon et Rockville, Maryland, USA : DGS et ICF",DHS,321.4045104980469,Age-Adjusted
GMB,GAMBIA,1996,1996,Africa,Western Africa,Sub-Saharan Africa,SSA,WCA,AFRO,Low Income,Sub-Saharan Africa,Least Developed Countries (LDCs),Low-Income Food-Deficit (LIFD),,1787,246,Total,Adjusted,,,,,,2401.0,23.2,c,"March,1996-April,1996","Central Statistics Department [The Gambia], et al.","Report of the progress of the mid-decade goals in the Gambia (MICS), 1996. Banjul: The Republic of The Gambia and UNICEF, 1998",MICS,247.60699462890625,Age-Adjusted
GMB,GAMBIA,2000,2000,Africa,Western Africa,Sub-Saharan Africa,SSA,WCA,AFRO,Low Income,Sub-Saharan Africa,Least Developed Countries (LDCs),Low-Income Food-Deficit (LIFD),,2328,247,Total,Reanalyzed,2775.8,2.5,,9.1,,2596.0,15.4,,"May,2000-June,2000",Government of The Gambia and UNICEF.,"The Gambia multiple indicator cluster survey report, 2000 (MICS). Banjul, The Gambia, 2002",MICS,264.2204895019531,Age-Adjusted
GMB,GAMBIA,2005-2006,2006,Africa,Western Africa,Sub-Saharan Africa,SSA,WCA,AFRO,Low Income,Sub-Saharan Africa,Least Developed Countries (LDCs),Low-Income Food-Deficit (LIFD),,2861,248,Total,Reanalyzed,6376.5,1.8,,7.4,,6421.0,15.8,,"December,2005-March,2006",Gambia Bureau of Statistics (GBoS).,"The Gambia Multiple Indicator Cluster Survey 2005/2006 Report. Banjul, The Gambia: GBoS, 2007",MICS,295.66650390625,Age-Adjusted
GMB,GAMBIA,2010,2010,Africa,Western Africa,Sub-Saharan Africa,SSA,WCA,AFRO,Low Income,Sub-Saharan Africa,Least Developed Countries (LDCs),Low-Income Food-Deficit (LIFD),,3214,249,Total,Reanalyzed,11423.1,2.1,s,9.5,s,11479.9,17.4,s,"April,2010-August,2010",The Gambia Bureau of Statistics (GBOS).,"The Gambia multiple indicator cluster survey 2010 (MICS): Final report. Banjul, The Gambia: GBOS, 2012",MICS,330.843505859375,Age-Adjusted
GMB,GAMBIA,2010-2011,2010,Africa,Western Africa,Sub-Saharan Africa,SSA,WCA,AFRO,Low Income,Sub-Saharan Africa,Least Developed Countries (LDCs),Low-Income Food-Deficit (LIFD),,4914,1292,Total,Reanalyzed,4650.5,3.2,r,10.9,r,4784.9,20.3,,"January,2010-January,2011",Gambia Bureau of Statistics,Gambia Integrated Household Survey Income and Expenditure Poverty Assessment-2010,Other,330.843505859375,Age-Adjusted
GMB,GAMBIA,2012,2012,Africa,Western Africa,Sub-Saharan Africa,SSA,WCA,AFRO,Low Income,Sub-Saharan Africa,Least Developed Countries (LDCs),Low-Income Food-Deficit (LIFD),,3335,804,Total,Reanalyzed,7200.0,1.6,s,9.5,s,7217.7,17.9,s,"September,2012-October,2012","National Nutrition Agency (NaNA), Office of the Vice President and Ministry of Women's Affairs, Gambia; UNICEF",National Nutrition Survey in the Gambia using the Standardised Monitoring and Assessment of Relief Transition (SMART) methods,SMART,349.2225036621094,Age-Adjusted
GMB,GAMBIA,2013,2013,Africa,Western Africa,Sub-Saharan Africa,SSA,WCA,AFRO,Low Income,Sub-Saharan Africa,Least Developed Countries (LDCs),Low-Income Food-Deficit (LIFD),,3275,250,Total,Reanalyzed,3480.2,4.3,,11.0,,3679.9,16.5,,"February,2013-April,2013",The Gambia Bureau of Statistics (GBOS) and ICF International.,"The Gambia Demographic and Health Survey 2013. Banjul, The Gambia, and Rockville, Maryland, USA: GBOS and ICF International, 2014.",DHS,358.7650146484375,Age-Adjusted
GMB,GAMBIA,2018,2018,Africa,Western Africa,Sub-Saharan Africa,SSA,WCA,AFRO,Low Income,Sub-Saharan Africa,Least Developed Countries (LDCs),Low-Income Food-Deficit (LIFD),,3389,2609,Total,Reanalyzed,9677.0,1.0,,6.2,,9779.1,13.9,,"January,2018-April,2018",The Gambia Bureau of Statistics,"The Gambia Multiple Indicator Cluster Survey 2018, Survey Findings Report. Banjul, The Gambia: The Gambia Bureau of Statistics",MICS,377.1820068359375,Age-Adjusted
GMB,GAMBIA,2018,2018,Africa,Western Africa,Sub-Saharan Africa,SSA,WCA,AFRO,Low Income,Sub-Saharan Africa,Least Developed Countries (LDCs),Low-Income Food-Deficit (LIFD),,3390,2272,Total,Reanalyzed,1363.4,1.3,s,6.0,s,1330.4,10.3,ps,"March,2018-May,2018","National Nutrition Agency (NaNA)-Gambia, UNICEF, Gambia Bureau of Statistics (GBOS), GroundWork","Gambia National Micronutrient Survey 2018. Banjul, Gambia; 2019",Other,377.1820068359375,Age-Adjusted
GMB,GAMBIA,2019-2020,2020,Africa,Western Africa,Sub-Saharan Africa,SSA,WCA,AFRO,Low Income,Sub-Saharan Africa,Least Developed Countries (LDCs),Low-Income Food-Deficit (LIFD),,3466,4267,Total,Reanalyzed,3944.1,0.6,,5.1,,3964.2,11.6,,"November,2019-March,2020","The Gambia Bureau of Statistics (GBoS), Ministry of Health (MoH) [The Gambia], and ICF","The Gambia Demographic and Health Survey 2019- 20. Banjul, The Gambia and Rockville, Maryland, USA: GBoS and ICF",DHS,375.7074890136719,Age-Adjusted
GEO,GEORGIA,1999,1999,Asia,Western Asia,Western Asia and Northern Africa,ECA,EECA,EURO,Upper Middle Income,Europe & Central Asia,,,,2073,251,Total,Adjusted,3434.0,,,3.1,c,3434.0,2.7,c,"April,1999-June,1999","State Department of Statistics, National Center for Disease Control; UNICEF","Georgia multiple indicator cluster survey 1999 (MICS). Tibilisi, Georgia, 2000",MICS,287.90399169921875,Age-Adjusted
GEO,GEORGIA,2005,2005,Asia,Western Asia,Western Asia and Northern Africa,ECA,EECA,EURO,Upper Middle Income,Europe & Central Asia,,,,2889,252,Total,Reanalyzed,1818.0,1.1,,3.0,,1923.7,2.4,,"November,2005-December,2005",State Department of Statistics [Georgia] and National Cenre for Disease Control [Georgia].,Georgia monitoring the situation of children and women. Mulitple indicator cluster survey 2005.,MICS,238.75450134277344,Age-Adjusted
GEO,GEORGIA,2009,2009,Asia,Western Asia,Western Asia and Northern Africa,ECA,EECA,EURO,Upper Middle Income,Europe & Central Asia,,,,3082,253,Total,Reanalyzed,3053050.0,0.3,rs,1.3,rs,3130647.0,1.1,s,"October,2009-November,2009","Georgia National Center for Disease Control and Public Health (NCDC&PH), UNICEF.","Report of the Georgia national nutrition survey (GNNS) 2009. Tbilisi, Georgia: NCDC&PH and UNICEF, 2010.",NNS,258.02850341796875,Age-Adjusted
GEO,GEORGIA,2018,2018,Asia,Western Asia,Western Asia and Northern Africa,ECA,EECA,EURO,Upper Middle Income,Europe & Central Asia,,,,3467,2186,Total,Reanalyzed,1948.5,0.1,,0.6,,2010.6,2.1,,"September,2018-December,2018",National Statistics Office of Georgia (Geostat),"Georgia Multiple Indicator Cluster Survey 2018, Survey Findings Report. Tbilisi, Georgia: National Statistics Office of Georgia.",MICS,289.4779968261719,Age-Adjusted
DEU,GERMANY,2003-2006,2004,Europe,Western Europe,Northern America and Europe,ECA,WE,EURO,High Income,Europe & Central Asia,,,,2939,254,Total,Reanalyzed,4173.5,0.1,,1.0,,4214.9,1.1,,"May,2003-May,2006",Robert Koch Institute,"German Health Interview and Examination Survey for Children and Adolescents (KiGGS), Baseline Study: 2003-2006",Other,3771.955078125,Age-Adjusted
DEU,GERMANY,2014-2017,2016,Europe,Western Europe,Northern America and Europe,ECA,WE,EURO,High Income,Europe & Central Asia,,,,3391,1357,Total,Reanalyzed,446.0,0.1,b,0.5,b,450.4,0.6,b,"September,2014-August,2017",Robert Koch Institute,German Health Interview and Examination Survey for Children and Adolescents KiGGS Wave 2: 2014-2017,Other,3704.819580078125,Age-Adjusted
GHA,GHANA,1988,1988,Africa,Western Africa,Sub-Saharan Africa,SSA,WCA,AFRO,Lower Middle Income,Sub-Saharan Africa,,,,426,255,Total,Reanalyzed,1980.0,2.1,rw 23,9.1,rw 23,1851.0,22.9,w 23,"February,1988-June,1988",Ghana Statistical Service - GSS and Institute for Resource Development/Macro Systems,"Ghana demographic and health survey 1988. Demographic and Health Surveys. Ghana Statistical Service. Accra, Ghana, 1989",DHS,2615.137451171875,Age-Adjusted
GHA,GHANA,1993-1994,1993,Africa,Western Africa,Sub-Saharan Africa,SSA,WCA,AFRO,Lower Middle Income,Sub-Saharan Africa,,,,1422,256,Total,Reanalyzed,1914.0,4.0,b,12.3,b,1893.0,25.1,b,"September,1993-February,1994",Ghana Statistical Service (GSS) and Macro International Inc. (MI).,"Ghana demographic and health survey 1993. Demographic and Health Surveys. Calverton, Maryland: GSS and MI, 1994",DHS,2815.58544921875,Age-Adjusted
GHA,GHANA,1997,1997,Africa,Western Africa,Sub-Saharan Africa,SSA,WCA,AFRO,Lower Middle Income,Sub-Saharan Africa,,,,3468,1282,Total,Reanalyzed,1395769.8,2.2,r,8.2,r,1401260.1,22.2,,"August,1997-September,1997",Ghana Statistical Service - Office of the President,"Ghana Core Welfare Indicators Questionnaire Survey 1997, First round",CWIQ,2909.318603515625,Age-Adjusted
GHA,GHANA,1998-1999,1998,Africa,Western Africa,Sub-Saharan Africa,SSA,WCA,AFRO,Lower Middle Income,Sub-Saharan Africa,,,,1995,257,Total,Reanalyzed,2722.4,2.5,,9.9,,2656.5,20.1,,"November,1998-February,1999",Ghana Statistical Service (GSS) and Macro International Inc. (MI).,"Ghana demographic and health survey 1998. Demographic and Health Surveys. Calverton, Maryland: GSS and MI, 1999",DHS,2934.95751953125,Age-Adjusted
GHA,GHANA,2003,2003,Africa,Western Africa,Sub-Saharan Africa,SSA,WCA,AFRO,Lower Middle Income,Sub-Saharan Africa,,,,2628,258,Total,Reanalyzed,3239.7,2.8,,8.4,,3355.8,19.0,,"July,2003-October,2003","Ghana Statistical Service (GSS), Noguchi Memorial Institute for Medical Research (NMIMR), and ORC Macro.","Ghana demographic and health survey 2003. Demographic and Health Surveys. Calverton, Maryland: GSS, NMIMR, and ORC Macro, 2004",DHS,3278.973388671875,Age-Adjusted
GHA,GHANA,2006,2006,Africa,Western Africa,Sub-Saharan Africa,SSA,WCA,AFRO,Lower Middle Income,Sub-Saharan Africa,,,,2883,259,Total,Reanalyzed,3348.1,1.8,,6.0,,3236.7,13.9,,"August,2006-October,2006","Statistical Service (Ghana), Ministry of Health, USAID and UNICEF.","Monitoring the situation of children, women and men. Ghana Multiple indicator cluster survey 2006.",MICS,3497.2314453125,Age-Adjusted
GHA,GHANA,2008,2008,Africa,Western Africa,Sub-Saharan Africa,SSA,WCA,AFRO,Lower Middle Income,Sub-Saharan Africa,,,,2963,260,Total,Reanalyzed,2579.1,2.4,,8.7,,2707.6,14.4,,"September,2008-November,2008","Ghana Statistical Service (GSS), Ghana Health Service (GHS), and ICF Macro.","Ghana demographic and health survey 2008. Demographic and Health Surveys. Accra, Ghana: GSS, GHS, and ICF Macro, 2009",DHS,3618.991455078125,Age-Adjusted
GHA,GHANA,2011,2011,Africa,Western Africa,Sub-Saharan Africa,SSA,WCA,AFRO,Lower Middle Income,Sub-Saharan Africa,,,,3215,261,Total,Reanalyzed,7379.2,1.4,s,6.2,s,7373.2,13.4,s,"September,2011-December,2011",Ghana Statistical Service.,"Ghana multiple indicator cluster survey (MICS) with an enhanced malaria module and biomarker 2011: Final report. Accra, Ghana, 2012",MICS,3813.679931640625,Age-Adjusted
GHA,GHANA,2014,2014,Africa,Western Africa,Sub-Saharan Africa,SSA,WCA,AFRO,Lower Middle Income,Sub-Saharan Africa,,,,3248,262,Total,Reanalyzed,2901.8,0.7,,4.7,,2911.4,11.2,,"September,2014-December,2014","Ghana Statistical Service (GSS), National Public Health and Reference Laboratory (NPHRL) and the Ghana Health Service (GHS).","Ghana Demographic and Health Survey 2014. Rockville, Maryland, USA: GSS, GHS, and ICF International.",DHS,4068.330078125,Age-Adjusted
GHA,GHANA,2017-2018,2017,Africa,Western Africa,Sub-Saharan Africa,SSA,WCA,AFRO,Lower Middle Income,Sub-Saharan Africa,,,,3392,2495,Total,Reanalyzed,8775.2,1.1,,6.8,,8664.5,12.6,,"October,2017-January,2018",Ghana Statistical Service,"Multiple Indicator Cluster Survey (MICS2017/18), Survey Findings Report. Accra, Ghana: GSS",MICS,4215.6943359375,Age-Adjusted
GHA,GHANA,2022-2023,2022,Africa,Western Africa,Sub-Saharan Africa,SSA,WCA,AFRO,Lower Middle Income,Sub-Saharan Africa,,,,10054,9007,Total,Reanalyzed,4288.1,1.2,,5.8,,4299.3,12.0,,"October,2022-January,2023",Ghana Statistical Service (GSS) and ICF,"Ghana Demographic and Health Survey 2022. Accra, Ghana, and Rockville, Maryland, USA: GSS and ICF.",DHS,4204.4775390625,Age-Adjusted
GRC,GREECE,2003-2004,2003,Europe,Southern Europe,Northern America and Europe,ECA,WE,EURO,High Income,Europe & Central Asia,,,,2727,4322,Total,Reanalyzed,2239.0,0.1,b,1.5,b,2266.0,0.5,b,"July,2003-May,2004","Department of Nutrition & Dietetics, Harokopio University of Athens, Greece","Greece 2003-2004 Growth, Exercise and Nutrition Epidemiological Study In preSchoolers (The GENESIS) Study",NNS,534.7515258789062,Age-Adjusted
GTM,GUATEMALA,1987,1987,Latin America and the Caribbean,Central America,Latin America and the Caribbean,LAC,LAC,AMRO,Upper Middle Income,Latin America & Caribbean,,,,427,263,Total,Reanalyzed,2246.0,0.5,rw 23,2.4,rw 23,2249.0,27.8,w 23,"September,1987-December,1987","Delgado H, Hidalgo E, Giron EM, Pareja G.","Encuesta nacional de salud materno infantil 1987. Demographic and Health Surveys. Ministerio de Salud Publica y Asistencia Social. Guatemala, Central America, 1989",DHS,1474.1534423828125,Age-Adjusted
GTM,GUATEMALA,1995,1995,Latin America and the Caribbean,Central America,Latin America and the Caribbean,LAC,LAC,AMRO,Upper Middle Income,Latin America & Caribbean,,,,1672,264,Total,Reanalyzed,7876.9,1.5,r,3.8,r,8027.5,21.7,,"June,1995-December,1995",Instituto Nacional de Estadística - INE/Guatemala and Macro International,"Encuesta nacional de salud materno infantil 1995. Demographic and Health Surveys. Ciudad de Guatemala, Guatemala, 1996",DHS,1751.0035400390625,Age-Adjusted
GTM,GUATEMALA,1998-1999,1999,Latin America and the Caribbean,Central America,Latin America and the Caribbean,LAC,LAC,AMRO,Upper Middle Income,Latin America & Caribbean,,,,2082,265,Total,Reanalyzed,3634.1,1.4,r,2.9,r,3761.6,20.3,,"November,1998-April,1999",Instituto Nacional de Estadística - INE/Guatemala and Macro International,"Encuesta nacional de salud materno infantil 1998-1999. Demographic and Health Surveys. Ciudad de Guatemala, Guatemala, 1999",IDHS,1863.18603515625,Age-Adjusted
GTM,GUATEMALA,2000,2000,Latin America and the Caribbean,Central America,Latin America and the Caribbean,LAC,LAC,AMRO,Upper Middle Income,Latin America & Caribbean,,,,2562,266,Total,Reanalyzed,1618046.0,1.6,,3.7,,1684954.0,18.8,,"July,2000-November,2000","Inter-American Development Bank (IDB), National Statistics Institute (Guatemala), World Bank","Guatemala Living Standards Measurement Survey 2000. Washington DC, United States: World Bank.",LSMS,1882.5655517578125,Age-Adjusted
GTM,GUATEMALA,2002,2002,Latin America and the Caribbean,Central America,Latin America and the Caribbean,LAC,LAC,AMRO,Upper Middle Income,Latin America & Caribbean,,,,2558,267,Total,Reanalyzed,5596.7,0.8,r,1.9,r,5625.1,18.2,,"April,2002-November,2002","Ministerio de Salud Publica y Asistencia Social, Instituto Nacional de Estadistica, Universidad del Valle de Guatemala, et al.","Guatemala encuesta nacional de salud materno infantil 2002. Ciudad de Guatemala, Republica de Guatemala: Oscar de Leon Palacios, 2003",RHS,1916.179443359375,Age-Adjusted
GTM,GUATEMALA,2008-2009,2009,Latin America and the Caribbean,Central America,Latin America and the Caribbean,LAC,LAC,AMRO,Upper Middle Income,Latin America & Caribbean,,,,2917,268,Total,Reanalyzed,10926.8,0.2,,1.0,,9331.6,14.1,,"October,2008-June,2009",Ministerio de Salud Pública y Asistencia Social (MSPAS)/Instituto Nacional de Estadística (INE)/Centros de Control y Prevención de Enfermedades (CDC).,"Encuesta nacional de salud materno infantil 2008 (ENSMI-2008/09). Ciudad de Guatemala, Guatemala: Ministerio de Salud Pública, MSPAS, INE y CDC, 2010",RHS,1930.051513671875,Age-Adjusted
GTM,GUATEMALA,2014-2015,2015,Latin America and the Caribbean,Central America,Latin America and the Caribbean,LAC,LAC,AMRO,Upper Middle Income,Latin America & Caribbean,,,,3278,269,Total,Reanalyzed,12584.8,0.1,,0.8,,12608.7,12.4,,"October,2014-June,2015","Ministerio de Salud Pública y Asistencia Social (MSPAS), Instituto Nacional de Estadística (INE), ICF Internacional.","Encuesta Nacional de Salud Materno Infantil 2014-2015. Ciudad de Guatemala, Guatemala, 2015.",DHS,1990.825439453125,Age-Adjusted
GTM,GUATEMALA,2015-2016,2015,Latin America and the Caribbean,Central America,Latin America and the Caribbean,LAC,LAC,AMRO,Upper Middle Income,Latin America & Caribbean,,,,5017,4299,Total,Reanalyzed,1252.0,0.6,,1.9,,1241.0,12.4,,"March,2015-February,2016",Instituto de Nutrición de Centro América y Panamá (INCAP),"Informe del Sistema de Vigilancia Epidemiológica de Salud y Nutrición -SIVESNU- 2015, Informe final. INCAP, Guatemala, marzo de 2018.",Other,1990.825439453125,Age-Adjusted
GTM,GUATEMALA,2021-2022,2021,Latin America and the Caribbean,Central America,Latin America and the Caribbean,LAC,LAC,AMRO,Upper Middle Income,Latin America & Caribbean,,,,9820,8926,Total,Reported,,0.2,,0.8,,,14.4,,"May,2021-March,2022","MoH, NSO and INCAP",Informe de la Linea de Base de la Gran Cruzada Nacional por la Nutricion 2021/2022,NNS,1950.751953125,Age-Adjusted
GIN,GUINEA,1994-1995,1994,Africa,Western Africa,Sub-Saharan Africa,SSA,WCA,AFRO,Lower Middle Income,Sub-Saharan Africa,Least Developed Countries (LDCs),Low-Income Food-Deficit (LIFD),,2008,270,Total,Adjusted,3542.0,,,14.0,c,3542.0,21.2,c,"January,1994-February,1995","Ministère du Plan et de la Coopération, Direction Nationale de la Statistique","Enquête intégrale sur les conditions de vie des ménages avec module budget et consommation (EIBC) 1994-95.  Ministère du Plan et de la Coopération, Direction Nationale de la Statistique. Conakry, République de Guinée, 1998.",Other,1313.3485107421875,Age-Adjusted
GIN,GUINEA,1999,1999,Africa,Western Africa,Sub-Saharan Africa,SSA,WCA,AFRO,Lower Middle Income,Sub-Saharan Africa,Least Developed Countries (LDCs),Low-Income Food-Deficit (LIFD),,2138,271,Total,Reanalyzed,4455.7,4.0,r,9.7,r,3097.6,20.0,,"April,1999-August,1999",Direction Nationale de la Statistique/Guinée and Macro International,"Enquête démographique et de santé, Guinée 1999. Demographic and Health Surveys. Direction Nationale de la Statistique. Conakry , Guinée, 2000",DHS,1465.905029296875,Age-Adjusted
GIN,GUINEA,2005,2005,Africa,Western Africa,Sub-Saharan Africa,SSA,WCA,AFRO,Lower Middle Income,Sub-Saharan Africa,Least Developed Countries (LDCs),Low-Income Food-Deficit (LIFD),,2759,273,Total,Reanalyzed,2982.3,4.2,,11.0,,2902.8,22.7,,"February,2005-June,2005",Direction Nationale de la Statistique (DNS) (Guinée) et ORC Macro.,"Enquête démographique et de santé, Guinée 2005. Demographic and Health Surveys. Direction Nationale de la Statistique. Calverton, Maryland, U.S.A.: DNS et ORC Macro, 2006",DHS,1577.717041015625,Age-Adjusted
GIN,GUINEA,2007-2008,2007,Africa,Western Africa,Sub-Saharan Africa,SSA,WCA,AFRO,Lower Middle Income,Sub-Saharan Africa,Least Developed Countries (LDCs),Low-Income Food-Deficit (LIFD),,2954,274,Total,Reanalyzed,11733.4,2.4,r 37,7.2,r 37,7428.3,16.4,37,"November,2007-January,2008","Ministère de l'Economie des Finances et du Plan, UNICEF, PAM and Direction Nationale de la Statistique.","Enquête nationale sur l'état nutritionnel et le suivi des principaux indicateurs de survie de l'enfant. Rapport provisoire, Mai 2008",Other,1642.3699951171875,Age-Adjusted
GIN,GUINEA,2011-2012,2012,Africa,Western Africa,Sub-Saharan Africa,SSA,WCA,AFRO,Lower Middle Income,Sub-Saharan Africa,Least Developed Countries (LDCs),Low-Income Food-Deficit (LIFD),,3160,275,Total,Reanalyzed,7982.1,1.1,s,5.1,s,7997.1,16.0,s,"December,2011-February,2012","Ministère de la Santé et de l'Hygiène Publique, Direction Nationale de la Santé Familiale et de la Nutrition, Division de l'Alimentation et de la Nutrition","Enquête nationale nutrition-santé, basée sur la méthodologie SMART, 2011-12. Rapport final. Conakry, Republique de Guinée, 2012",SMART,1838.45947265625,Age-Adjusted
GIN,GUINEA,2012,2012,Africa,Western Africa,Sub-Saharan Africa,SSA,WCA,AFRO,Lower Middle Income,Sub-Saharan Africa,Least Developed Countries (LDCs),Low-Income Food-Deficit (LIFD),,3194,856,Total,Reanalyzed,3584.0,4.1,,10.0,,3674.0,18.8,,"June,2012-October,2012",Institut National de la Statistique (INS); ICF International. 2013,"L’Enquête Démographique et de Santé et à Indicateurs Multiples en Guinée de 2012 : Rapport de synthèse. Calverton, Maryland, USA : INS et ICF International",DHS,1838.45947265625,Age-Adjusted
GIN,GUINEA,2016,2016,Africa,Western Africa,Sub-Saharan Africa,SSA,WCA,AFRO,Lower Middle Income,Sub-Saharan Africa,Least Developed Countries (LDCs),Low-Income Food-Deficit (LIFD),,3336,1701,Total,Reanalyzed,7053.1,2.9,,8.1,,7138.3,18.3,,"August,2016-November,2016",Institut National de la Statistique,"Enquête par grappes à indicateurs multiples (MICS, 2016), Rapport final, Conakry, Guinée. 2017",MICS,1971.2130126953125,Age-Adjusted
GIN,GUINEA,2018,2018,Africa,Western Africa,Sub-Saharan Africa,SSA,WCA,AFRO,Lower Middle Income,Sub-Saharan Africa,Least Developed Countries (LDCs),Low-Income Food-Deficit (LIFD),,3393,2672,Total,Reanalyzed,3931.9,3.6,,9.2,,4035.0,16.3,,"August,2018-November,2018",Institut National de la Statistique/INS et ICF,"Enquête Démographique et de Santé en Guinée 2018. Conakry, Guinée, et Rockville, Maryland, USA : INS et ICF",DHS,2040.3525390625,Age-Adjusted
GIN,GUINEA,2022,2022,Africa,Western Africa,Sub-Saharan Africa,SSA,WCA,AFRO,Lower Middle Income,Sub-Saharan Africa,Least Developed Countries (LDCs),Low-Income Food-Deficit (LIFD),,10002,8954,Total,Reanalyzed,4552.5,1.3,s,6.4,s,4573.9,15.0,s,"September,2022-October,2022","Ministère de la Santé et de l'Hygiène Publique, Direction Nationale de la Santé Familiale et de la Nutrition, Division de l'Alimentation et de la Nutrition","Guinea Enquete Nationale Nutrition basée sur la méthodologie SMART, 2022",SMART,2166.367431640625,Age-Adjusted
GNB,GUINEA-BISSAU,2000,2000,Africa,Western Africa,Sub-Saharan Africa,SSA,WCA,AFRO,Low Income,Sub-Saharan Africa,Least Developed Countries (LDCs),Low-Income Food-Deficit (LIFD),Small island developing States (SIDS),2358,277,Total,Reanalyzed,5440.6,4.8,,11.8,,4497.3,19.8,,"April,2000-May,2000",Government of Guinea-Bissau and UNICEF (Guinea-Bissau).,"Multiple indicator cluster survey Guinea-Bissau, 2000 (MICS). Bissau, Guinea-Bissau: General Direction of Planning, National Institute of Statistics and Census and UNICEF, 2000",MICS,215.25,Age-Adjusted
GNB,GUINEA-BISSAU,2008,2008,Africa,Western Africa,Sub-Saharan Africa,SSA,WCA,AFRO,Low Income,Sub-Saharan Africa,Least Developed Countries (LDCs),Low-Income Food-Deficit (LIFD),Small island developing States (SIDS),5045,279,Total,Reanalyzed,267713.7,1.1,s,4.8,s,266517.7,16.4,ps,"December,2008-December,2008",Gouvernement de la Guinée Bissau et UNICEF.,"Enquête nutritionnel SMART. Evaluation de la situation nutritionnelle en Guinée Bissau: Rapport final, décembre 2008",SMART,250.2239990234375,Age-Adjusted
GNB,GUINEA-BISSAU,2010,2010,Africa,Western Africa,Sub-Saharan Africa,SSA,WCA,AFRO,Low Income,Sub-Saharan Africa,Least Developed Countries (LDCs),Low-Income Food-Deficit (LIFD),Small island developing States (SIDS),3216,280,Total,Reanalyzed,12382.8,1.0,s,5.9,s,12212.9,18.0,s,"March,2010-July,2010","Ministério da Economia, do Plano e Integraçao Regional - Direcçao Geral do Plano, Instituto Nacional de Estatistica.","Inquérito aos indicadores múltiplos (MICS), inquérito demográfico de saúde reprodutiva - Guiné-Bissau, 2010: Relatório final. Bissau, Guiné-Bissau, 2011.",MICS,260.4289855957031,Age-Adjusted
GNB,GUINEA-BISSAU,2012,2012,Africa,Western Africa,Sub-Saharan Africa,SSA,WCA,AFRO,Low Income,Sub-Saharan Africa,Least Developed Countries (LDCs),Low-Income Food-Deficit (LIFD),Small island developing States (SIDS),3470,831,Total,Reanalyzed,5287.3,0.9,s,6.2,s,5282.4,17.0,s,"November,2012-December,2012","Le Ministère de la Santé Publique et de la Solidarité Sociale, UNICEF, PAM, OMS, Plan Guinée-Bissau, Coopération Espagnole, INE et INASA","Deuxieme Enquete Nationale Sur L’etat Nutritionnel Des Enfants De Moins De 5 Ans Et Des Femmes En Age De Procreer  (15 A 49 Ans) En Republique De Guinee-Bissau, Novembre-Decembre 2012",SMART,270.7594909667969,Age-Adjusted
GNB,GUINEA-BISSAU,2014,2014,Africa,Western Africa,Sub-Saharan Africa,SSA,WCA,AFRO,Low Income,Sub-Saharan Africa,Least Developed Countries (LDCs),Low-Income Food-Deficit (LIFD),Small island developing States (SIDS),3257,281,Total,Reanalyzed,7514.7,1.4,,6.0,,7459.9,17.0,,"March,2014-July,2014","Ministério da Economia e Finanças, Direcção Geral do Plano/Instituto Nacional de Estatística","Inquérito aos Indicadores Múltiplos (MICS5) 2014, Relatório Final. Bissau, Guiné-Bissau: Ministério da Economia e Finanças e Direcção Geral do Plano/ Instituto Nacional de Estatística (INE)",MICS,280.7869873046875,Age-Adjusted
GNB,GUINEA-BISSAU,2018-2019,2019,Africa,Western Africa,Sub-Saharan Africa,SSA,WCA,AFRO,Low Income,Sub-Saharan Africa,Least Developed Countries (LDCs),Low-Income Food-Deficit (LIFD),Small island developing States (SIDS),3471,4260,Total,Reanalyzed,7410.2,1.0,,5.1,,7415.6,16.3,,"November,2018-March,2019","Ministério da Economia e Finanças, Direcção Geral do Plano/Instituto Nacional de Estatística (INE)","Inquérito aos Indicadores Múltiplos (MICS5) 2018-2019, Relatório Final. Bissau, Guiné-Bissau: Ministério da Economia e Finanças e Direcção Geral do Plano/ Instituto Nacional de Estatística (INE).",MICS,290.1724853515625,Age-Adjusted
GNB,GUINEA-BISSAU,2019,2019,Africa,Western Africa,Sub-Saharan Africa,SSA,WCA,AFRO,Low Income,Sub-Saharan Africa,Least Developed Countries (LDCs),Low-Income Food-Deficit (LIFD),Small island developing States (SIDS),3472,4165,Total,Reanalyzed,6243.3,1.5,rs,7.8,rs,6284.8,18.8,s,"August,2019-October,2019",Gouvernement de la Guinée Bissau et UNICEF.,"Enquête nutritionnel SMART. Evaluation de la situation nutritionnelle en Guinée Bissau, 2019",SMART,290.1724853515625,Age-Adjusted
GUY,GUYANA,1993,1993,Latin America and the Caribbean,South America,Latin America and the Caribbean,LAC,LAC,AMRO,High Income,Latin America & Caribbean,,,Small island developing States (SIDS),1573,282,Total,Reanalyzed,16425.0,0.9,,6.7,,16246.0,13.2,,"January,1993-July,1993",Guyana Bureau of Statistics.,Guyana 1993 Living Standards Measurement Survey,LSMS,100.92250061035156,Age-Adjusted
GUY,GUYANA,1996-1997,1997,Latin America and the Caribbean,South America,Latin America and the Caribbean,LAC,LAC,AMRO,High Income,Latin America & Caribbean,,,Small island developing States (SIDS),2231,283,Total,Adjusted,289.0,,,13.3,c,289.0,10.3,c,"January,1996-December,1997",Ministry of Health (Guyana) and Caribbean Food and Nutrition Institute (PAHO/CFNI).,"Micronutrient study report - Guyana survey - Vitamin A, beta-carotene, iron and iodine status. PAHO/CFNI/97.J5. Kingston, Jamaica, 1997",Other,104.16100311279297,Age-Adjusted
GUY,GUYANA,2000,2000,Latin America and the Caribbean,South America,Latin America and the Caribbean,LAC,LAC,AMRO,High Income,Latin America & Caribbean,,,Small island developing States (SIDS),2624,284,Total,Reanalyzed,2474.6,4.3,,12.1,,2562.4,11.9,,"August,2000-October,2000",Bureau of Statistics [Guyana] and UNICEF.,"Guyana multiple indicator cluster survey (MICS). Georgetown, Guyana, 2001",MICS,100.7979965209961,Age-Adjusted
GUY,GUYANA,2006-2007,2006,Latin America and the Caribbean,South America,Latin America and the Caribbean,LAC,LAC,AMRO,High Income,Latin America & Caribbean,,,Small island developing States (SIDS),2887,285,Total,Reanalyzed,2110.0,2.6,,8.3,,2266.9,10.8,,"March,2006-January,2007",Bureau of Statistics and UNICEF.,"Guyana multiple indicator cluster survey 2006, final report. Georgetown, Guyana: Bureau of Statistics and UNICEF, 2008",MICS,81.30000305175781,Age-Adjusted
GUY,GUYANA,2009,2009,Latin America and the Caribbean,South America,Latin America and the Caribbean,LAC,LAC,AMRO,High Income,Latin America & Caribbean,,,Small island developing States (SIDS),3119,286,Total,Reanalyzed,1563.5,1.2,,5.5,,1655.8,11.0,,"March,2009-July,2009","Ministry of Health (MOH), Bureau of Statistics (BOS), and ICF Macro.","Guyana demographic and health survey 2009. Demographic and Health Surveys. Georgetown, Guyana: MOH, BOS, and ICF Macro, 2010",DHS,77.89299774169922,Age-Adjusted
GUY,GUYANA,2014,2014,Latin America and the Caribbean,South America,Latin America and the Caribbean,LAC,LAC,AMRO,High Income,Latin America & Caribbean,,,Small island developing States (SIDS),3258,287,Total,Reanalyzed,3041.3,1.7,,6.4,,3133.7,8.2,,"April,2014-July,2014","Bureau of Statistics, Ministry of Health and UNICEF.","Guyana Multiple Indicator Cluster Survey 2014, Final Report. Georgetown, Guyana: Bureau of Statistics, Ministry of Public Health and UNICEF",MICS,79.74150085449219,Age-Adjusted
GUY,GUYANA,2019-2020,2019,Latin America and the Caribbean,South America,Latin America and the Caribbean,LAC,LAC,AMRO,High Income,Latin America & Caribbean,,,Small island developing States (SIDS),5059,2600,Total,Reanalyzed,2611.5,1.9,,6.5,,2656.8,9.4,,"June,2019-February,2020",Government of Guyana and UNICEF,"Guyana Multiple Indicator Cluster Survey 2019-2020, Survey Findings  Report. Georgetown, Guyana: UNICEF",MICS,83.12349700927734,Age-Adjusted
HTI,HAITI,1990,1990,Latin America and the Caribbean,Caribbean,Latin America and the Caribbean,LAC,LAC,AMRO,Lower Middle Income,Latin America & Caribbean,Least Developed Countries (LDCs),Low-Income Food-Deficit (LIFD),Small island developing States (SIDS),1544,288,Total,Adjusted,1843.0,,,5.9,c,1843.0,23.7,c,"September,1990-September,1990",Ministry of Public Health and Population.,"Haiti's nutrition situation in 1990: A report based on anthropometric data of the 1990 nutrition surveys. Port-au-Prince, Haiti, 1993",NNS,1102.9659423828125,Age-Adjusted
HTI,HAITI,1994-1995,1994,Latin America and the Caribbean,Caribbean,Latin America and the Caribbean,LAC,LAC,AMRO,Lower Middle Income,Latin America & Caribbean,Least Developed Countries (LDCs),Low-Income Food-Deficit (LIFD),Small island developing States (SIDS),1547,289,Total,Reanalyzed,2849.1,3.0,,9.3,,2914.3,23.8,,"June,1994-January,1995","Cayemittes M, Rival A, Barrère B, Lerebours G, Gédéon MA.","Enquête mortalité, morbidité et utlisation des services (EMMUS-II) Haiti 1994/95. Demographic and Health Surveys. Pétionville, Haiti, 1995",DHS,1161.4935302734375,Age-Adjusted
HTI,HAITI,2000,2000,Latin America and the Caribbean,Caribbean,Latin America and the Caribbean,LAC,LAC,AMRO,Lower Middle Income,Latin America & Caribbean,Least Developed Countries (LDCs),Low-Income Food-Deficit (LIFD),Small island developing States (SIDS),2276,290,Total,Reanalyzed,6258.1,1.5,,5.5,,6262.7,13.9,,"February,2000-July,2000","Cayemittes M, Placide MF, Barrère B, Mariko S, Sévère B.","Enquête mortalité, morbidité et utilisation des services, Haiti 2000. Demographic and Health Surveys. Calverton, Maryland: Ministère de la Santé Publique et de la Population, Institut Haitien de l'Enfance et ORC Macro, 2001",DHS,1194.03955078125,Age-Adjusted
HTI,HAITI,2005-2006,2006,Latin America and the Caribbean,Caribbean,Latin America and the Caribbean,LAC,LAC,AMRO,Lower Middle Income,Latin America & Caribbean,Least Developed Countries (LDCs),Low-Income Food-Deficit (LIFD),Small island developing States (SIDS),2792,291,Total,Reanalyzed,2870.3,3.3,,10.2,,2904.7,18.9,,"October,2005-May,2006","Cayemittes M, Placide MF, Mariko S, Barrère B, Sévère B, Canez A.","Enquête mortalité, morbidité et utilisation des services, Haïti, 2005-2006. DHS. Calverton, Maryland, USA: Ministère de la Santé Publique et de la Population, Institut Haïtien de l'Enfance et Macro International Inc., 2007",DHS,1212.7340087890625,Age-Adjusted
HTI,HAITI,2012,2012,Latin America and the Caribbean,Caribbean,Latin America and the Caribbean,LAC,LAC,AMRO,Lower Middle Income,Latin America & Caribbean,Least Developed Countries (LDCs),Low-Income Food-Deficit (LIFD),Small island developing States (SIDS),5075,1582,Total,Reported,,1.0,,4.1,,,10.6,,"March,2012-March,2012",Ministère de la Santé Publique et de la Population; UNICEF; WFP,"Rapport de l'Enquete Nutritionnelle Nationale avec la Methodologie SMART, Haiti 2012",SMART,1243.43798828125,Age-Adjusted
HTI,HAITI,2012,2012,Latin America and the Caribbean,Caribbean,Latin America and the Caribbean,LAC,LAC,AMRO,Lower Middle Income,Latin America & Caribbean,Least Developed Countries (LDCs),Low-Income Food-Deficit (LIFD),Small island developing States (SIDS),3163,292,Total,Reanalyzed,4537.6,1.3,,5.1,,4591.1,11.6,,"January,2012-June,2012","Cayemittes M, Busangu MF, Bizimana J, Barrère B, Sévère B, Cayemittes V, Emmanuel C.","Enquête mortalité, morbidité et utilisation des services, Haïti, 2012. Demographic and Health Surveys. Calverton, Maryland, USA : MSPP, IHE et ICF International, 2012",DHS,1243.43798828125,Age-Adjusted
HTI,HAITI,2013,2013,Latin America and the Caribbean,Caribbean,Latin America and the Caribbean,LAC,LAC,AMRO,Lower Middle Income,Latin America & Caribbean,Least Developed Countries (LDCs),Low-Income Food-Deficit (LIFD),Small island developing States (SIDS),10156,9225,Total,Reported,,1.8,b,6.3,b,,13.0,b,"August,2013-August,2013",CSNA,Haiti Enquête de Suivi de la Sécurité alimentaire et nutritionnelle (ESSAN 2013),Other,1247.2445068359375,Age-Adjusted
HTI,HAITI,2016-2017,2017,Latin America and the Caribbean,Caribbean,Latin America and the Caribbean,LAC,LAC,AMRO,Lower Middle Income,Latin America & Caribbean,Least Developed Countries (LDCs),Low-Income Food-Deficit (LIFD),Small island developing States (SIDS),3363,1525,Total,Reanalyzed,6589.1,0.8,,3.7,,6645.9,9.5,,"October,2016-April,2017",Institut Haïtien de l’Enfance (IHE) et ICF,"Enquête Mortalité, Morbidité et Utilisation des Services (EMMUS-VI 2016-2017) Pétion-Ville, Haïti, et Rockville, Maryland, USA : IHE et ICF",DHS,1250.862548828125,Age-Adjusted
HTI,HAITI,2023,2023,Latin America and the Caribbean,Caribbean,Latin America and the Caribbean,LAC,LAC,AMRO,Lower Middle Income,Latin America & Caribbean,Least Developed Countries (LDCs),Low-Income Food-Deficit (LIFD),Small island developing States (SIDS),10149,9143,Total,Reanalyzed,22660.4,0.9,s,5.0,s,22668.4,10.7,s,"January,2023-March,2023",Government of Haiti (GoH) Ministry of Public Health and Population; UNICEF,Haiti 2023 National nutrition Standardized Monitoring and Assessment of Relief and Transitions (SMART) survey,SMART,1235.552978515625,Age-Adjusted
HND,HONDURAS,1987,1987,Latin America and the Caribbean,Central America,Latin America and the Caribbean,LAC,LAC,AMRO,Lower Middle Income,Latin America & Caribbean,,,,457,293,Total,Adjusted,3244.0,,,2.3,c,3244.0,18.1,c,,"Institute of Nutrition of Central America and Panama, Management Sciences for Health (MSH), Ministry of Health (Honduras)","Encuesta nacional de nutricion, Honduras, 1987. Cuadros de frequencias por regiones de salud y nacionales. Ministerio de Salud Publica. Tegucigalpa, Republica de Honduras, 1988",NNS,813.093994140625,Age-Adjusted
HND,HONDURAS,1991-1992,1991,Latin America and the Caribbean,Central America,Latin America and the Caribbean,LAC,LAC,AMRO,Lower Middle Income,Latin America & Caribbean,,,,1325,294,Total,Reanalyzed,5470.0,0.5,r,2.4,r,5485.0,15.0,,"September,1991-April,1992",Ministerio de Salud Publica.,"Encuesta nacional de epidemiologia y salud familiar (ENESF), 1991/92. Tegucigalpa, Republica de Honduras, 1993",RHS,881.27099609375,Age-Adjusted
HND,HONDURAS,1993-1994,1994,Latin America and the Caribbean,Central America,Latin America and the Caribbean,LAC,LAC,AMRO,Lower Middle Income,Latin America & Caribbean,,,,1614,295,Total,Adjusted,1875.0,,,2.7,c,1875.0,16.1,c,"January,1993-December,1994","República de Honduras, Secretaria de Planificación, Coordinación y Presupuesto","National survey of socio-economic indicators 1993/94. Tegucigalpa, Republica de Honduras, 1996",Other,940.3679809570312,Age-Adjusted
HND,HONDURAS,1996,1996,Latin America and the Caribbean,Central America,Latin America and the Caribbean,LAC,LAC,AMRO,Lower Middle Income,Latin America & Caribbean,,,,1917,296,Total,Reanalyzed,1451.4,0.3,b,1.5,b,1455.5,18.2,b,"July,1996-October,1996",Ministry of Health.,"National micronutrient survey Honduras 1996. Tegucigalpa, Republic of Honduras, 1997",Other,981.8779907226562,Age-Adjusted
HND,HONDURAS,2001,2001,Latin America and the Caribbean,Central America,Latin America and the Caribbean,LAC,LAC,AMRO,Lower Middle Income,Latin America & Caribbean,,,,2365,297,Total,Reanalyzed,5629.0,0.2,,1.3,,5663.0,12.8,,"February,2001-August,2001","Secretaria de Salud, Asociacion Hondurena de Planificacion de Familia, USAID, CDC.","Honduras encuesta nacional de epidemiologia y salud familiar ENESF-2001. Tegucigalpa, Honduras, 2002",RHS,1057.89697265625,Age-Adjusted
HND,HONDURAS,2004,2004,Latin America and the Caribbean,Central America,Latin America and the Caribbean,LAC,LAC,AMRO,Lower Middle Income,Latin America & Caribbean,,,,5088,2549,Total,Reanalyzed,899746.6,0.6,r,2.1,r,903112.3,11.5,,"July,2004-November,2004",National Institute of Statistics (Honduras),"Encuesta Nacional de Hogares sobre Condiciones de Vida (ENCOVI) Tegucigalpa, Honduras: National Institute of Statistics (Honduras)",LSMS,1084.1064453125,Age-Adjusted
HND,HONDURAS,2005-2006,2006,Latin America and the Caribbean,Central America,Latin America and the Caribbean,LAC,LAC,AMRO,Lower Middle Income,Latin America & Caribbean,,,,2770,298,Total,Reanalyzed,9640.7,0.3,,1.4,,9733.3,8.7,,"October,2005-May,2006","Secretaría de Salud [Honduras], Instituto Nacional de Estadística (INE) y Macro International.","Encuesta nacional de salud y demografía 2005-2006. Demographic and Health Surveys. Tegucigalpa, Honduras: SS, INE y Macro International, 2006",DHS,1081.9415283203125,Age-Adjusted
HND,HONDURAS,2011-2012,2012,Latin America and the Caribbean,Central America,Latin America and the Caribbean,LAC,LAC,AMRO,Lower Middle Income,Latin America & Caribbean,,,,3165,299,Total,Reanalyzed,10195.2,0.3,,1.4,,10253.6,7.1,,"September,2011-July,2012","Secretaría de Salud [Honduras], Instituto Nacional de Estadística (INE) e ICF International.","Encuesta nacional de salud y demografía 2011-2012. Demographic and Health Surveys. Tegucigalpa, Honduras: SS, INE e ICF International, 2013",DHS,1076.4195556640625,Age-Adjusted
HND,HONDURAS,2019,2019,Latin America and the Caribbean,Central America,Latin America and the Caribbean,LAC,LAC,AMRO,Lower Middle Income,Latin America & Caribbean,,,,5092,2550,Total,Reanalyzed,8081.7,0.5,,1.9,,8185.2,7.1,,"June,2019-December,2019",Instituto Nacional de Estadística (INE),Encuesta Nacional de Demografía y Salud/ Encuesta de Indicadores Múltiples por Conglomerados. Honduras 2019. Tegucigalpa.,MICS,1105.095947265625,Age-Adjusted
IND,INDIA,1988-1990,1989,Asia,Southern Asia,Central Asia and Southern Asia,SA,SA,SEARO,Lower Middle Income,South Asia,,,,405,300,Total,Adjusted,13548.0,,,20.3,cd 6,13548.0,55.5,cd 6,"January,1988-December,1990",National Institute of Nutrition.,"National Nutrition Monitoring Bureau, 1988-90 (8 States pooled data). Hyderabad, India; 1993",Other,123104.859375,Age-Adjusted
IND,INDIA,1991-1992,1991,Asia,Southern Asia,Central Asia and Southern Asia,SA,SA,SEARO,Lower Middle Income,South Asia,,,,387,301,Total,Adjusted,2948.0,,,20.0,cd 6,2948.0,52.8,cd 6,"January,1991-June,1992",National Institute of Nutrition.,"National Nutrition Monitoring Bureau, 1991-92 (8 States pooled data). Hyderabad, India; 1993",Other,125308.359375,Age-Adjusted
IND,INDIA,1992-1993,1992,Asia,Southern Asia,Central Asia and Southern Asia,SA,SA,SEARO,Lower Middle Income,South Asia,,,,1549,302,Total,Reanalyzed,26602.3,6.9,b,19.8,b,38194.0,51.3,b,"April,1992-September,1993",International Institute for Population Sciences.,"National family health survey, India 1992-93. Demographic and Health Surveys. Bombay, India, 1995",DHS,126138.8125,Age-Adjusted
IND,INDIA,1996-1997,1997,Asia,Southern Asia,Central Asia and Southern Asia,SA,SA,SEARO,Lower Middle Income,South Asia,,,,1923,303,Total,Adjusted,22959.0,,,18.4,cd 2,22959.0,38.4,cd 2,"January,1996-December,1997","Vijayaraghavan K, Hanumantha Rao D.",Diet and nutrition situation in rural India. Indian Journal of Medical Research 1998;108:243-253,Other,129714.5234375,Age-Adjusted
IND,INDIA,1998-2000,1999,Asia,Southern Asia,Central Asia and Southern Asia,SA,SA,SEARO,Lower Middle Income,South Asia,,,,2180,304,Total,Reanalyzed,25259.0,6.0,b,17.9,b,26224.7,45.4,b,"November,1998-July,2000",International Institute for Population Sciences (IIPS) and ORC Macro.,"National family health survey (NFHS-2) 1998-99. Demographic and Health Surveys. Mumbai, India, 2000",DHS,131082.453125,Age-Adjusted
IND,INDIA,2005-2006,2006,Asia,Southern Asia,Central Asia and Southern Asia,SA,SA,SEARO,Lower Middle Income,South Asia,,,,2799,305,Total,Reanalyzed,47787.6,6.8,,20.0,,49148.5,43.5,,"November,2005-August,2006",International Institute for Population Sciences (IIPS) and Macro International.,"National family health survey (NFHS-3), 2005-06: India: Demographic and Health Surveys. Mumbai, India: IIPS, 2007",DHS,133441.6875,Age-Adjusted
IND,INDIA,2013-2014,2014,Asia,Southern Asia,Central Asia and Southern Asia,SA,SA,SEARO,Lower Middle Income,South Asia,,,,3291,306,Total,Reported,,4.6,,15.1,,,29.4,,"November,2013-June,2014","Ministry of Women and Child Development,  Government of India and UNICEF.",Rapid survey on children 2013-2014. Final Report,Other,126055.625,Age-Adjusted
IND,INDIA,2015-2016,2015,Asia,Southern Asia,Central Asia and Southern Asia,SA,SA,SEARO,Lower Middle Income,South Asia,,,,3302,874,Total,Reanalyzed,224430.2,7.7,,20.8,,230487.8,36.3,,"January,2015-December,2016","Ministry of Health and Family Welfare, Government of India; ICF International, International Institute for Population Sciences (India)","National Family Health Survey (NFHS-4), 2015-16: India. Mumbai: IIPS. 2017",DHS,124470.96875,Age-Adjusted
IND,INDIA,2016-2018,2017,Asia,Southern Asia,Central Asia and Southern Asia,SA,SA,SEARO,Lower Middle Income,South Asia,,,,3394,3650,Total,Reanalyzed,35780.4,4.8,,16.9,,36535.9,33.8,,"February,2016-October,2018","Ministry of Health and Family Welfare (MoHFW), Government of India, UNICEF and Population Council",Comprehensive National Nutrition Survey (CNNS) National Report. New Delhi,NNS,121861.0,Age-Adjusted
IND,INDIA,2019-2021,2020,Asia,Southern Asia,Central Asia and Southern Asia,SA,SA,SEARO,Lower Middle Income,South Asia,,,,5131,3810,Total,Reanalyzed,197475.1,7.5,,18.7,,205671.0,31.5,,"June,2019-May,2021",International Institute for Population Sciences (IIPS) and ICF,"National Family Health Survey (NFHS-5), 2019-21: India. Mumbai: IIPS",DHS,118580.6328125,Age-Adjusted
IDN,INDONESIA,1987,1987,Asia,South-Eastern Asia,Eastern Asia and South-eastern Asia,EAP,EAP,SEARO,Upper Middle Income,East Asia & Pacific,,,,421,307,Total,Adjusted,,,,,,28169.0,35.9,c,"February,1987-February,1987",Central Bureau of Statistics,"National socioeconomic survey 1987 (SUSENAS-1987). Central Bureau of Statistics. Jakarta, Indonesia, 1992",Other,22649.298828125,Age-Adjusted
IDN,INDONESIA,1989,1989,Asia,South-Eastern Asia,Eastern Asia and South-eastern Asia,EAP,EAP,SEARO,Upper Middle Income,East Asia & Pacific,,,,2371,2047,Total,Reanalyzed,,,,,,14101.0,31.0,p,"January,1989-February,1989",Central Bureau of Statistics,"National socioeconomic survey 1989 (SUSENAS-1989). Central Bureau of Statistics. Jakarta, Indonesia, 1992",Other,22325.103515625,Age-Adjusted
IDN,INDONESIA,1992,1992,Asia,South-Eastern Asia,Eastern Asia and South-eastern Asia,EAP,EAP,SEARO,Upper Middle Income,East Asia & Pacific,,,,3571,2048,Total,Reanalyzed,,,,,,33742.0,29.8,p,"March,1992-March,1992",Central Bureau of Statistics,"National socioeconomic survey 1992 (SUSENAS-1992). Central Bureau of Statistics. Jakarta, Indonesia",Other,22211.01171875,Age-Adjusted
IDN,INDONESIA,1996,1996,Asia,South-Eastern Asia,Eastern Asia and South-eastern Asia,EAP,EAP,SEARO,Upper Middle Income,East Asia & Pacific,,,,1745,310,Total,Adjusted,9227.0,,,14.9,c,9227.0,30.3,c,"January,1996-January,1996",Centre for Disease Control and Prevention,"Indonesia multiple indicator cluster survey (MICS) 1995. Jakarta: UNICEF, 1997",MICS,22436.99609375,Age-Adjusted
IDN,INDONESIA,1998,1998,Asia,South-Eastern Asia,Eastern Asia and South-eastern Asia,EAP,EAP,SEARO,Upper Middle Income,East Asia & Pacific,,,,3572,2049,Total,Reanalyzed,,,,,,25505.0,25.8,p,"February,1998-February,1998",Central Bureau of Statistics,"National socioeconomic survey 1998 (SUSENAS-1998). Central Bureau of Statistics. Jakarta, Indonesia",Other,22779.927734375,Age-Adjusted
IDN,INDONESIA,1999,1999,Asia,South-Eastern Asia,Eastern Asia and South-eastern Asia,EAP,EAP,SEARO,Upper Middle Income,East Asia & Pacific,,,,3573,311,Total,Reanalyzed,,,,,,78849.0,22.8,p,"February,1999-February,1999",Central Bureau of Statistics,"National socioeconomic survey 1999 (SUSENAS-1999). Central Bureau of Statistics. Jakarta, Indonesia",Other,22851.30078125,Age-Adjusted
IDN,INDONESIA,2000,2000,Asia,South-Eastern Asia,Eastern Asia and South-eastern Asia,EAP,EAP,SEARO,Upper Middle Income,East Asia & Pacific,,,,2794,2858,Total,Reanalyzed,106094.0,0.9,r,5.5,r,105815.0,24.7,p,,"Government of Indonesia, Helen Keller International",Indonesia Nutrition and Health Surveillance System Annual Report 2000,Surveillance,22827.685546875,Age-Adjusted
IDN,INDONESIA,2001,2001,Asia,South-Eastern Asia,Eastern Asia and South-eastern Asia,EAP,EAP,SEARO,Upper Middle Income,East Asia & Pacific,,,,3576,2859,Total,Reanalyzed,96167.0,0.8,r,5.4,r,96195.0,23.4,p,,"Government of Indonesia, Helen Keller International",Indonesia Nutrition and Health Surveillance System Annual Report 2001,Surveillance,22740.220703125,Age-Adjusted
IDN,INDONESIA,2002,2002,Asia,South-Eastern Asia,Eastern Asia and South-eastern Asia,EAP,EAP,SEARO,Upper Middle Income,East Asia & Pacific,,,,2535,3719,Total,Reanalyzed,,,,,,74360.0,23.0,,"July,2002-July,2002",Statistics Indonesia,Indonesia National Socioeconomic Survey 2002,Other,22617.01953125,Age-Adjusted
IDN,INDONESIA,2003,2003,Asia,South-Eastern Asia,Eastern Asia and South-eastern Asia,EAP,EAP,SEARO,Upper Middle Income,East Asia & Pacific,,,,2795,316,Total,Reanalyzed,,,,,,77095.0,23.1,,"July,2003-July,2003","Central Bureau of Statistics. Jakarta, Indonesia","National socioeconomic survey 2003 (SUSENAS-2003). Central Bureau of Statistics. Jakarta, Indonesia, 2006",Other,22509.08984375,Age-Adjusted
IDN,INDONESIA,2004,2004,Asia,South-Eastern Asia,Eastern Asia and South-eastern Asia,EAP,EAP,SEARO,Upper Middle Income,East Asia & Pacific,,,,2797,317,Total,Reanalyzed,20578030.0,5.1,r,14.4,r,20846838.0,19.7,p,"July,2004-October,2004","National Institute of Health Research and Development, ; Ministry of Health.","National Household Health Survey (SKRT) 2004,  Jakarta, Indonesia, 2007",Other,22479.48046875,Age-Adjusted
IDN,INDONESIA,2005,2005,Asia,South-Eastern Asia,Eastern Asia and South-eastern Asia,EAP,EAP,SEARO,Upper Middle Income,East Asia & Pacific,,,,2796,318,Total,Reanalyzed,,,,,,94652.0,24.4,,"February,2005-February,2005","Central Bureau of Statistics. Jakarta, Indonesia","National socioeconomic survey 2005 (SUSENAS-2005). Central Bureau of Statistics. Jakarta, Indonesia, 2006",Other,22593.40234375,Age-Adjusted
IDN,INDONESIA,2007-2008,2008,Asia,South-Eastern Asia,Eastern Asia and South-eastern Asia,EAP,EAP,SEARO,Upper Middle Income,East Asia & Pacific,,,,2916,319,Total,External Reanalysis,77808.0,6.8,,14.8,,77808.0,19.6,,"August,2007-September,2008",Ministry of Health and National Institute of Health Research and Development.,"Indonesia Basic Health Survey, Riskesdas, 2007-2008, Ministry of Health.",Other,23393.8046875,Age-Adjusted
IDN,INDONESIA,2010,2010,Asia,South-Eastern Asia,Eastern Asia and South-eastern Asia,EAP,EAP,SEARO,Upper Middle Income,East Asia & Pacific,,,,3124,320,Total,External Reanalysis,18768.0,5.4,,12.3,,18768.0,18.6,,"June,2010-July,2010",Ministry of Health and National Institute of Health Research and Development.,"National report on basic health research, Riskesdas, 2010. Jakarta, Indonesia, 2012",Other,23871.48046875,Age-Adjusted
IDN,INDONESIA,2013,2013,Asia,South-Eastern Asia,Eastern Asia and South-eastern Asia,EAP,EAP,SEARO,Upper Middle Income,East Asia & Pacific,,,,3200,321,Total,External Reanalysis,75232.0,6.7,,13.5,,75232.0,19.9,,"May,2013-June,2013",Ministry of Health and National Institute of Health Research and Development.,"National report on basic health research, RISKESDAS, 2013. Jakarta, Indonesia, 2014",Other,24512.291015625,Age-Adjusted
IDN,INDONESIA,2018,2018,Asia,South-Eastern Asia,Eastern Asia and South-eastern Asia,EAP,EAP,SEARO,Upper Middle Income,East Asia & Pacific,,,,3395,2603,Total,Reanalyzed,21991928.0,3.6,r,10.5,r,23142802.0,17.7,,"January,2018-December,2018",Ministry of Health and National Institute of Health Research and Development.,"National report on basic health research, RISKESDAS, 2018. Jakarta, Indonesia, 2019.",Other,23539.130859375,Age-Adjusted
IDN,INDONESIA,2019,2019,Asia,South-Eastern Asia,Eastern Asia and South-eastern Asia,EAP,EAP,SEARO,Upper Middle Income,East Asia & Pacific,,,,9946,9063,Total,Reanalyzed,21714932.0,1.9,s,8.6,s,21807264.0,17.9,s,"January,2019-November,2019",Kementerian Kesehatan Republik Indonesia,Survei Status Gizi Indonesia – SSGI 2019,NNS,23202.326171875,Age-Adjusted
IDN,INDONESIA,2021,2021,Asia,South-Eastern Asia,Eastern Asia and South-eastern Asia,EAP,EAP,SEARO,Upper Middle Income,East Asia & Pacific,,,,9947,9062,Total,Reanalyzed,21886360.0,1.2,r,7.1,r,21886360.0,17.0,,"June,2021-October,2021",Kementerian Kesehatan Republik Indonesia,Survei Status Gizi Indonesia – SSGI 2021,NNS,22679.919921875,Age-Adjusted
IDN,INDONESIA,2022,2022,Asia,South-Eastern Asia,Eastern Asia and South-eastern Asia,EAP,EAP,SEARO,Upper Middle Income,East Asia & Pacific,,,,9948,9061,Total,Reanalyzed,21234054.0,1.3,r,7.5,r,21234594.0,16.8,,"August,2022-December,2022",Kementerian Kesehatan Republik Indonesia,Survei Status Gizi Indonesia – SSGI 2022,NNS,22488.310546875,Age-Adjusted
IDN,INDONESIA,2023,2023,Asia,South-Eastern Asia,Eastern Asia and South-eastern Asia,EAP,EAP,SEARO,Upper Middle Income,East Asia & Pacific,,,,10771,9226,Total,Reanalyzed,22532376.0,2.1,r,8.4,r,22533224.0,15.9,,"August,2023-December,2023",Kementerian Kesehatan Republik Indonesia,Survei Kesehatan Indonesia Tahun 2023 (SKI-2023),Other,22348.673828125,Age-Adjusted
IRN,IRAN (ISLAMIC REPUBLIC OF),1995,1995,Asia,Southern Asia,Central Asia and Southern Asia,MENA,MENA,EMRO,Upper Middle Income,Middle East & North Africa,,,,1507,322,Total,Adjusted,11139.0,,,8.1,c,11139.0,13.8,c,"September,1995-September,1995","Undersecretary for Public Affairs, Ministry of Health and Medical Education.","Cluster survey for evaluation of mid decade goal indicators (MICS). Theran, Islamic Republic of Iran, April 1996",MICS,7628.81884765625,Age-Adjusted
IRN,IRAN (ISLAMIC REPUBLIC OF),1998,1998,Asia,Southern Asia,Central Asia and Southern Asia,MENA,MENA,EMRO,Upper Middle Income,Middle East & North Africa,,,,2079,323,Total,Adjusted,2536.0,,,6.1,c,2536.0,9.5,c,"October,1998-November,1998",Ministry of Health and Medical Education and UNICEF,"The nutritional status of children, October-November 1998 (ANIS). Teheran: Ministry of Health and Medical Education and UNICEF, 2000",Other,5788.9033203125,Age-Adjusted
IRN,IRAN (ISLAMIC REPUBLIC OF),2004,2004,Asia,Southern Asia,Central Asia and Southern Asia,MENA,MENA,EMRO,Upper Middle Income,Middle East & North Africa,,,,3120,324,Total,Adjusted,34200.0,,,4.8,c,34200.0,4.6,c,,Ministry of Health and Medical Education (Iran),Iran Anthropometric Nutritional Indicators Survey 2004,Other,5391.390625,Age-Adjusted
IRN,IRAN (ISLAMIC REPUBLIC OF),2010-2011,2010,Asia,Southern Asia,Central Asia and Southern Asia,MENA,MENA,EMRO,Upper Middle Income,Middle East & North Africa,,,,3303,325,Total,Reported,,1.4,,4.0,,,4.1,,"July,2010-February,2011",National Institite of Health Research (NIHR).,Iran's Multiple Indicator Demographic and Health Survey - 2010.,DHS-Style,6417.14306640625,Age-Adjusted
IRN,IRAN (ISLAMIC REPUBLIC OF),2017,2017,Asia,Southern Asia,Central Asia and Southern Asia,MENA,MENA,EMRO,Upper Middle Income,Middle East & North Africa,,,,5183,3366,Total,Reported,,0.9,,4.3,,,4.3,,"September,2017-November,2017","Abdollahi M, Barekati H, Abdollahi Z, Salehi Mazandarani F, Houshiarrad A.","Children Anthropometry, Nutrition and Development Survey 2017, CANDS_IR96. Ministry of Health. 2021. Tehran, Iran",NNS,7581.8251953125,Age-Adjusted
IRQ,IRAQ,1991,1991,Asia,Western Asia,Western Asia and Northern Africa,MENA,MENA,EMRO,Upper Middle Income,Middle East & North Africa,,,,456,326,Total,Adjusted,2565.0,,,4.4,c,2565.0,10.4,c,"August,1991-September,1991","International Study Team, Center for Economic and Social Rights (CESR)","Infant and child mortality and nutritional status of Iraqi children after the Gulf conflict: Results of a community-based study. Center for Population and Development Studies, Harvard University, Cambridge, MA, USA; 1992",Other,3068.0224609375,Age-Adjusted
IRQ,IRAQ,2000,2000,Asia,Western Asia,Western Asia and Northern Africa,MENA,MENA,EMRO,Upper Middle Income,Middle East & North Africa,,,,2414,327,Total,Reanalyzed,13991.8,2.4,,6.6,,14187.6,12.8,,"November,2000-December,2000","Republic of Iraq, Council of Ministers, Planning Commission Fund, Central Statistical Organisation and UNICEF (Iraq).","Multiple indicator cluster survey (MICS) for the year 2000 (detailed report). Baghdad, Republic of Iraq: UNICEF, 2001",MICS,4043.6015625,Age-Adjusted
IRQ,IRAQ,2003,2003,Asia,Western Asia,Western Asia and Northern Africa,MENA,MENA,EMRO,Upper Middle Income,Middle East & North Africa,,,,3090,328,Total,Adjusted,,,,5.6,c,,10.1,c,"December,2003-December,2003","World Food Programme (WFP), Ministry of Planning & Development Cooperation/Central Statistics Office, Ministry of Health/Nutrition Research Institute.","Baseline food security analysis in Iraq. Baghdad, Iraq: WFP Iraq Country Office, September 2004",CFSVA,4298.8671875,Age-Adjusted
IRQ,IRAQ,2004,2004,Asia,Western Asia,Western Asia and Northern Africa,MENA,MENA,EMRO,Upper Middle Income,Middle East & North Africa,,,,3091,329,Total,Adjusted,16464.0,,,6.9,c,16464.0,8.0,c,"June,2004-August,2004","Central Organization for Statistics and Information Technology, Ministry of Planning and Development Cooperation, UN Development Programme.","Iraq living conditions survey 2004. Baghdad, Iraq: Central Organization for Statistics and Information Technology, Ministry of Planning and Development Cooperation, 2005",Other,4371.3115234375,Age-Adjusted
IRQ,IRAQ,2006,2006,Asia,Western Asia,Western Asia and Northern Africa,MENA,MENA,EMRO,Upper Middle Income,Middle East & North Africa,,,,2825,330,Total,Reanalyzed,15670.7,2.7,,5.8,,16262.9,7.1,,"February,2006-June,2006",Central Organization for Statistics & Information Technology and Kurdistan Regional Statistical Office.,"Iraq multiple indicator cluster survey 2006, Final report. Iraq, 2007",MICS,4448.330078125,Age-Adjusted
IRQ,IRAQ,2011,2011,Asia,Western Asia,Western Asia and Northern Africa,MENA,MENA,EMRO,Upper Middle Income,Middle East & North Africa,,,,3217,331,Total,Reanalyzed,35396.5,2.7,,6.5,,35633.4,7.2,,"February,2011-March,2011",The Central Statistics Organization and the Kurdistan Regional Statistics Office.,"Iraq multiple indicator cluster survey (MICS) 2011: Final report. Baghdad, Iraq: The Central Statistics Organization and the Kurdistan Regional Statistics Office, 2012",MICS,4976.419921875,Age-Adjusted
IRQ,IRAQ,2018,2018,Asia,Western Asia,Western Asia and Northern Africa,MENA,MENA,EMRO,Upper Middle Income,Middle East & North Africa,,,,3396,2516,Total,Reanalyzed,16328.4,0.9,,3.0,,16502.0,3.9,,"March,2018-May,2018",CSO & KRSO,"Iraq Multiple Indicator Cluster Survey 2018, Survey Findings Report. Baghdad, Iraq: CSO & KRSO",MICS,5664.77197265625,Age-Adjusted
IRL,IRELAND,2010-2011,2011,Europe,Northern Europe,Northern America and Europe,ECA,WE,EURO,High Income,Europe & Central Asia,,,,5224,3504,Total,Reanalyzed,494.0,0.3,b,0.4,b,497.0,0.5,b,"October,2010-September,2011",Irish Universities Nutrition Alliance (IUNA),Ireland 2010-2011 National Pre-School Nutrition Survey,NNS,355.5010070800781,Age-Adjusted
JAM,JAMAICA,1989,1989,Latin America and the Caribbean,Caribbean,Latin America and the Caribbean,LAC,LAC,AMRO,Upper Middle Income,Latin America & Caribbean,,,Small island developing States (SIDS),422,332,Total,Reanalyzed,859.0,0.6,r,3.2,r,809.0,5.8,,"June,1989-August,1989",The Planning Institute and the Statistical Institute of Jamaica,"Jamaica Living Standards and Measurement Survey 1989. Kingston: The World Bank, 1990",LSMS,296.4635009765625,Age-Adjusted
JAM,JAMAICA,1991-1992,1991,Latin America and the Caribbean,Caribbean,Latin America and the Caribbean,LAC,LAC,AMRO,Upper Middle Income,Latin America & Caribbean,,,Small island developing States (SIDS),1585,333,Total,Reanalyzed,697.8,1.2,,5.5,,709.4,5.6,,"November,1991-February,1992",The Planning Institute and the Statistical Institute of Jamaica,"Jamaica survey of living conditions - report 1991. Kingston: The Planning Institute of Jamaica (PIOJ)  and the Statistical Institute of Jamaica Statistical Institute of Jamaica (STATIN), 1992",LSMS,294.8269958496094,Age-Adjusted
JAM,JAMAICA,1992-1993,1992,Latin America and the Caribbean,Caribbean,Latin America and the Caribbean,LAC,LAC,AMRO,Upper Middle Income,Latin America & Caribbean,,,Small island developing States (SIDS),1586,334,Total,Reanalyzed,1779.4,0.3,,2.7,,1797.5,5.7,,"August,1992-March,1993",The Planning Institute and the Statistical Institute of Jamaica,"Jamaica survey of living conditions 1992. Kingston: The Planning Institute and the Statistical Institute of Jamaica, 1994",LSMS,297.5679931640625,Age-Adjusted
JAM,JAMAICA,1993-1994,1993,Latin America and the Caribbean,Caribbean,Latin America and the Caribbean,LAC,LAC,AMRO,Upper Middle Income,Latin America & Caribbean,,,Small island developing States (SIDS),1587,335,Total,Reanalyzed,938.3,2.6,,4.4,,909.5,6.1,,"November,1993-March,1994",The Planning Institute and the Statistical Institute of Jamaica,"Jamaica survey of living conditions 1993. Kingston: The Planning Institute of Jamaica (PIOJ)  and the Statistical Institute of Jamaica Statistical Institute of Jamaica (STATIN), 1995",LSMS,301.3504943847656,Age-Adjusted
JAM,JAMAICA,1994-1995,1994,Latin America and the Caribbean,Caribbean,Latin America and the Caribbean,LAC,LAC,AMRO,Upper Middle Income,Latin America & Caribbean,,,Small island developing States (SIDS),1604,336,Total,Reanalyzed,967.1,0.9,,3.0,,951.2,4.6,,"November,1994-January,1995",The Planning Institute and the Statistical Institute of Jamaica,"Jamaica survey of living conditions, 1994. Kingston: The Planning Institute of Jamaica (PIOJ)  and the Statistical Institute of Jamaica Statistical Institute of Jamaica (STATIN), 1996",LSMS,304.5895080566406,Age-Adjusted
JAM,JAMAICA,1995,1995,Latin America and the Caribbean,Caribbean,Latin America and the Caribbean,LAC,LAC,AMRO,Upper Middle Income,Latin America & Caribbean,,,Small island developing States (SIDS),2045,337,Total,Reanalyzed,994.9,0.8,,4.8,,975.8,4.8,,"May,1995-August,1995",The Planning Institute and the Statistical Institute of Jamaica,"Jamaica survey of living conditions, 1995. Kingston: The Planning Institute of Jamaica (PIOJ)  and the Statistical Institute of Jamaica Statistical Institute of Jamaica (STATIN), 1997",LSMS,306.2804870605469,Age-Adjusted
JAM,JAMAICA,1996,1996,Latin America and the Caribbean,Caribbean,Latin America and the Caribbean,LAC,LAC,AMRO,Upper Middle Income,Latin America & Caribbean,,,Small island developing States (SIDS),2046,338,Total,Reanalyzed,993.3,0.1,,2.5,,980.4,5.6,,"May,1996-August,1996",The Planning Institute and the Statistical Institute of Jamaica,"Jamaica survey of living conditions, 1996. Kingston: The Planning Institute of Jamaica (PIOJ)  and the Statistical Institute of Jamaica Statistical Institute of Jamaica (STATIN), 1997",LSMS,305.3215026855469,Age-Adjusted
JAM,JAMAICA,1997,1997,Latin America and the Caribbean,Caribbean,Latin America and the Caribbean,LAC,LAC,AMRO,Upper Middle Income,Latin America & Caribbean,,,Small island developing States (SIDS),2047,339,Total,Reanalyzed,910.7,0.3,,2.2,,917.8,3.5,,"May,1997-July,1997",The Planning Institute and the Statistical Institute of Jamaica,"Jamaica survey of living conditions, 1997. Kingston: The Planning Institute of Jamaica (PIOJ)  and the Statistical Institute of Jamaica Statistical Institute of Jamaica (STATIN), 1998",LSMS,301.5220031738281,Age-Adjusted
JAM,JAMAICA,1998,1998,Latin America and the Caribbean,Caribbean,Latin America and the Caribbean,LAC,LAC,AMRO,Upper Middle Income,Latin America & Caribbean,,,Small island developing States (SIDS),2317,340,Total,Reanalyzed,2441.8,0.9,,2.6,,2320.7,3.8,,"May,1998-August,1998",The Planning Institute and the Statistical Institute of Jamaica,"Jamaica survey of living conditions, 1998. Kingston: The Planning Institute of Jamaica (PIOJ)  and the Statistical Institute of Jamaica Statistical Institute of Jamaica (STATIN), 1999",LSMS,295.5195007324219,Age-Adjusted
JAM,JAMAICA,1999,1999,Latin America and the Caribbean,Caribbean,Latin America and the Caribbean,LAC,LAC,AMRO,Upper Middle Income,Latin America & Caribbean,,,Small island developing States (SIDS),2364,341,Total,Reanalyzed,777.2,0.9,,2.4,,735.8,2.1,,"May,1999-July,1999",The Planning Institute and the Statistical Institute of Jamaica,"Jamaica survey of living conditions, 1999. Kingston: The Planning Institute of Jamaica (PIOJ)  and the Statistical Institute of Jamaica Statistical Institute of Jamaica (STATIN), 2000",LSMS,288.0979919433594,Age-Adjusted
JAM,JAMAICA,2000,2000,Latin America and the Caribbean,Caribbean,Latin America and the Caribbean,LAC,LAC,AMRO,Upper Middle Income,Latin America & Caribbean,,,Small island developing States (SIDS),2773,342,Total,Reanalyzed,775.3,1.5,,3.0,,731.9,3.9,,"May,2000-July,2000",The Planning Institute and the Statistical Institute of Jamaica,"Jamaica survey of living conditions 2000. The Planning Institute of Jamaica (PIOJ)  and the Statistical Institute of Jamaica Statistical Institute of Jamaica (STATIN), 2001",LSMS,279.48699951171875,Age-Adjusted
JAM,JAMAICA,2001,2001,Latin America and the Caribbean,Caribbean,Latin America and the Caribbean,LAC,LAC,AMRO,Upper Middle Income,Latin America & Caribbean,,,Small island developing States (SIDS),2774,343,Total,Reanalyzed,628.4,1.0,,3.2,,582.2,4.0,,"May,2001-July,2001",The Planning Institute and the Statistical Institute of Jamaica,"Jamaica survey of living conditions 2001. The Planning Institute of Jamaica (PIOJ)  and the Statistical Institute of Jamaica Statistical Institute of Jamaica (STATIN), 2002",Other,270.5669860839844,Age-Adjusted
JAM,JAMAICA,2002,2002,Latin America and the Caribbean,Caribbean,Latin America and the Caribbean,LAC,LAC,AMRO,Upper Middle Income,Latin America & Caribbean,,,Small island developing States (SIDS),2775,344,Total,Reanalyzed,3300.5,0.7,,2.4,,3251.2,2.7,,"May,2002-July,2002",The Planning Institute and the Statistical Institute of Jamaica,"Jamaica survey of living conditions 2002. The Planning Institute of Jamaica (PIOJ)  and the Statistical Institute of Jamaica Statistical Institute of Jamaica (STATIN), 2003",Other,262.5450134277344,Age-Adjusted
JAM,JAMAICA,2004,2004,Latin America and the Caribbean,Caribbean,Latin America and the Caribbean,LAC,LAC,AMRO,Upper Middle Income,Latin America & Caribbean,,,Small island developing States (SIDS),2776,345,Total,Reanalyzed,787.5,1.1,,4.5,,792.7,3.1,,"May,2004-July,2004",The Planning Institute and the Statistical Institute of Jamaica,"Jamaica survey of living conditions 2004. The Planning Institute of Jamaica (PIOJ)  and the Statistical Institute of Jamaica Statistical Institute of Jamaica (STATIN), 2005",Other,250.86500549316406,Age-Adjusted
JAM,JAMAICA,2006,2006,Latin America and the Caribbean,Caribbean,Latin America and the Caribbean,LAC,LAC,AMRO,Upper Middle Income,Latin America & Caribbean,,,Small island developing States (SIDS),2909,346,Total,Reanalyzed,641.1,0.9,,3.7,,614.6,4.8,,"May,2006-July,2006",The Planning Institute and the Statistical Institute of Jamaica,"Jamaica survey of living conditions 2006. The Planning Institute of Jamaica (PIOJ)  and the Statistical Institute of Jamaica Statistical Institute of Jamaica (STATIN), 2013",Other,243.95849609375,Age-Adjusted
JAM,JAMAICA,2007,2007,Latin America and the Caribbean,Caribbean,Latin America and the Caribbean,LAC,LAC,AMRO,Upper Middle Income,Latin America & Caribbean,,,Small island developing States (SIDS),2910,347,Total,Reanalyzed,671.6,1.2,,2.7,,664.9,1.8,,"May,2007-July,2007",The Planning Institute and the Statistical Institute of Jamaica,"Jamaica survey of living conditions 2007. The Planning Institute of Jamaica (PIOJ)  and the Statistical Institute of Jamaica Statistical Institute of Jamaica (STATIN), 2013",Other,240.22149658203125,Age-Adjusted
JAM,JAMAICA,2008-2009,2008,Latin America and the Caribbean,Caribbean,Latin America and the Caribbean,LAC,LAC,AMRO,Upper Middle Income,Latin America & Caribbean,,,Small island developing States (SIDS),3142,348,Total,Reanalyzed,1561.5,0.3,,2.5,,1581.4,2.4,,"August,2008-February,2009",The Planning Institute and the Statistical Institute of Jamaica,"Jamaica survey of living conditions 2008. The Planning Institute of Jamaica (PIOJ)  and the Statistical Institute of Jamaica Statistical Institute of Jamaica (STATIN), 2013",Other,235.52450561523438,Age-Adjusted
JAM,JAMAICA,2010,2010,Latin America and the Caribbean,Caribbean,Latin America and the Caribbean,LAC,LAC,AMRO,Upper Middle Income,Latin America & Caribbean,,,Small island developing States (SIDS),3129,349,Total,Reanalyzed,588.9,1.5,,4.8,,592.2,3.4,,"May,2010-August,2010",The Planning Institute and the Statistical Institute of Jamaica,"Jamaica survey of living conditions 2010. The Planning Institute of Jamaica (PIOJ)  and the Statistical Institute of Jamaica Statistical Institute of Jamaica (STATIN), 2013",Other,224.02699279785156,Age-Adjusted
JAM,JAMAICA,2012,2012,Latin America and the Caribbean,Caribbean,Latin America and the Caribbean,LAC,LAC,AMRO,Upper Middle Income,Latin America & Caribbean,,,Small island developing States (SIDS),3273,350,Total,Reanalyzed,1721.7,0.8,,3.0,,1739.8,2.7,,"June,2012-November,2012",The Planning Institute and the Statistical Institute of Jamaica,"Jamaica survey of living conditions 2012. The Planning Institute of Jamaica (PIOJ)  and the Statistical Institute of Jamaica Statistical Institute of Jamaica (STATIN), 2015",Other,210.9600067138672,Age-Adjusted
JAM,JAMAICA,2014,2014,Latin America and the Caribbean,Caribbean,Latin America and the Caribbean,LAC,LAC,AMRO,Upper Middle Income,Latin America & Caribbean,,,Small island developing States (SIDS),3337,1247,Total,Reanalyzed,584.3,0.5,,3.6,,584.3,2.2,,"June,2014-November,2014",The Planning Institute and the Statistical Institute of Jamaica,"Jamaica survey of living conditions 2014. The Planning Institute of Jamaica (PIOJ)  and the Statistical Institute of Jamaica Statistical Institute of Jamaica (STATIN), 2017",Other,198.3125,Age-Adjusted
JAM,JAMAICA,2016,2016,Latin America and the Caribbean,Caribbean,Latin America and the Caribbean,LAC,LAC,AMRO,Upper Middle Income,Latin America & Caribbean,,,Small island developing States (SIDS),3473,3764,Total,Reanalyzed,606.7,0.5,,3.3,,594.9,4.4,,"July,2016-November,2016",The Planning Institute and the Statistical Institute of Jamaica,"Jamaica survey of living conditions 2016. The Planning Institute of Jamaica (PIOJ)  and the Statistical Institute of Jamaica Statistical Institute of Jamaica (STATIN), 2019",Other,187.7169952392578,Age-Adjusted
JAM,JAMAICA,2018-2019,2018,Latin America and the Caribbean,Caribbean,Latin America and the Caribbean,LAC,LAC,AMRO,Upper Middle Income,Latin America & Caribbean,,,Small island developing States (SIDS),5276,4623,Total,Reanalyzed,135279.0,1.0,,3.2,,132424.5,2.5,,"April,2018-March,2019",The Planning Institute and the Statistical Institute of Jamaica,"Jamaica survey of living conditions 2018. The Planning Institute of Jamaica (PIOJ)  and the Statistical Institute of Jamaica Statistical Institute of Jamaica (STATIN), 2020",Other,178.86500549316406,Age-Adjusted
JPN,JAPAN,1990,1990,Asia,Eastern Asia,Eastern Asia and South-eastern Asia,EAP,EAP,WPRO,High Income,East Asia & Pacific,,,,8243,5689,Total,External Reanalysis,10797.0,0.3,65,1.6,65,10811.0,2.5,65,"September,1990-September,1990","Equal Employment, Children and Families Bureau of the Ministry of Health, Labour and Welfare in Japan",Japan 1990 Growth Survey of Infants and Children,Other,6342.99267578125,Age-Adjusted
JPN,JAPAN,2000,2000,Asia,Eastern Asia,Eastern Asia and South-eastern Asia,EAP,EAP,WPRO,High Income,East Asia & Pacific,,,,8242,5688,Total,External Reanalysis,8594.0,0.2,65,1.7,65,8614.0,2.5,65,"September,2000-September,2000","Equal Employment, Children and Families Bureau of the Ministry of Health, Labour and Welfare in Japan",Japan 2000 Growth Survey of Infants and Children,Other,5912.98681640625,Age-Adjusted
JPN,JAPAN,2010,2010,Asia,Eastern Asia,Eastern Asia and South-eastern Asia,EAP,EAP,WPRO,High Income,East Asia & Pacific,,,,3268,351,Total,External Reanalysis,6629.0,0.2,65,2.4,65,6643.0,3.4,65,"September,2010-September,2010","Equal Employment, Children and Families Bureau of the Ministry of Health, Labour and Welfare in Japan",Japan 2010 Growth Survey of Infants and Children,Other,5425.5966796875,Age-Adjusted
JOR,JORDAN,1990,1990,Asia,Western Asia,Western Asia and Northern Africa,MENA,MENA,EMRO,Lower Middle Income,Middle East & North Africa,,,,364,352,Total,Reanalyzed,6654.8,1.5,,4.0,,6762.3,5.1,,"October,1990-December,1990","Zou'bi A, Poedjastoeti S, Ayad M.","Jordan population and family health survey 1990. Demographic and Health Surveys. Ministry of Health. Amman, Jordan, 1992",DHS,614.6439819335938,Age-Adjusted
JOR,JORDAN,1997,1997,Asia,Western Asia,Western Asia and Northern Africa,MENA,MENA,EMRO,Lower Middle Income,Middle East & North Africa,,,,1927,353,Total,Reanalyzed,5524.9,0.6,,2.4,,5650.9,3.8,,"June,1997-October,1997",Department of Statistics (DOS) [Jordan] and Macro International Inc. (MI).,"Jordan population and family health survey 1997. Demographic and Health Surveys. Calverton, Maryland: DOS and MI, 1998",DHS,792.72802734375,Age-Adjusted
JOR,JORDAN,2002,2002,Asia,Western Asia,Western Asia and Northern Africa,MENA,MENA,EMRO,Lower Middle Income,Middle East & North Africa,,,,2522,354,Total,Reanalyzed,4652.1,0.8,,2.5,,4762.1,3.7,,"July,2002-September,2002",Department of Statistics [Jordan] and ORC Macro.,"Jordan population and family health survey 2002. Demographic and Health Surveys. Calverton, Maryland, USA: Department of Statistics and ORC Macro, 2003",DHS,771.6605224609375,Age-Adjusted
JOR,JORDAN,2009,2009,Asia,Western Asia,Western Asia and Northern Africa,MENA,MENA,EMRO,Lower Middle Income,Middle East & North Africa,,,,3042,355,Total,Reanalyzed,4066.4,0.2,,1.6,,4117.6,1.9,,"October,2009-December,2009",Department of Statistics [Jordan] and ICF Macro.,"Jordan population and family health survey 2009. Demographic and Health Surveys. Calverton, Maryland, USA: Department of Statistics and ICF Macro, 2010",IDHS,920.9429931640625,Age-Adjusted
JOR,JORDAN,2012,2012,Asia,Western Asia,Western Asia and Northern Africa,MENA,MENA,EMRO,Lower Middle Income,Middle East & North Africa,,,,3168,356,Total,Reanalyzed,5869.8,0.7,,2.4,,5924.1,3.0,,"September,2012-December,2012",Department of Statistics [Jordan] and ICF International.,"Jordan population and family health survey 2012. Demographic and Health Surveys. Calverton, Maryland, USA: Department of Statistics and ICF International, 2013",DHS,982.3784790039062,Age-Adjusted
JOR,JORDAN,2019,2019,Asia,Western Asia,Western Asia and Northern Africa,MENA,MENA,EMRO,Lower Middle Income,Middle East & North Africa,,,,5340,2932,Total,Reanalyzed,676.9,0.3,s 39,0.6,s 39,701.7,2.7,s 39,"March,2019-May,2019","Ministry of Health, UNICEF, WFP, Jordan Health Aid Society International, Department of Statistics, Biolab, GroundWork","Jordan National Micronutrient and Nutritional Survey 2019. Amman, Jordan; 2021.",NNS,1181.5439453125,Age-Adjusted
JOR,JORDAN,2023,2023,Asia,Western Asia,Western Asia and Northern Africa,MENA,MENA,EMRO,Lower Middle Income,Middle East & North Africa,,,,10421,9132,Total,Reanalyzed,5207.3,0.4,,2.3,,5270.8,2.5,,"January,2023-June,2023",Department of Statistics (DoS) [Jordan] and ICF," Jordan Population and Family and Health Survey 2023.  Amman, Jordan, and Rockville, Maryland, USA: DoS and ICF",DHS,1163.27099609375,Age-Adjusted
KAZ,KAZAKHSTAN,1995,1995,Asia,Central Asia,Central Asia and Southern Asia,ECA,EECA,EURO,Upper Middle Income,Europe & Central Asia,,,Landlocked developing countries (LLDCs),1674,357,Total,Reanalyzed,719.9,1.8,b,6.2,b,729.1,6.7,b,"May,1995-August,1995",National Institute of Nutrition/Kazakstan and Macro International,"Kazakhstan demographic and health survey 1995. Demographic and Health Surveys. Almaty, Kazakhstan, 1996",DHS,1609.791015625,Age-Adjusted
KAZ,KAZAKHSTAN,1999,1999,Asia,Central Asia,Central Asia and Southern Asia,ECA,EECA,EURO,Upper Middle Income,Europe & Central Asia,,,Landlocked developing countries (LLDCs),2181,358,Total,Reanalyzed,618.5,1.0,,2.5,,624.5,3.8,,"July,1999-September,1999",Academy of Preventive Medicine/Kazakhstan and Macro International,"Kazakhstan demographic and health survey 1999. Demographic and Health Surveys. Calverton, Maryland: Academy of Preventive Medicine [Kazakhstan] and Macro International Inc., 1999",DHS,1231.261474609375,Age-Adjusted
KAZ,KAZAKHSTAN,2006,2006,Asia,Central Asia,Central Asia and Southern Asia,ECA,EECA,EURO,Upper Middle Income,Europe & Central Asia,,,Landlocked developing countries (LLDCs),2860,359,Total,Reanalyzed,4273.1,2.3,,4.9,,4399.8,4.9,,"January,2006-March,2006","United Nations Children's Fund (UNICEF), Agency of the Republic of Kazakhstan on Statistic, Republican State Enterprise Data Computing Centre.","Kazakhstan multiple indicator cluster survey 2006. Final report. Astana, Kazakhstan: UNICEF and Agency of the Republic of Kazakhstan on Statistic, 2007",MICS,1393.2344970703125,Age-Adjusted
KAZ,KAZAKHSTAN,2010-2011,2010,Asia,Central Asia,Central Asia and Southern Asia,ECA,EECA,EURO,Upper Middle Income,Europe & Central Asia,,,Landlocked developing countries (LLDCs),3159,360,Total,Reanalyzed,4954.6,1.7,,4.1,,5015.0,3.7,,"October,2010-January,2011",The Agency of Statistics [Republic of Kazakhstan] and United Nations Children's Fund (UNICEF).,"Multiple indicator cluster survey (MICS) in the Republic of Kazakhstan (RK), 2010-2011. Final report. Astana, Kazakhstan: the Agency of Statistics, RK and the Republican State Enterprise Information Computing Center, 2012",MICS,1737.9825439453125,Age-Adjusted
KAZ,KAZAKHSTAN,2015,2015,Asia,Central Asia,Central Asia and Southern Asia,ECA,EECA,EURO,Upper Middle Income,Europe & Central Asia,,,Landlocked developing countries (LLDCs),3304,361,Total,Reanalyzed,5218.5,1.1,,3.1,,5303.8,2.0,,"September,2015-November,2015",The Statistics Committee of the Ministry of National Economy of the Republic of Kazakhstan.,"2015 Kazakhstan Multiple Indicator Cluster Survey, Final Report. Astana, Kazakhstan: The Statistics Committee of the Ministry of National Economy of the Republic of Kazakhstan, 2016.",MICS,1948.41748046875,Age-Adjusted
KEN,KENYA,1987-1988,1987,Africa,Eastern Africa,Sub-Saharan Africa,SSA,ESA,AFRO,Lower Middle Income,Sub-Saharan Africa,,Low-Income Food-Deficit (LIFD),,438,362,Total,Adjusted,6957.0,,,5.5,cd,,,,"November,1987-January,1988","Central Bureau of Statistics, Ministry of Planning and National Development","Fourth Rural Child Nutrition Survey, 1987. Central Bureau of Statistics, Ministry of Planning and National Development. Republic of Kenya, Nairobi; 1991",Other,4084.02294921875,Age-Adjusted
KEN,KENYA,1993,1993,Africa,Eastern Africa,Sub-Saharan Africa,SSA,ESA,AFRO,Lower Middle Income,Sub-Saharan Africa,,Low-Income Food-Deficit (LIFD),,1002,363,Total,Reanalyzed,4903.7,2.6,,7.1,,5006.1,19.4,,"February,1993-August,1993","National Council for Population and Development - NCPD/Kenya, Central Bureau of Statistics - CBS/Kenya, and Macro International","Kenya demographic and health survey 1993. Demographic and Health Surveys. Central Bureau of Statistics. Nairobi, Kenya, 1994",DHS,4629.53515625,Age-Adjusted
KEN,KENYA,1994,1994,Africa,Eastern Africa,Sub-Saharan Africa,SSA,ESA,AFRO,Lower Middle Income,Sub-Saharan Africa,,Low-Income Food-Deficit (LIFD),,1571,364,Total,Reanalyzed,3693542.8,2.4,r,6.8,r,3712355.2,17.9,p,"June,1994-August,1994",Central Bureau of Statistics.,"Fifth child nutrition survey, 1994. Welfare monitoring survey. Nairobi, Kenya, 1995.",Other,4682.3076171875,Age-Adjusted
KEN,KENYA,1998,1998,Africa,Eastern Africa,Sub-Saharan Africa,SSA,ESA,AFRO,Lower Middle Income,Sub-Saharan Africa,,Low-Income Food-Deficit (LIFD),,1993,365,Total,Reanalyzed,2916.0,3.0,b,7.5,b,3030.0,17.8,b,"February,1998-July,1998","National Council for Population and Development (NCPD), Central Bureau of Statistics (CBS) [Kenya], and Macro International Inc. (MI).","Kenya demographic and health survey 1998. Demographic and Health Surveys. Central Bureau of Statistics. Calverton, Maryland: NDPD, CBS, and MI., 1999",DHS,5029.2744140625,Age-Adjusted
KEN,KENYA,2000,2000,Africa,Eastern Africa,Sub-Saharan Africa,SSA,ESA,AFRO,Lower Middle Income,Sub-Saharan Africa,,Low-Income Food-Deficit (LIFD),,2568,366,Total,Reanalyzed,6067.3,2.9,r,7.4,r,6417.7,17.1,,"September,2000-October,2000","Central Bureau of Statistics, Ministry of Finance and Planning [Kenya].","Kenya multiple indicator cluster survey 2000 (MICS). Government  of Kenya and Unicef. Nairobi, Kenya, 2002",MICS,5311.796875,Age-Adjusted
KEN,KENYA,2003,2003,Africa,Eastern Africa,Sub-Saharan Africa,SSA,ESA,AFRO,Lower Middle Income,Sub-Saharan Africa,,Low-Income Food-Deficit (LIFD),,2590,367,Total,Reanalyzed,5440.4,2.4,,6.2,,5544.4,16.4,,"April,2003-September,2003","Central Bureau of Statistics (CBS) [Kenya], Ministry of Health (MOH) [Kenya], and ORC Macro.","Kenya demographic and health survey 2003. Demographic and Health Surveys. Calverton, Maryland: CBS, MOH, and ORC Macro, 2004",DHS,5812.19091796875,Age-Adjusted
KEN,KENYA,2005-2006,2005,Africa,Eastern Africa,Sub-Saharan Africa,SSA,ESA,AFRO,Lower Middle Income,Sub-Saharan Africa,,Low-Income Food-Deficit (LIFD),,3101,368,Total,Reanalyzed,3780746.8,2.4,,6.9,,3818246.2,18.0,,"May,2005-May,2006",Kenya National Bureau of Statistics.,"Kenya integrated household budget survey (KIHBS), 2005/06: Revised edition, basic report. Nairobi, Kenya 2006",Other,6147.8515625,Age-Adjusted
KEN,KENYA,2008-2009,2008,Africa,Eastern Africa,Sub-Saharan Africa,SSA,ESA,AFRO,Lower Middle Income,Sub-Saharan Africa,,Low-Income Food-Deficit (LIFD),,3020,369,Total,Reanalyzed,5586.0,2.1,,6.9,,5705.0,16.5,,"October,2008-March,2009",Kenya National Bureau of Statistics (KNBS) and ICF Macro.,"Kenya demographic and health survey 2008-09. Demographic and Health Surveys. Calverton, Maryland: KNBS and ICF Macro, 2010",DHS,6643.5322265625,Age-Adjusted
KEN,KENYA,2011,2011,Africa,Eastern Africa,Sub-Saharan Africa,SSA,ESA,AFRO,Lower Middle Income,Sub-Saharan Africa,,Low-Income Food-Deficit (LIFD),,3474,1238,Total,Reported,,1.9,b,6.0,b,,12.4,b,"September,2011-December,2011",KEMRI; KNBS; NDU; NPHLS; UNICEF; MI; GAIN; WFP; CDC; WHO,Kenya 2011 National Micronutrient Survey,Other,7048.212890625,Age-Adjusted
KEN,KENYA,2014,2014,Africa,Eastern Africa,Sub-Saharan Africa,SSA,ESA,AFRO,Lower Middle Income,Sub-Saharan Africa,,Low-Income Food-Deficit (LIFD),,3250,370,Total,Reanalyzed,19150.6,1.0,,4.2,,19249.6,11.2,,"May,2014-October,2014","Kenya National Bureau of Statistics (KNBS), Ministry of Health, National AIDS Control Council, (NACC) Kenya Medical Research Institute (KEMRI) and the National Council for Population and Development (NCPD)","Kenya demographic and health Survey (2014 KDHS): Final Report. Demongraphic and Health Surveys. Nairobi, Kenya: KNBS, Ministry of Health, NACC, KEMRI, NCPD, 2015",DHS,7063.14013671875,Age-Adjusted
KEN,KENYA,2015-2016,2016,Africa,Eastern Africa,Sub-Saharan Africa,SSA,ESA,AFRO,Lower Middle Income,Sub-Saharan Africa,,Low-Income Food-Deficit (LIFD),,5395,938,Total,Reanalyzed,4668969.5,2.3,,6.7,,4840517.5,13.0,,"September,2015-August,2016",Central Bureau of Statistics,Kenya 2015-16 Integrated Household Budget Survey (KIHBS),Other,6970.31396484375,Age-Adjusted
KEN,KENYA,2022,2022,Africa,Eastern Africa,Sub-Saharan Africa,SSA,ESA,AFRO,Lower Middle Income,Sub-Saharan Africa,,Low-Income Food-Deficit (LIFD),,9791,8917,Total,Reanalyzed,17235.8,0.6,,4.5,,17179.7,9.8,,"February,2022-July,2022",KNBS and ICF,"Kenya Demographic and Health Survey 2022. Nairobi, Kenya, and Rockville, Maryland,  USA: KNBS and ICF",DHS,6981.962890625,Age-Adjusted
KIR,KIRIBATI,1985,1985,Oceania,Micronesia,Oceania excluding Australia and New Zealand,EAP,EAP,WPRO,Lower Middle Income,East Asia & Pacific,Least Developed Countries (LDCs),,Small island developing States (SIDS),973,371,Total,Adjusted,2941.0,,,12.6,c,2941.0,11.3,c,,Ministry of Health and Family Planning.,"National nutrition survey, 1985. Government of Kiribati. South Tarawa, Republic of Kiribati, 1990",NNS,10.607500076293945,Age-Adjusted
KIR,KIRIBATI,2009,2009,Oceania,Micronesia,Oceania excluding Australia and New Zealand,EAP,EAP,WPRO,Lower Middle Income,East Asia & Pacific,Least Developed Countries (LDCs),,Small island developing States (SIDS),3181,372,Total,Reanalyzed,,,,,,1044.4,15.1,,"September,2009-December,2009",Kiribati National Statistics Office (KNSO) and Secretariat of the Pacific Community (SPC).,"Kiribati demographic and health survey. Noumea, Kiribati: SPC, 2009.",DHS-Style,14.245499610900879,Age-Adjusted
KIR,KIRIBATI,2018-2019,2018,Oceania,Micronesia,Oceania excluding Australia and New Zealand,EAP,EAP,WPRO,Lower Middle Income,East Asia & Pacific,Least Developed Countries (LDCs),,Small island developing States (SIDS),3475,2286,Total,Reanalyzed,2143.1,1.3,,3.5,,2158.6,6.9,,"November,2018-January,2019",Kiribati National Statistics Office,Kiribati 2018-2019 Social Development Indicator Survey,MICS,15.788000106811523,Age-Adjusted
KWT,KUWAIT,1996-1997,1996,Asia,Western Asia,Western Asia and Northern Africa,MENA,MENA,EMRO,High Income,Middle East & North Africa,,,,1840,373,Total,Adjusted,12376.0,,,1.7,c 45,12376.0,1.5,c 45,"January,1996-December,1997",Ministry of Health,"Kuwait national nutritional surveillance system. Nutrition unit, Ministry of Health. Al Shaab, Kuwait, 1998",Surveillance,208.73350524902344,Age-Adjusted
KWT,KUWAIT,2001,2001,Asia,Western Asia,Western Asia and Northern Africa,MENA,MENA,EMRO,High Income,Middle East & North Africa,,,,3010,2050,Total,Reanalyzed,4928.0,0.4,r 45,2.1,r 45,4945.0,2.2,45,"January,2001-December,2001","Administration of Food and Nutrition, Ministry of Healh","Kuwait Nutrition Surveillance System [KNSS] 2001. Kuwait city, Kuwait: Food & Nutrition Administration",Surveillance,204.38299560546875,Age-Adjusted
KWT,KUWAIT,2002,2002,Asia,Western Asia,Western Asia and Northern Africa,MENA,MENA,EMRO,High Income,Middle East & North Africa,,,,3577,2051,Total,Reanalyzed,3836.0,0.5,r 45,2.2,r 45,3842.0,2.1,45,"January,2002-December,2002","Administration of Food and Nutrition, Ministry of Health","Kuwait Nutrition Surveillance System [KNSS] 2002. Kuwait city, Kuwait: Food & Nutrition Administration",Surveillance,202.87649536132812,Age-Adjusted
KWT,KUWAIT,2003,2003,Asia,Western Asia,Western Asia and Northern Africa,MENA,MENA,EMRO,High Income,Middle East & North Africa,,,,3578,2052,Total,Reanalyzed,4306.0,0.7,r 45,2.6,r 45,4308.0,2.3,45,"January,2003-December,2003","Administration of Food and Nutrition, Ministry of Health","Kuwait Nutrition Surveillance System [KNSS] 2003. Kuwait city, Kuwait: Food & Nutrition Administration",Surveillance,200.27200317382812,Age-Adjusted
KWT,KUWAIT,2004,2004,Asia,Western Asia,Western Asia and Northern Africa,MENA,MENA,EMRO,High Income,Middle East & North Africa,,,,3579,2053,Total,Reanalyzed,4377.0,1.1,r 45,3.4,r 45,4381.0,2.8,45,"January,2004-December,2004","Administration of Food and Nutrition, Ministry of Health","Kuwait Nutrition Surveillance System [KNSS] 2004. Kuwait city, Kuwait: Food & Nutrition Administration",Surveillance,196.2635040283203,Age-Adjusted
KWT,KUWAIT,2005,2005,Asia,Western Asia,Western Asia and Northern Africa,MENA,MENA,EMRO,High Income,Middle East & North Africa,,,,3580,2054,Total,Reanalyzed,5593.0,1.0,r 45,3.3,r 45,5601.0,2.6,45,"January,2005-December,2005","Administration of Food and Nutrition, Ministry of Health","Kuwait Nutrition Surveillance System [KNSS] 2005. Kuwait city, Kuwait: Food & Nutrition Administration",Surveillance,198.32749938964844,Age-Adjusted
KWT,KUWAIT,2006,2006,Asia,Western Asia,Western Asia and Northern Africa,MENA,MENA,EMRO,High Income,Middle East & North Africa,,,,3048,2055,Total,Reanalyzed,3481.0,0.7,r 45,3.0,r 45,3502.0,2.9,45,"January,2006-December,2006","Administration of Food and Nutrition, Ministry of Health","Kuwait Nutrition Surveillance System [KNSS] 2006. Kuwait city, Kuwait: Food & Nutrition Administration",Surveillance,210.37899780273438,Age-Adjusted
KWT,KUWAIT,2007,2007,Asia,Western Asia,Western Asia and Northern Africa,MENA,MENA,EMRO,High Income,Middle East & North Africa,,,,3581,2056,Total,Reanalyzed,3819.0,0.8,r 45,3.5,r 45,3839.0,2.9,45,"January,2007-December,2007","Administration of Food and Nutrition, Ministry of Health","Kuwait Nutrition Surveillance System [KNSS] 2007. Kuwait city, Kuwait: Food & Nutrition Administration",Surveillance,225.0814971923828,Age-Adjusted
KWT,KUWAIT,2008,2008,Asia,Western Asia,Western Asia and Northern Africa,MENA,MENA,EMRO,High Income,Middle East & North Africa,,,,3582,2057,Total,Reanalyzed,4263.0,0.6,r 45,2.3,r 45,4290.0,2.4,45,"January,2008-December,2008","Administration of Food and Nutrition, Ministry of Health","Kuwait Nutrition Surveillance System [KNSS] 2008. Kuwait city, Kuwait: Food & Nutrition Administration",Surveillance,238.4824981689453,Age-Adjusted
KWT,KUWAIT,2009,2009,Asia,Western Asia,Western Asia and Northern Africa,MENA,MENA,EMRO,High Income,Middle East & North Africa,,,,3583,2058,Total,Reanalyzed,4048.0,0.3,r 45,1.8,r 45,4083.0,1.7,45,"January,2009-December,2009","Administration of Food and Nutrition, Ministry of Health","Kuwait Nutrition Surveillance System [KNSS] 2009. Kuwait city, Kuwait: Food & Nutrition Administration",Surveillance,249.74949645996094,Age-Adjusted
KWT,KUWAIT,2010,2010,Asia,Western Asia,Western Asia and Northern Africa,MENA,MENA,EMRO,High Income,Middle East & North Africa,,,,3144,2060,Total,Reanalyzed,4047.0,0.6,r 45,2.4,r 45,4059.0,1.7,45,"January,2010-December,2010","Food & Nutrition Administration, Ministry of Health, Kuwait","Kuwait Nutrition Surveillance System [KNSS] 2010. Kuwait city, Kuwait: Food & Nutrition Administration, 2013",Surveillance,260.864990234375,Age-Adjusted
KWT,KUWAIT,2011,2011,Asia,Western Asia,Western Asia and Northern Africa,MENA,MENA,EMRO,High Income,Middle East & North Africa,,,,3584,2061,Total,Reanalyzed,4168.0,0.4,r 45,1.7,r 45,4199.0,2.1,45,"January,2011-December,2011","Food & Nutrition Administration, Ministry of Health, Kuwait","Kuwait Nutrition Surveillance System [KNSS] 2011. Kuwait city, Kuwait: Food & Nutrition Administration, 2013",Surveillance,272.5719909667969,Age-Adjusted
KWT,KUWAIT,2012,2012,Asia,Western Asia,Western Asia and Northern Africa,MENA,MENA,EMRO,High Income,Middle East & North Africa,,,,3585,2062,Total,Reanalyzed,3846.0,0.6,r 45,2.4,r 45,3860.0,2.1,45,"January,2012-December,2012","Food & Nutrition Administration, Ministry of Health, Kuwait","Kuwait Nutrition Surveillance System [KNSS] 2012. Kuwait city, Kuwait: Food & Nutrition Administration, 2013",Surveillance,285.48150634765625,Age-Adjusted
KWT,KUWAIT,2013,2013,Asia,Western Asia,Western Asia and Northern Africa,MENA,MENA,EMRO,High Income,Middle East & North Africa,,,,3254,2063,Total,Reanalyzed,2931.0,0.6,r 45,2.8,r 45,2944.0,3.6,45,"January,2013-December,2013","Food & Nutrition Administration, Ministry of Health, Kuwait","Kuwait Nutrition Surveillance System [KNSS] 2013. Kuwait city, Kuwait: Food & Nutrition Administration, 2015",Surveillance,299.1445007324219,Age-Adjusted
KWT,KUWAIT,2014,2014,Asia,Western Asia,Western Asia and Northern Africa,MENA,MENA,EMRO,High Income,Middle East & North Africa,,,,3586,2064,Total,Reanalyzed,3294.0,0.6,r 45,2.5,r 45,3299.0,3.0,45,"January,2014-December,2014","Food & Nutrition Administration, Ministry of Health, Kuwait","Kuwait Nutrition Surveillance System [KNSS] 2014. Kuwait city, Kuwait: Food & Nutrition Administration, 2015",Surveillance,312.4375,Age-Adjusted
KWT,KUWAIT,2015,2015,Asia,Western Asia,Western Asia and Northern Africa,MENA,MENA,EMRO,High Income,Middle East & North Africa,,,,3305,873,Total,Reanalyzed,2615.0,0.7,r 45,3.0,r 45,2612.0,3.2,45,"January,2015-December,2015","Food and Nutrition Administration, Ministry of Health",The Kuwait Nutrition Surveillance System [KNSS] 2015 Annual Report. Kuwait City. Food & Nutrition Administration,Surveillance,315.8995056152344,Age-Adjusted
KWT,KUWAIT,2016,2016,Asia,Western Asia,Western Asia and Northern Africa,MENA,MENA,EMRO,High Income,Middle East & North Africa,,,,3397,2687,Total,Reanalyzed,3099.0,0.5,r 45,2.3,r 45,3097.0,3.3,45,"January,2016-December,2016","Food & Nutrition Administration, Ministry of Health, Kuwait","Kuwait Nutrition Surveillance System [KNSS] 2016. Kuwait city, Kuwait: Food & Nutrition Administration",Surveillance,311.2139892578125,Age-Adjusted
KWT,KUWAIT,2017,2017,Asia,Western Asia,Western Asia and Northern Africa,MENA,MENA,EMRO,High Income,Middle East & North Africa,,,,3398,2688,Total,Reanalyzed,3406.0,0.7,r 45,2.4,r 45,3424.0,3.6,45,"January,2017-December,2017","Food & Nutrition Administration, Ministry of Health, Kuwait","Kuwait Nutrition Surveillance System [KNSS] 2017. Kuwait city, Kuwait: Food & Nutrition Administration",Surveillance,307.7950134277344,Age-Adjusted
KWT,KUWAIT,2018,2018,Asia,Western Asia,Western Asia and Northern Africa,MENA,MENA,EMRO,High Income,Middle East & North Africa,,,,9715,8049,Total,Reanalyzed,3382.8,0.9,fr 45,2.2,fr 45,3433.9,3.3,f 45,"January,2018-December,2018","Food & Nutrition Administration, Ministry of Health, Kuwait","Kuwait Nutrition Surveillance System [KNSS] 2018. Kuwait city, Kuwait: Food & Nutrition Administration",Surveillance,303.6109924316406,Age-Adjusted
KWT,KUWAIT,2019,2019,Asia,Western Asia,Western Asia and Northern Africa,MENA,MENA,EMRO,High Income,Middle East & North Africa,,,,9716,8050,Total,Reanalyzed,3394.3,0.7,fr 45,1.7,fr 45,3417.2,2.0,f 45,"January,2019-December,2019","Food & Nutrition Administration, Ministry of Health, Kuwait","Kuwait Nutrition Surveillance System [KNSS] 2019. Kuwait city, Kuwait: Food & Nutrition Administration",Surveillance,294.61248779296875,Age-Adjusted
KWT,KUWAIT,2020,2020,Asia,Western Asia,Western Asia and Northern Africa,MENA,MENA,EMRO,High Income,Middle East & North Africa,,,,9717,8051,Total,Reanalyzed,2212.1,0.7,fr 45,1.9,fr 45,2225.5,1.8,f 45,"January,2020-December,2020","Food & Nutrition Administration, Ministry of Health, Kuwait","Kuwait Nutrition Surveillance System [KNSS] 2020. Kuwait city, Kuwait: Food & Nutrition Administration",Surveillance,279.1059875488281,Age-Adjusted
KWT,KUWAIT,2021,2021,Asia,Western Asia,Western Asia and Northern Africa,MENA,MENA,EMRO,High Income,Middle East & North Africa,,,,3012,9136,Total,Reanalyzed,3411.4,0.8,fr 45,3.2,fr 45,3450.4,2.4,f 45,"April,2021-December,2021","Food & Nutrition Administration, Ministry of Health, Kuwait","Kuwait Nutrition Surveillance System [KNSS] 2021. Kuwait city, Kuwait: Food & Nutrition Administration,",Surveillance,271.6679992675781,Age-Adjusted
KWT,KUWAIT,2022,2022,Asia,Western Asia,Western Asia and Northern Africa,MENA,MENA,EMRO,High Income,Middle East & North Africa,,,,10372,9158,Total,Reanalyzed,3192.3,0.7,fr 45,3.4,fr 45,3219.9,2.9,f 45,"January,2022-December,2022","Food & Nutrition Administration, Ministry of Health, Kuwait","Kuwait Nutrition Surveillance System [KNSS] 2022. Kuwait city, Kuwait: Food & Nutrition Administration",Surveillance,271.1724853515625,Age-Adjusted
KWT,KUWAIT,2023,2023,Asia,Western Asia,Western Asia and Northern Africa,MENA,MENA,EMRO,High Income,Middle East & North Africa,,,,11080,9227,Total,Reanalyzed,2911.6,0.9,fr 45,3.5,fr 45,2938.2,2.8,f 45,"January,2023-December,2023","Kuwait Nutrition Surveillance System [KNSS] 2009. Kuwait city, Kuwait: Food & Nutrition Administration","Kuwait Nutrition Surveillance System [KNSS] 2023. Kuwait city, Kuwait: Food & Nutrition Administration",Surveillance,266.08599853515625,Age-Adjusted
KGZ,KYRGYZSTAN,1997,1997,Asia,Central Asia,Central Asia and Southern Asia,ECA,EECA,EURO,Lower Middle Income,Europe & Central Asia,,Low-Income Food-Deficit (LIFD),Landlocked developing countries (LLDCs),1841,388,Total,Reanalyzed,1020.5,0.9,b,2.7,b,1033.8,8.1,b,"August,1997-November,1997",Research Institute of Obstetrics and Pediatrics/Kyrgyz Republic and Macro International,"Kyrgyz Republic demographic and health survey 1997. Demographic and Health Surveys. Bishkek City, Kyrgyz Republic, 1998",DHS,598.3380126953125,Age-Adjusted
KGZ,KYRGYZSTAN,2005-2006,2006,Asia,Central Asia,Central Asia and Southern Asia,ECA,EECA,EURO,Lower Middle Income,Europe & Central Asia,,Low-Income Food-Deficit (LIFD),Landlocked developing countries (LLDCs),2827,389,Total,Reanalyzed,2910.8,1.0,,3.4,,2944.0,2.7,,"November,2005-February,2006",National Statistical Committee of the Kyrgyz Republic,"Multiple indicator cluster survey 2006, Kyrgyz Republic. Final report. Bishkek, Kyrgyzstan: National Statistical Committee of the Kyrkyz Republic and United Nations Children's Fund, 2007",MICS,555.0040283203125,Age-Adjusted
KGZ,KYRGYZSTAN,2009,2009,Asia,Central Asia,Central Asia and Southern Asia,ECA,EECA,EURO,Lower Middle Income,Europe & Central Asia,,Low-Income Food-Deficit (LIFD),Landlocked developing countries (LLDCs),3171,390,Total,Reported,,0.2,b,1.4,b,,4.7,b,"June,2009-July,2009","Ministry of Health, National Statistical Committee, UNICEF, Kyrgyz-Swiss-Swedish Health Project, US CDC.","National survey of the nutritional status of children 6-59 months of age and their mothers, Kyrgyzstan 2009. Bishkek: Ministry of Health, National Statistical Committee, UNICEF, Kyrgyz-Swiss-Swedish Health Project, US CDC, 2010.",NNS,586.8170166015625,Age-Adjusted
KGZ,KYRGYZSTAN,2012,2012,Asia,Central Asia,Central Asia and Southern Asia,ECA,EECA,EURO,Lower Middle Income,Europe & Central Asia,,Low-Income Food-Deficit (LIFD),Landlocked developing countries (LLDCs),2868,391,Total,Reanalyzed,4358.9,1.3,,2.8,,4421.0,3.8,,"August,2012-December,2012","National Statistical Committee of the Kyrgyz Republic (NSC), Ministry of Health [Kyrgyz Republic], and ICF International.","Kyrgyz Republic demographic and health survey 2012. Demographic and Health Surveys. Bishkek, Kyrgyz Republic, and Calverton, Maryland, USA: NSC, MOH, and ICF International, 2013",DHS,694.0364990234375,Age-Adjusted
KGZ,KYRGYZSTAN,2014,2014,Asia,Central Asia,Central Asia and Southern Asia,ECA,EECA,EURO,Lower Middle Income,Europe & Central Asia,,Low-Income Food-Deficit (LIFD),Landlocked developing countries (LLDCs),3239,392,Total,Reanalyzed,4414.5,0.8,,2.8,,4440.6,2.8,,"April,2014-June,2014",National Statistical Committee of the Kyrgyz Republic and UNICEF.,"Kyrgyzstan multiple indicator cluster survey 2014: Final Report (MICS). Bishkek, Kyrgyzstan: National Statistical Committee of the Kyrgyz Republic and UNICEF, 2014.",MICS,749.2144775390625,Age-Adjusted
KGZ,KYRGYZSTAN,2018,2018,Asia,Central Asia,Central Asia and Southern Asia,ECA,EECA,EURO,Lower Middle Income,Europe & Central Asia,,Low-Income Food-Deficit (LIFD),Landlocked developing countries (LLDCs),3399,2102,Total,Reanalyzed,3410.7,0.7,,2.0,,3440.2,1.8,,"September,2018-November,2018",National Statistical Committee of the Kyrgyz Republic and UNICEF,"Kyrgyzstan Multiple Indicator Cluster Survey 2018, Survey Findings Report. Bishkek, Kyrgyzstan: National Statistical Committee of the Kyrgyz Republic and UNICEF.",MICS,753.60302734375,Age-Adjusted
KGZ,KYRGYZSTAN,2021,2021,Asia,Central Asia,Central Asia and Southern Asia,ECA,EECA,EURO,Lower Middle Income,Europe & Central Asia,,Low-Income Food-Deficit (LIFD),Landlocked developing countries (LLDCs),9753,8936,Total,Reanalyzed,1251.5,0.2,b,0.9,b,1261.9,1.0,b,"September,2021-November,2021"," Ministry of Health, UNICEF, WFP, FAO, WHO, USAID, Advancing Nutrition-USAID, Mercy Corps-USDA, and GroundWork","National Integrated Micronutrient and Anthropometry Survey 2021. Bishkek,  Kyrgyz Republic; 2022",NNS,808.3939819335938,Age-Adjusted
KGZ,KYRGYZSTAN,2023,2023,Asia,Central Asia,Central Asia and Southern Asia,ECA,EECA,EURO,Lower Middle Income,Europe & Central Asia,,Low-Income Food-Deficit (LIFD),Landlocked developing countries (LLDCs),11648,9211,Total,Reanalyzed,2949.2,1.3,,3.0,,3007.6,2.9,,"October,2023-December,2023",National Statistical Committee of the Kyrgyz Republic and UNICEF,"Kyrgyz Republic Multiple Indicator Cluster Survey 2023, Survey Findings Report. Bishkek, Kyrgyzstan: National Statistical Committee of the Kyrgyz Republic and UNICEF, 2024",MICS,787.6044921875,Age-Adjusted
LAO,LAO PEOPLE'S DEMOCRATIC REPUBLIC,1993,1993,Asia,South-Eastern Asia,Eastern Asia and South-eastern Asia,EAP,EAP,WPRO,Lower Middle Income,East Asia & Pacific,Least Developed Countries (LDCs),,Landlocked developing countries (LLDCs),1522,393,Total,Adjusted,1365.0,,,11.8,c,1365.0,39.8,c,"May,1993-July,1993",Ministry of Public Health.,"Women and children in the Lao People's Democratic Republic. Results from the LAO social indicator survey (LSIS). Vientiane: Mother and Child Institute, 1994a",Other,812.635009765625,Age-Adjusted
LAO,LAO PEOPLE'S DEMOCRATIC REPUBLIC,1994,1994,Asia,South-Eastern Asia,Eastern Asia and South-eastern Asia,EAP,EAP,WPRO,Lower Middle Income,East Asia & Pacific,Least Developed Countries (LDCs),,Landlocked developing countries (LLDCs),1249,394,Total,Adjusted,2950.0,,,12.3,c,2950.0,35.9,c,,Food and Agriculture Organization,"Diagnostic de la situation nutritionnel et consommationn alimentaire au Laos. Rapport complet de l'étude sur l'état nutritionnel de la population Laotienne. ESNA: TCP/LAO/2354. Rome: Food and Agriculture Organization, 1995",Other,829.9000244140625,Age-Adjusted
LAO,LAO PEOPLE'S DEMOCRATIC REPUBLIC,2000,2000,Asia,South-Eastern Asia,Eastern Asia and South-eastern Asia,EAP,EAP,WPRO,Lower Middle Income,East Asia & Pacific,Least Developed Countries (LDCs),,Landlocked developing countries (LLDCs),2355,1224,Total,Reanalyzed,1462.2,7.5,,17.5,,1420.9,35.6,,"March,2000-April,2000","National Statistical Center; Ministry of Health, National Institute of Public Health [Lao People's Democratic Republic].","Laos Multiple Indicator Cluster Survey 2000. New York, United States: United Nations Children's Fund (UNICEF).",MICS,832.0469970703125,Age-Adjusted
LAO,LAO PEOPLE'S DEMOCRATIC REPUBLIC,2006,2006,Asia,South-Eastern Asia,Eastern Asia and South-eastern Asia,EAP,EAP,WPRO,Lower Middle Income,East Asia & Pacific,Least Developed Countries (LDCs),,Landlocked developing countries (LLDCs),2921,396,Total,Reanalyzed,3979.4,1.7,,7.4,,3992.2,31.6,,"March,2006-June,2006",Department of Statistics and UNICEF.,"Lao PDR multiple indicator cluster survey 2006, final report. Vientiane, Lao PDR: Department of Statistics and UNICEF, 2008",MICS,792.0800170898438,Age-Adjusted
LAO,LAO PEOPLE'S DEMOCRATIC REPUBLIC,2011-2012,2011,Asia,South-Eastern Asia,Eastern Asia and South-eastern Asia,EAP,EAP,WPRO,Lower Middle Income,East Asia & Pacific,Least Developed Countries (LDCs),,Landlocked developing countries (LLDCs),3176,397,Total,Reanalyzed,10671.3,1.4,s,5.9,s,10814.4,26.6,s,"September,2011-March,2012",Ministry of Health (MoH) and Lao Statistics Bureau (LSB).,"Lao social indicator survey LSIS (MICS/DHS). Vientiane, Lao PDR: MoH and LSB, 2012",MICS-DHS,776.4454956054688,Age-Adjusted
LAO,LAO PEOPLE'S DEMOCRATIC REPUBLIC,2015,2015,Asia,South-Eastern Asia,Eastern Asia and South-eastern Asia,EAP,EAP,WPRO,Lower Middle Income,East Asia & Pacific,Least Developed Countries (LDCs),,Landlocked developing countries (LLDCs),3400,1405,Total,Reanalyzed,29788.4,2.4,s,9.7,s,29998.9,25.5,s,"May,2015-September,2015",National Institute of Public Health,"Lao Child Anthropometry Assessment Survey: Add-On to the 2015 National Immunization Survey, Final Report, February 2016",Other,777.7894897460938,Age-Adjusted
LAO,LAO PEOPLE'S DEMOCRATIC REPUBLIC,2017,2017,Asia,South-Eastern Asia,Eastern Asia and South-eastern Asia,EAP,EAP,WPRO,Lower Middle Income,East Asia & Pacific,Least Developed Countries (LDCs),,Landlocked developing countries (LLDCs),3401,2242,Total,Reanalyzed,11358.7,3.0,,9.0,,11555.1,21.1,,"July,2017-November,2017",Lao Statistics Bureau,"Lao Social Indicator Survey II 2017, Survey Findings Report. Vientiane, Lao PDR: Lao Statistics Bureau and UNICEF",MICS-DHS,794.281005859375,Age-Adjusted
LAO,LAO PEOPLE'S DEMOCRATIC REPUBLIC,2023,2023,Asia,South-Eastern Asia,Eastern Asia and South-eastern Asia,EAP,EAP,WPRO,Lower Middle Income,East Asia & Pacific,Least Developed Countries (LDCs),,Landlocked developing countries (LLDCs),10501,9145,Total,Reported,9063.0,2.7,,10.7,,9200.0,24.3,,"March,2023-August,2023",Lao Statistics Bureau and United Nations Children’s Fund (UNICEF).,"Lao Social Indicator Survey III, 2023,  Survey Findings Report. Vientiane, Lao PDR: Lao Statistics Bureau and UNICEF",MICS,795.6934814453125,Age-Adjusted
LVA,LATVIA,2020-2021,2021,Europe,Northern Europe,Northern America and Europe,ECA,WE,EURO,High Income,Europe & Central Asia,,,,9759,8941,Total,Reanalyzed,185.2,0.1,b,1.7,b,192.1,0.3,b,"November,2020-April,2021","Centre for Disease Prevention and Control, Latvia","Study on Physical Activity, Diet Habits and Body Mass Index of Pre-School Children in Latvia (5-6 years olds)",Other,95.94100189208984,Age-Adjusted
LBN,LEBANON,2004,2004,Asia,Western Asia,Western Asia and Northern Africa,MENA,MENA,EMRO,Lower Middle Income,Middle East & North Africa,,,,2913,399,Total,External Reanalysis,1128.0,2.9,,6.6,,1128.0,4.2,,"April,2004-November,2004",The Arab League and the Repubic of Lebanon.,"Lebanon family health survey 2004: Principal report. Tutelian M, Khayyat M , Monem AA, eds. The Pan Arab Project for Family Health, 2006",PAPFAM,449.3039855957031,Age-Adjusted
LBN,LEBANON,2021,2021,Asia,Western Asia,Western Asia and Northern Africa,MENA,MENA,EMRO,Lower Middle Income,Middle East & North Africa,,,,9712,8846,Total,Reanalyzed,2591.8,0.3,s,1.4,s,2604.4,3.4,s,"August,2021-September,2021",Ministry of Public Health Lebanon,Lebanon 2021 National Nutrition SMART Survey,SMART,466.6440124511719,Age-Adjusted
LBN,LEBANON,2023,2023,Asia,Western Asia,Western Asia and Northern Africa,MENA,MENA,EMRO,Lower Middle Income,Middle East & North Africa,,,,10424,9172,Total,Reported,,0.5,,1.3,,,5.1,,"July,2023-November,2023",UNICEF; Groundwork,Lebanese Integrated Micronutrient and Anthropometry Survey 2023,NNS,451.90399169921875,Age-Adjusted
LSO,LESOTHO,1992,1992,Africa,Southern Africa,Sub-Saharan Africa,SSA,ESA,AFRO,Lower Middle Income,Sub-Saharan Africa,Least Developed Countries (LDCs),Low-Income Food-Deficit (LIFD),Landlocked developing countries (LLDCs),1313,400,Total,Adjusted,4687.0,,,3.2,c,4687.0,13.8,c,"May,1992-June,1992",Ministries of Health and Agriculture.,"National nutrition survey report, May-June 1992. Maseru, Kingdom of Lesotho, 1992",NNS,292.5744934082031,Age-Adjusted
LSO,LESOTHO,1993,1993,Africa,Southern Africa,Sub-Saharan Africa,SSA,ESA,AFRO,Lower Middle Income,Sub-Saharan Africa,Least Developed Countries (LDCs),Low-Income Food-Deficit (LIFD),Landlocked developing countries (LLDCs),1524,401,Total,Adjusted,449.0,,,22.4,bc,449.0,18.9,bc,"October,1993-December,1993",Ministry of Health.,"National survey on iodine, vitamin A and iron status of women and children in Lesotho. Maseru, Lesotho, 1994",Other,289.0260009765625,Age-Adjusted
LSO,LESOTHO,2004-2005,2004,Africa,Southern Africa,Sub-Saharan Africa,SSA,ESA,AFRO,Lower Middle Income,Sub-Saharan Africa,Least Developed Countries (LDCs),Low-Income Food-Deficit (LIFD),Landlocked developing countries (LLDCs),2798,403,Total,Reanalyzed,1687.8,2.2,,5.6,,1753.8,16.6,,"September,2004-January,2005","Ministry of Health and Social Welfare (MOHSW) [Lesotho], Bureau of Statistics (BOS) [Lesotho], and ORC Macro.","Lesotho demographic and health survey 2004. Demographic and Health Surveys. Calverton, Maryland: MOH, BOS, and ORC Macro, 2005",DHS,253.86349487304688,Age-Adjusted
LSO,LESOTHO,2009-2010,2009,Africa,Southern Africa,Sub-Saharan Africa,SSA,ESA,AFRO,Lower Middle Income,Sub-Saharan Africa,Least Developed Countries (LDCs),Low-Income Food-Deficit (LIFD),Landlocked developing countries (LLDCs),3098,404,Total,Reanalyzed,2118.0,1.5,,3.8,,2137.6,13.4,,"October,2009-January,2010",Ministry of Health and Social Welfare (MOHSW) [Lesotho] and ICF Macro.,"Lesotho demographic and health survey 2009. Demographic and Health Surveys. Maseru, Lesotho: MOHSW and ICF Macro, 2010",DHS,256.9224853515625,Age-Adjusted
LSO,LESOTHO,2014,2014,Africa,Southern Africa,Sub-Saharan Africa,SSA,ESA,AFRO,Lower Middle Income,Sub-Saharan Africa,Least Developed Countries (LDCs),Low-Income Food-Deficit (LIFD),Landlocked developing countries (LLDCs),3251,405,Total,Reanalyzed,1881.6,0.6,,2.8,,1914.0,10.5,,"September,2014-December,2014",Ministry of Health and ICF International.,"Lesotho demographic and health survey (2014 LDHS): Key indicators. Demographic and Health Surveys. Maseru, Lesotho: Ministry of Health and ICF International, 2015",DHS,277.7665100097656,Age-Adjusted
LSO,LESOTHO,2018,2018,Africa,Southern Africa,Sub-Saharan Africa,SSA,ESA,AFRO,Lower Middle Income,Sub-Saharan Africa,Least Developed Countries (LDCs),Low-Income Food-Deficit (LIFD),Landlocked developing countries (LLDCs),3402,3508,Total,Reanalyzed,3151.4,0.8,,2.1,,3170.9,10.5,,"April,2018-September,2018",Bureau of Statistics,"Lesotho Multiple Indicator Cluster Survey 2018, Survey Findings Report. Maseru, Lesotho: Bureau of Statistics.",MICS,283.73199462890625,Age-Adjusted
LSO,LESOTHO,2023-2024,2024,Africa,Southern Africa,Sub-Saharan Africa,SSA,ESA,AFRO,Lower Middle Income,Sub-Saharan Africa,Least Developed Countries (LDCs),Low-Income Food-Deficit (LIFD),Landlocked developing countries (LLDCs),1788,9208,Total,Reanalyzed,1498.8,0.2,,1.6,,1493.1,12.5,,"November,2023-February,2024",Ministry of Health [Lesotho] and ICF,"Lesotho Demographic and Health Survey 2023–24: Final Report. Maseru, Lesotho, and Rockville, Maryland, USA: Ministry of Health and ICF.",DHS,263.3529968261719,Age-Adjusted
LBR,LIBERIA,1999-2000,2000,Africa,Western Africa,Sub-Saharan Africa,SSA,WCA,AFRO,Low Income,Sub-Saharan Africa,Least Developed Countries (LDCs),Low-Income Food-Deficit (LIFD),,2437,406,Total,Reanalyzed,45162.6,2.2,r,7.4,r,46034.2,22.8,,"November,1999-April,2000","Ministry of Health and Social Welfare, UNICEF, Christian Health Association of Liberia.","Liberia national nutrition survey 1999-2000. Monrovia, Liberia, 2001",NNS,502.8445129394531,Age-Adjusted
LBR,LIBERIA,2006-2007,2007,Africa,Western Africa,Sub-Saharan Africa,SSA,WCA,AFRO,Low Income,Sub-Saharan Africa,Least Developed Countries (LDCs),Low-Income Food-Deficit (LIFD),,2873,407,Total,Reanalyzed,5342.8,3.0,,7.9,,5440.6,20.4,,"December,2006-April,2007","LISGIS, Ministry of Health and Social Welfare, National AIDS Control Program and Macro International Inc.","Liberia demographic and health survey 2007. Demographic and Health Surveys. Monrovia, Liberia: Liberia Institute of Statistics and Geo-Information Services (LISGIS) and Macro International Inc., 2008",DHS,626.1409912109375,Age-Adjusted
LBR,LIBERIA,2008,2008,Africa,Western Africa,Sub-Saharan Africa,SSA,WCA,AFRO,Low Income,Sub-Saharan Africa,Least Developed Countries (LDCs),Low-Income Food-Deficit (LIFD),,5515,2395,Total,Reported,,0.8,b,4.3,b,,16.4,b,"August,2008-September,2008","Ministry of Agriculture, World Food Programme, Liberia Institute of Statistics and Geo Information Services and UNICEF",The 2008 State of Food and Nutrition Security in Liberia.,CFSVA,651.2374877929688,Age-Adjusted
LBR,LIBERIA,2010,2010,Africa,Western Africa,Sub-Saharan Africa,SSA,WCA,AFRO,Low Income,Sub-Saharan Africa,Least Developed Countries (LDCs),Low-Income Food-Deficit (LIFD),,3306,408,Total,Reanalyzed,6476.5,1.0,rs,4.0,rs,6395.0,16.6,s,"May,2010-August,2010","Ministry of Agriculture, World Food Programme, Liberia Institute of Statistics and Geo Information Services and UNICEF.",The 2010 State of Food and Nutrition Security in Liberia.,CFSVA,683.4299926757812,Age-Adjusted
LBR,LIBERIA,2013,2013,Africa,Western Africa,Sub-Saharan Africa,SSA,WCA,AFRO,Low Income,Sub-Saharan Africa,Least Developed Countries (LDCs),Low-Income Food-Deficit (LIFD),,3233,409,Total,Reanalyzed,3561.5,2.0,,5.6,,3624.6,15.3,,"March,2013-July,2013","Liberia Institute of Statistics and Geo-Information Services, Ministry of Health and Social Welfare, National AIDS Control Program, ICF International.","Demographic and health survey 2013. Demographic and Health Surveys. Monrovia, Liberia: Liberia Institute of Statistics and Geo-Information Services (LISGIS) and ICF International, 2014",DHS,721.3159790039062,Age-Adjusted
LBR,LIBERIA,2016,2016,Africa,Western Africa,Sub-Saharan Africa,SSA,WCA,AFRO,Low Income,Sub-Saharan Africa,Least Developed Countries (LDCs),Low-Income Food-Deficit (LIFD),,3403,2670,Total,Reanalyzed,5954.9,0.7,rs,4.3,rs,5925.2,13.6,s,"May,2016-June,2016",Central Statistics Office,Liberia 2016 National Nutrition and Mortality Survey,SMART,739.3485107421875,Age-Adjusted
LBR,LIBERIA,2019-2020,2019,Africa,Western Africa,Sub-Saharan Africa,SSA,WCA,AFRO,Low Income,Sub-Saharan Africa,Least Developed Countries (LDCs),Low-Income Food-Deficit (LIFD),,3476,4192,Total,Reanalyzed,2824.9,0.5,,3.4,,2830.9,10.9,,"October,2019-February,2020","Liberia Institute of Statistics and Geo-Information Services (LISGIS), Ministry of Health, and ICF.","Liberia Demographic and Health Survey 2019-20. Monrovia, Liberia and Rockville, Maryland, USA/ Liberia Institute of Statistics and Geo-Information Services (LISGIS), Ministry of Health [Liberia], and ICF. 2021.",DHS,746.5615234375,Age-Adjusted
LBY,LIBYA,1995,1995,Africa,Northern Africa,Western Asia and Northern Africa,MENA,MENA,EMRO,Upper Middle Income,Middle East & North Africa,,,,1605,410,Total,Reanalyzed,4451.9,1.5,r,3.6,r,4681.2,4.2,p,"July,1995-September,1995","Committee for Health and Social Insurance (Libya), League of Arab States.","Libyan maternal and child health survey. PAPCHILD Surveys. Cairo: The League of Arab States, 1997",PAPFAM,546.9555053710938,Age-Adjusted
LBY,LIBYA,2007,2007,Africa,Northern Africa,Western Asia and Northern Africa,MENA,MENA,EMRO,Upper Middle Income,Middle East & North Africa,,,,2923,411,Total,External Reanalysis,10723.0,2.9,,6.5,,10723.0,5.6,,"May,2007-October,2007",National Center for Infectious and Chronic Disease Control [Jamahiriya] and Pan-Arab Project for Family Health.,"National Libyan family health survey. PAPFAM surveys. Cairo: The league of Arab States, 2008",PAPFAM,676.0900268554688,Age-Adjusted
LBY,LIBYA,2014,2014,Africa,Northern Africa,Western Asia and Northern Africa,MENA,MENA,EMRO,Upper Middle Income,Middle East & North Africa,,,,3404,1865,Total,Reported,9876.0,5.3,,10.2,,9876.0,11.7,,"April,2014-June,2014",Bureau of Statistics and Census (Libya),Libya 2014 National Family Health Survey,PAPFAM,709.8510131835938,Age-Adjusted
LBY,LIBYA,2022,2022,Africa,Northern Africa,Western Asia and Northern Africa,MENA,MENA,EMRO,Upper Middle Income,Middle East & North Africa,,,,10102,8939,Total,Reanalyzed,4812.0,0.9,b,3.5,b,4865.0,4.3,b,"September,2022-October,2022","National Statistics Bureau, Libya","National Nutrition Survey for Mothers, Pregnant Women and Children Under Five in Libya 2022",SMART,656.9210205078125,Age-Adjusted
LTU,LITHUANIA,2021,2021,Europe,Northern Europe,Northern America and Europe,ECA,WE,EURO,High Income,Europe & Central Asia,,,,9862,8994,Total,Reanalyzed,69937.0,0.7,b,4.9,b,70396.0,1.1,b,"January,2021-December,2021",Institute of Hygiene,Lithuania Child Health Monitoring Information System 2021,Admin,136.99899291992188,Age-Adjusted
MDG,MADAGASCAR,1992,1992,Africa,Eastern Africa,Sub-Saharan Africa,SSA,ESA,AFRO,Low Income,Sub-Saharan Africa,Least Developed Countries (LDCs),Low-Income Food-Deficit (LIFD),,878,412,Total,Reanalyzed,4500.5,1.2,,6.4,,4318.8,35.2,,"May,1992-November,1992","Refeno G, Rabeza V, Mboup G, Schoemaker J.","Enquête nationale démographique et sanitaire 1992. Demographic and Health Surveys. Centre National de Recherches sur l'Environnement. Antananarivo, Madagascar, 1994",DHS,2311.261474609375,Age-Adjusted
MDG,MADAGASCAR,1993-1994,1993,Africa,Eastern Africa,Sub-Saharan Africa,SSA,ESA,AFRO,Low Income,Sub-Saharan Africa,Least Developed Countries (LDCs),Low-Income Food-Deficit (LIFD),,1583,413,Total,Adjusted,3131.0,,,16.4,c,3131.0,40.9,c,"June,1993-June,1994",Institut National de la Statistique.,"Enquête permanente aupres des menages - rapport principal, décembre 1995. Antananarivo, Madagascar, 1995",Other,2393.090087890625,Age-Adjusted
MDG,MADAGASCAR,1995,1995,Africa,Eastern Africa,Sub-Saharan Africa,SSA,ESA,AFRO,Low Income,Sub-Saharan Africa,Least Developed Countries (LDCs),Low-Income Food-Deficit (LIFD),,1611,414,Total,Adjusted,5049.0,,,9.0,c,5049.0,30.4,c,"June,1995-July,1995",Institut National de la Statistique et UNICEF.,"Enquête par grappes a indicateurs multiples [multiple indicators cluster survey (MICS)], Madagascar 1995 (rapport préliminaires). Antananarivo, Madagascar: Institut National de la Statistique et UNICEF, 1996",MICS,2571.799072265625,Age-Adjusted
MDG,MADAGASCAR,1997,1997,Africa,Eastern Africa,Sub-Saharan Africa,SSA,ESA,AFRO,Low Income,Sub-Saharan Africa,Least Developed Countries (LDCs),Low-Income Food-Deficit (LIFD),,1864,415,Total,Reanalyzed,3255.0,2.4,b,8.8,b,3178.4,35.6,b,"September,1997-December,1997","Direction de la Démographie et des Statistiques Sociales, Institut National de la Statistique - INSTAT/Madagascar and Macro International","Enquête démographique et de santé, Madagascar 1997. Demographic and Health Surveys. Institut Nacional de la Statistique. Antananarivo, Madgascar, 1998",DHS,2770.091064453125,Age-Adjusted
MDG,MADAGASCAR,2003-2004,2004,Africa,Eastern Africa,Sub-Saharan Africa,SSA,ESA,AFRO,Low Income,Sub-Saharan Africa,Least Developed Countries (LDCs),Low-Income Food-Deficit (LIFD),,2673,416,Total,Reanalyzed,5753.6,5.6,,15.1,,5765.9,36.7,,"October,2003-June,2004",Institut National de la Statistique (INSTAT) et ORC Macro.,"Enquête Démographique et de Santé de Madagascar 2003-2004. Demographic and Health Surveys. Calverton, Maryland, USA : INSTAT et ORC Macro, 2005",DHS,3255.174560546875,Age-Adjusted
MDG,MADAGASCAR,2004,2004,Africa,Eastern Africa,Sub-Saharan Africa,SSA,ESA,AFRO,Low Income,Sub-Saharan Africa,Least Developed Countries (LDCs),Low-Income Food-Deficit (LIFD),,9814,9228,Total,Reanalyzed,12803.0,1.7,r,6.5,r,12447.0,28.6,,"May,2004-August,2004",Emanuela Galasso and Nithin Umapathi,"Enquête Anthropométrique et Développement de l'Enfant Madagascar 2004, Round 1",Other,3255.174560546875,Age-Adjusted
MDG,MADAGASCAR,2011,2011,Africa,Eastern Africa,Sub-Saharan Africa,SSA,ESA,AFRO,Low Income,Sub-Saharan Africa,Least Developed Countries (LDCs),Low-Income Food-Deficit (LIFD),,9816,9229,Total,Reanalyzed,6052.0,1.0,s,5.7,s,5995.0,28.4,s,"May,2011-July,2011","Emanuela Galasso, Lia Fernald, Ann Weber","Enquête Anthropométrique et Développement de l'Enfant Madagascar 2011, Round 3",Other,3726.571533203125,Age-Adjusted
MDG,MADAGASCAR,2012-2013,2012,Africa,Eastern Africa,Sub-Saharan Africa,SSA,ESA,AFRO,Low Income,Sub-Saharan Africa,Least Developed Countries (LDCs),Low-Income Food-Deficit (LIFD),,3364,805,Total,Reanalyzed,10867.9,0.9,s,7.5,s,10835.0,32.6,s,"September,2012-March,2013","National Statistics Institute, Ministry of Economy Industry, Madagasar","Enquête Nationale Sur le Suivi des Objectifs du Millènaire pour le Dèveloppement Â Madagascar, 2012-2013",Other,3789.220947265625,Age-Adjusted
MDG,MADAGASCAR,2018,2018,Africa,Eastern Africa,Sub-Saharan Africa,SSA,ESA,AFRO,Low Income,Sub-Saharan Africa,Least Developed Countries (LDCs),Low-Income Food-Deficit (LIFD),,3405,1750,Total,Reanalyzed,12435.0,1.0,,6.4,,12481.3,26.4,,"August,2018-December,2018",INSTAT et UNICEF,"Enquête par grappes à indicateurs multiples-MICS Madagascar 2018, Rapport final. Antananarivo, Madagascar : INSTAT et UNICEF 2019",MICS,4133.1513671875,Age-Adjusted
MDG,MADAGASCAR,2021,2021,Africa,Eastern Africa,Sub-Saharan Africa,SSA,ESA,AFRO,Low Income,Sub-Saharan Africa,Least Developed Countries (LDCs),Low-Income Food-Deficit (LIFD),,7303,5021,Total,Reanalyzed,6394.4,1.5,,7.2,,6334.7,22.6,,"March,2021-July,2021",Institut National de la Statistique (INSTAT) et ICF,"Enquête Démographique et de Santé à Madagascar,  2021. Antananarivo, Madagascar et Rockville, Maryland, USA : INSTAT et ICF.",DHS,4420.15869140625,Age-Adjusted
MWI,MALAWI,1992,1992,Africa,Eastern Africa,Sub-Saharan Africa,SSA,ESA,AFRO,Low Income,Sub-Saharan Africa,Least Developed Countries (LDCs),Low-Income Food-Deficit (LIFD),Landlocked developing countries (LLDCs),1409,418,Total,Reanalyzed,3289.7,2.1,,6.6,,3418.9,24.4,,"September,1992-November,1992",National Statistical Office/Malawi and Macro International,"Malawi demographic and health survey 1992. Demographic and Health Surveys. National Statistics Office. Zomba, Malawi, 1993",DHS,1898.9659423828125,Age-Adjusted
MWI,MALAWI,1995,1995,Africa,Eastern Africa,Sub-Saharan Africa,SSA,ESA,AFRO,Low Income,Sub-Saharan Africa,Least Developed Countries (LDCs),Low-Income Food-Deficit (LIFD),Landlocked developing countries (LLDCs),1700,419,Total,Adjusted,3654.0,,,8.5,c,3654.0,26.5,c,"October,1995-October,1995",Ministry of Economic Planning and Development.,"Malawi social indicators survey 1995. MICS surveys. National Statistical Office and the Centre for Social Research. Lilongwe, Malawi, 1996",MICS,1894.29150390625,Age-Adjusted
MWI,MALAWI,1997-1998,1998,Africa,Eastern Africa,Sub-Saharan Africa,SSA,ESA,AFRO,Low Income,Sub-Saharan Africa,Least Developed Countries (LDCs),Low-Income Food-Deficit (LIFD),Landlocked developing countries (LLDCs),2455,420,Total,Reanalyzed,803936.8,4.2,b,8.9,b,1038651.4,23.5,b,"November,1997-October,1998","National Statistics Office, Government of Malawi","A relative profile of poverty in Malawi, 1998: A quintile-based poverty analysis of the Malawi integrated household survey, 1997-98. Poverty Monitoring System.",LSMS,1991.531494140625,Age-Adjusted
MWI,MALAWI,2000,2000,Africa,Eastern Africa,Sub-Saharan Africa,SSA,ESA,AFRO,Low Income,Sub-Saharan Africa,Least Developed Countries (LDCs),Low-Income Food-Deficit (LIFD),Landlocked developing countries (LLDCs),2277,421,Total,Reanalyzed,10276.3,2.9,,6.8,,10728.4,21.5,,"July,2000-November,2000",National Statistical Office and ORC Macro.,"Malawi demographic and health survey 2000. Demographic and Health Surveys. Zomba, Malawi and Calverton, Maryland, USA: National Statistical Office and ORC Macro, 2001",DHS,2070.75390625,Age-Adjusted
MWI,MALAWI,2002,2002,Africa,Eastern Africa,Sub-Saharan Africa,SSA,ESA,AFRO,Low Income,Sub-Saharan Africa,Least Developed Countries (LDCs),Low-Income Food-Deficit (LIFD),Landlocked developing countries (LLDCs),3406,1201,Total,Reanalyzed,1628907.2,2.5,r,6.3,r,1682991.6,21.7,,"September,2002-November,2002",National Statistical Office (NSO) - Government of Malawi,Malawi 2002 Core Welfare Indicators Questionnaire Survey,CWIQ,2162.096923828125,Age-Adjusted
MWI,MALAWI,2004-2005,2004,Africa,Eastern Africa,Sub-Saharan Africa,SSA,ESA,AFRO,Low Income,Sub-Saharan Africa,Least Developed Countries (LDCs),Low-Income Food-Deficit (LIFD),Landlocked developing countries (LLDCs),2763,422,Total,Reanalyzed,8811.0,3.2,,6.3,,9440.2,18.6,,"October,2004-January,2005","National Statistical Office (NSO) [Malawi], and ORC Macro.","Malawi demographic and health survey 2004. Demographic and Health Surveys. Calverton, Maryland: NSO and ORC Macro, 2005",DHS,2273.1455078125,Age-Adjusted
MWI,MALAWI,2006,2006,Africa,Eastern Africa,Sub-Saharan Africa,SSA,ESA,AFRO,Low Income,Sub-Saharan Africa,Least Developed Countries (LDCs),Low-Income Food-Deficit (LIFD),Landlocked developing countries (LLDCs),2890,423,Total,Reanalyzed,21419.6,1.5,,4.2,,22347.8,15.6,,"July,2006-November,2006",National Statistical Office and UNICEF.,"Malawi multiple indicator cluster survey 2006, Final report. Lilongwe, Malawi: National Statistical Office and UNICEF, 2008.",MICS,2418.62353515625,Age-Adjusted
MWI,MALAWI,2009,2009,Africa,Eastern Africa,Sub-Saharan Africa,SSA,ESA,AFRO,Low Income,Sub-Saharan Africa,Least Developed Countries (LDCs),Low-Income Food-Deficit (LIFD),Landlocked developing countries (LLDCs),3099,424,Total,Reported,,0.3,b,1.9,b,,11.7,b,"July,2009-August,2009","Department of Nutrition, HIV and AIDS in the Office of President and Cabinet (DHNA-OPC), Ministry of Health (MOH), National Statistics Office (NSO), UNICEF and CDC.","The national micronutrient survey 2009. Lilongwe, Malawi: Ministry of Health, UNICEF, Irish Aid and CDC, 2011.",Other,2652.276611328125,Age-Adjusted
MWI,MALAWI,2010,2010,Africa,Eastern Africa,Sub-Saharan Africa,SSA,ESA,AFRO,Low Income,Sub-Saharan Africa,Least Developed Countries (LDCs),Low-Income Food-Deficit (LIFD),Landlocked developing countries (LLDCs),3100,425,Total,Reanalyzed,4939.3,1.5,,4.0,,5166.9,13.9,,"June,2010-November,2010",National Statistical Office (NSO) and ICF Macro.,"Malawi demographic and health survey 2010. Demographic and Health Surveys. Zomba, Malawi, and Calverton, Maryland, USA: NSO and ICF Macro. 2011",DHS,2713.93310546875,Age-Adjusted
MWI,MALAWI,2013-2014,2014,Africa,Eastern Africa,Sub-Saharan Africa,SSA,ESA,AFRO,Low Income,Sub-Saharan Africa,Least Developed Countries (LDCs),Low-Income Food-Deficit (LIFD),Landlocked developing countries (LLDCs),3232,426,Total,Reanalyzed,18203.8,1.1,,3.8,,18522.7,16.7,,"November,2013-April,2014",National Statistical Office.,"Malawi MDG endline survey 2014. Final Report. Zomba, Malawi: National Statistical Office, 2014.",MICS,2847.780029296875,Age-Adjusted
MWI,MALAWI,2015-2016,2015,Africa,Eastern Africa,Sub-Saharan Africa,SSA,ESA,AFRO,Low Income,Sub-Saharan Africa,Least Developed Countries (LDCs),Low-Income Food-Deficit (LIFD),Landlocked developing countries (LLDCs),3324,889,Total,Reanalyzed,5772.0,0.6,,2.8,,5785.9,11.8,,"October,2015-February,2016",National Statistical Office (NSO) [Malawi] and ICF. 2017,"Malawi Demographic and Health Survey 2015-16. Zomba, Malawi, and Rockville, Maryland, USA. NSO and ICF.",DHS,2861.718994140625,Age-Adjusted
MWI,MALAWI,2015-2016,2016,Africa,Eastern Africa,Sub-Saharan Africa,SSA,ESA,AFRO,Low Income,Sub-Saharan Africa,Least Developed Countries (LDCs),Low-Income Food-Deficit (LIFD),Landlocked developing countries (LLDCs),3477,4145,Total,Reanalyzed,1193131264.0,1.4,b,4.9,b,1215962368.0,17.1,b,"December,2015-February,2016","National Statistical Office (NSO), Community Health Sciences Unit (CHSU) [Malawi], Centers for Disease Control and Prevention (CDC), and Emory University","Malawi Micronutrient Survey 2015-16. Atlanta, GA, USA: NSO, CHSU, CDC and Emory University",Other,2870.17138671875,Age-Adjusted
MWI,MALAWI,2016,2016,Africa,Eastern Africa,Sub-Saharan Africa,SSA,ESA,AFRO,Low Income,Sub-Saharan Africa,Least Developed Countries (LDCs),Low-Income Food-Deficit (LIFD),Landlocked developing countries (LLDCs),3408,2400,Total,Reanalyzed,2779.4,0.4,b,2.5,b,2784.6,15.2,b,"April,2016-May,2016","Lilongwe University of Agriculture and Natural Resources (LUANAR); Ministry of Health, UNIMA, UNICEF",Report of the Seven Nutrition Surveys Conducted in Flood Affected Livelihood Zones of Malawi - Assessment Period April - May 2016,SMART,2870.17138671875,Age-Adjusted
MWI,MALAWI,2016,2016,Africa,Eastern Africa,Sub-Saharan Africa,SSA,ESA,AFRO,Low Income,Sub-Saharan Africa,Least Developed Countries (LDCs),Low-Income Food-Deficit (LIFD),Landlocked developing countries (LLDCs),3407,3561,Total,Reanalyzed,3620.2,0.6,b,4.1,b,3621.1,14.6,b,"November,2016-December,2016","Lilongwe University of Agriculture and Natural Resources (LUANAR); Ministry of Health, UNIMA, UNICEF",Report of the Seven Nutrition Surveys Conducted in Flood Affected Livelihood Zones of Malawi - Assessment Period November - December 2016,SMART,2870.17138671875,Age-Adjusted
MWI,MALAWI,2017,2017,Africa,Eastern Africa,Sub-Saharan Africa,SSA,ESA,AFRO,Low Income,Sub-Saharan Africa,Least Developed Countries (LDCs),Low-Income Food-Deficit (LIFD),Landlocked developing countries (LLDCs),3409,3562,Total,Reanalyzed,3494.1,0.2,b,2.6,b,3503.0,12.3,b,"May,2017-June,2017","Lilongwe University of Agriculture and Natural Resources (LUANAR); Ministry of Health, UNIMA, UNICEF",Report of the Seven Nutrition Surveys Conducted in Flood Affected Livelihood Zones of Malawi - Assessment Period May 2017,SMART,2878.822998046875,Age-Adjusted
MWI,MALAWI,2018,2018,Africa,Eastern Africa,Sub-Saharan Africa,SSA,ESA,AFRO,Low Income,Sub-Saharan Africa,Least Developed Countries (LDCs),Low-Income Food-Deficit (LIFD),Landlocked developing countries (LLDCs),3410,3566,Total,Reanalyzed,3205.0,0.1,b,1.5,b,3215.8,11.5,b,"January,2018-February,2018","Lilongwe University of Agriculture and Natural Resources (LUANAR); Ministry of Health, UNIMA, UNICEF",Report of the Seven Nutrition Surveys Conducted in Flood Affected Livelihood Zones of Malawi - Assessment Period January - February 2018,SMART,2891.322021484375,Age-Adjusted
MWI,MALAWI,2019,2019,Africa,Eastern Africa,Sub-Saharan Africa,SSA,ESA,AFRO,Low Income,Sub-Saharan Africa,Least Developed Countries (LDCs),Low-Income Food-Deficit (LIFD),Landlocked developing countries (LLDCs),3478,3651,Total,Reanalyzed,3592.3,0.2,b,0.8,b,3611.0,8.8,b,"June,2019-July,2019","Lilongwe University of Agriculture and Natural Resources (LUANAR); Ministry of Health, UNIMA, UNICEF",Report of the Seven Nutrition Surveys Conducted in Flood Affected Livelihood Zones of Malawi - Assessment Period June - July 2019,SMART,2911.007080078125,Age-Adjusted
MWI,MALAWI,2019-2020,2019,Africa,Eastern Africa,Sub-Saharan Africa,SSA,ESA,AFRO,Low Income,Sub-Saharan Africa,Least Developed Countries (LDCs),Low-Income Food-Deficit (LIFD),Landlocked developing countries (LLDCs),5589,4426,Total,Reanalyzed,2273291.2,1.2,s,3.8,s,2312787.2,10.8,ps,"April,2019-April,2020",National Statistical Office (NSO),Malawi Fifth Integrated Household Survey 2019-2020,LSMS,2911.007080078125,Age-Adjusted
MWI,MALAWI,2019-2020,2020,Africa,Eastern Africa,Sub-Saharan Africa,SSA,ESA,AFRO,Low Income,Sub-Saharan Africa,Least Developed Countries (LDCs),Low-Income Food-Deficit (LIFD),Landlocked developing countries (LLDCs),5588,3547,Total,Reanalyzed,14990.5,0.7,,2.6,,15144.2,12.8,,"December,2019-August,2020",National Statistical Office,"Malawi Multiple Indicator Cluster Survey 2019-20, Survey Findings Report. Zomba, Malawi: National Statistical Office",MICS,2942.531494140625,Age-Adjusted
MWI,MALAWI,2020,2020,Africa,Eastern Africa,Sub-Saharan Africa,SSA,ESA,AFRO,Low Income,Sub-Saharan Africa,Least Developed Countries (LDCs),Low-Income Food-Deficit (LIFD),Landlocked developing countries (LLDCs),5595,4575,Total,Reanalyzed,2142.0,0.2,b,2.1,b,2142.0,11.6,b,"November,2020-December,2020","Lilongwe University of Agriculture and Natural Resources (LUANAR); Ministry of Health, UNIMA, UNICEF",Report of the Round 7 Nutrition SMART Surveys Conducted in the Flood- and Drought- Prone Livelihood Zones of Malawi,SMART,2942.531494140625,Age-Adjusted
MYS,MALAYSIA,1990,1990,Asia,South-Eastern Asia,Eastern Asia and South-eastern Asia,EAP,EAP,WPRO,Upper Middle Income,East Asia & Pacific,,,,1319,2065,Total,Adjusted,,,,,,316306.0,22.1,c 40,"March,1990-September,1990",Ministry of Health,"Annual report, 1990. Family Health Information System. Information and Documentation Unit. Kuala Lumpur, Malaysia, 1994",Admin,2386.2919921875,Age-Adjusted
MYS,MALAYSIA,1991,1991,Asia,South-Eastern Asia,Eastern Asia and South-eastern Asia,EAP,EAP,WPRO,Upper Middle Income,East Asia & Pacific,,,,3588,2066,Total,Adjusted,,,,,,323299.0,23.1,c 40,"March,1991-September,1991",Ministry of Health,"Annual report, 1991. Family Health Information System. Information and Documentation Unit. Kuala Lumpur, Malaysia, 1994",Admin,2385.51611328125,Age-Adjusted
MYS,MALAYSIA,1992,1992,Asia,South-Eastern Asia,Eastern Asia and South-eastern Asia,EAP,EAP,WPRO,Upper Middle Income,East Asia & Pacific,,,,3589,2067,Total,Adjusted,,,,,,325469.0,22.6,c 40,"March,1992-September,1992",Ministry of Health,"Annual report, 1992. Family Health Information System. Information and Documentation Unit. Kuala Lumpur, Malaysia, 1994",Admin,2399.906005859375,Age-Adjusted
MYS,MALAYSIA,1993,1993,Asia,South-Eastern Asia,Eastern Asia and South-eastern Asia,EAP,EAP,WPRO,Upper Middle Income,East Asia & Pacific,,,,3590,2068,Total,Adjusted,,,,,,313246.0,20.5,c 40,"March,1993-September,1993",Ministry of Health,"Annual report, 1993. Family Health Information System. Information and Documentation Unit. Kuala Lumpur, Malaysia, 1994",Admin,2436.2890625,Age-Adjusted
MYS,MALAYSIA,1994,1994,Asia,South-Eastern Asia,Eastern Asia and South-eastern Asia,EAP,EAP,WPRO,Upper Middle Income,East Asia & Pacific,,,,1613,2069,Total,Adjusted,,,,,,317551.0,19.7,c 40,,Ministry of Health,"Annual reports, 1994. Family Health Information System. Division of Family Health Development. Kuala Lumpur, Malaysia, 1996 Ministry of Health",Admin,2485.72802734375,Age-Adjusted
MYS,MALAYSIA,1995,1995,Asia,South-Eastern Asia,Eastern Asia and South-eastern Asia,EAP,EAP,WPRO,Upper Middle Income,East Asia & Pacific,,,,3591,2070,Total,Adjusted,,,,,,344736.0,17.7,c 40,,Ministry of Health,"Annual reports, 1995. Family Health Information System. Division of Family Health Development. Kuala Lumpur, Malaysia, 1996 Ministry of Health",Admin,2539.882568359375,Age-Adjusted
MYS,MALAYSIA,1999,1999,Asia,South-Eastern Asia,Eastern Asia and South-eastern Asia,EAP,EAP,WPRO,Upper Middle Income,East Asia & Pacific,,,,2549,433,Total,Adjusted,5108.0,,,15.3,c,5108.0,16.7,c,,Somsiah Parman.,"A study of malnutrition in under five children in Malaysia.  Kuala Lumpur, Malaysia: Ministry of Health, 2000",Other,2665.777587890625,Age-Adjusted
MYS,MALAYSIA,2006,2006,Asia,South-Eastern Asia,Eastern Asia and South-eastern Asia,EAP,EAP,WPRO,Upper Middle Income,East Asia & Pacific,,,,3083,434,Total,Reanalyzed,1919334.4,4.7,r,13.2,r,2046015.9,12.7,p,"April,2006-July,2006","Institute for Public Health, Ministry of Health (Malaysia)","Malaysia National Health And Morbidity Survey 2006. Kuala Lumpur, Malaysia: Institute for Public Health, Ministry of Health (Malaysia)",Other,2617.12451171875,Age-Adjusted
MYS,MALAYSIA,2015,2015,Asia,South-Eastern Asia,Eastern Asia and South-eastern Asia,EAP,EAP,WPRO,Upper Middle Income,East Asia & Pacific,,,,3310,435,Total,Reanalyzed,2186824.2,2.8,r,8.1,r,2305334.8,12.5,,"March,2015-June,2015",Institute for Public Health (IPH),"National Health and Morbidity Survey 2015 (NHMS 2015), Kuala Lumpur, Malaysia: IPH, 2015.",Other,2596.992431640625,Age-Adjusted
MYS,MALAYSIA,2016,2016,Asia,South-Eastern Asia,Eastern Asia and South-eastern Asia,EAP,EAP,WPRO,Upper Middle Income,East Asia & Pacific,,,,3338,1183,Total,Reanalyzed,2409809.0,3.8,r,11.6,r,2442950.2,13.7,,"February,2016-May,2016",Institute of Public Health,Malaysia National Health and Morbidity Survey 2016,Other,2648.306884765625,Age-Adjusted
MYS,MALAYSIA,2019,2019,Asia,South-Eastern Asia,Eastern Asia and South-eastern Asia,EAP,EAP,WPRO,Upper Middle Income,East Asia & Pacific,,,,3479,4374,Total,Reanalyzed,2272205.8,3.6,r,9.7,r,2317435.2,14.8,,"July,2019-October,2019","Institute for Public Health (IPH), National Institutes of Health, Ministry of Health Malaysia",Malaysia National Health and Morbidity Survey (NHMS) 2019,Other,2681.048583984375,Age-Adjusted
MYS,MALAYSIA,2022,2022,Asia,South-Eastern Asia,Eastern Asia and South-eastern Asia,EAP,EAP,WPRO,Upper Middle Income,East Asia & Pacific,,,,9426,6885,Total,Reported,,,,11.0,,,15.3,,"August,2022-October,2022","Institute for Public Health, Ministry of Health (Malaysia), National Institutes of Health (NIH)",Malaysia National Health and Morbidity Survey 2022,Other,2359.9326171875,Age-Adjusted
MDV,MALDIVES,1994,1994,Asia,Southern Asia,Central Asia and Southern Asia,SA,SA,SEARO,Upper Middle Income,South Asia,,,Small island developing States (SIDS),1569,436,Total,Reanalyzed,1987.0,3.5,r,16.1,r,1995.0,32.5,,"January,1994-July,1994",Ministry of Health and Welfare,"Nutritional status and child feeding practices of Maldivian children. Department of Public Health. Male, Maldives, 1994.",NNS,39.787498474121094,Age-Adjusted
MDV,MALDIVES,1995,1995,Asia,Southern Asia,Central Asia and Southern Asia,SA,SA,SEARO,Upper Middle Income,South Asia,,,Small island developing States (SIDS),1778,437,Total,Adjusted,798.0,,,18.9,c,798.0,39.0,c,"July,1995-September,1995",UNICEF,"Maldives multiple indicator survey report (MICS). United Nations Children's Fund. Malé, Maldives, June 1996",MICS,38.5525016784668,Age-Adjusted
MDV,MALDIVES,1997-1998,1997,Asia,Southern Asia,Central Asia and Southern Asia,SA,SA,SEARO,Upper Middle Income,South Asia,,,Small island developing States (SIDS),1999,438,Total,Reanalyzed,1337.0,10.2,b,22.1,b,1486.0,37.9,b,"August,1997-March,1998",Ministry of Planning and National Development and United Nations Development Programme.,"Vulnerability and poverty assessment 1998. Malé, Republic of Maldives, 1999",Other,36.26150131225586,Age-Adjusted
MDV,MALDIVES,2001,2001,Asia,Southern Asia,Central Asia and Southern Asia,SA,SA,SEARO,Upper Middle Income,South Asia,,,Small island developing States (SIDS),2548,439,Total,Reanalyzed,747.0,3.5,r,13.4,r,746.0,25.7,,"March,2001-March,2001","Ministry of Health (Maldives), Republic of Maldives, United Nations Children's Fund (UNICEF)","Multiple indicator cluster survey (MICS 2) Maldives. Ministry of Health. Male, Republic of Maldives, 2001",MICS,30.316999435424805,Age-Adjusted
MDV,MALDIVES,2009,2009,Asia,Southern Asia,Central Asia and Southern Asia,SA,SA,SEARO,Upper Middle Income,South Asia,,,Small island developing States (SIDS),3063,440,Total,Reanalyzed,2547.1,2.7,,10.6,,2839.6,17.7,,"January,2009-October,2009",Ministry of Health and Family (MOHF) [Maldives] and ICF Macro.,"Maldives demographic and health survey 2009. Demographic and Health Surveys. Calverton, Maryland: MOHF and ICF Macro, 2010",DHS,30.63050079345703,Age-Adjusted
MDV,MALDIVES,2016-2017,2017,Asia,Southern Asia,Central Asia and Southern Asia,SA,SA,SEARO,Upper Middle Income,South Asia,,,Small island developing States (SIDS),3480,2784,Total,Reanalyzed,2260.5,2.0,54,9.1,54,2326.9,14.8,54,"March,2016-November,2017",Ministry of Health (MOH) [Maldives] and ICF,"Maldives Demographic and Health Survey 2016-17. Malé, Maldives, and Rockville, Maryland, USA: MOH and ICF",DHS,36.19850158691406,Age-Adjusted
MLI,MALI,1987,1987,Africa,Western Africa,Sub-Saharan Africa,SSA,WCA,AFRO,Low Income,Sub-Saharan Africa,Least Developed Countries (LDCs),Low-Income Food-Deficit (LIFD),Landlocked developing countries (LLDCs),45,441,Total,Reanalyzed,1543.5,4.2,w 23,13.8,w 23,941.3,27.3,w 23,"March,1987-August,1987","Traoré B, Konatè M, Stanton C.","Enquête démographique et de santé au Mali, 1987. Demographic and Health Surveys. Bamako, Mali, 1989",DHS,1627.489013671875,Age-Adjusted
MLI,MALI,1995-1996,1996,Africa,Western Africa,Sub-Saharan Africa,SSA,WCA,AFRO,Low Income,Sub-Saharan Africa,Least Developed Countries (LDCs),Low-Income Food-Deficit (LIFD),Landlocked developing countries (LLDCs),1682,442,Total,Reanalyzed,4776.9,10.2,b,24.2,b,4956.8,39.7,b,"November,1995-May,1996","Coulibaly S, Dicko F, Traoré SM, Sidibé O, Seroussi M, Barrère B.","Enquête demographique et de santé Mali 1995-1996. Demographic and Health Surveys. Cellule de Planification et de Statistique. Bamako, Mali, 1996",DHS,1915.6390380859375,Age-Adjusted
MLI,MALI,2001,2001,Africa,Western Africa,Sub-Saharan Africa,SSA,WCA,AFRO,Low Income,Sub-Saharan Africa,Least Developed Countries (LDCs),Low-Income Food-Deficit (LIFD),Landlocked developing countries (LLDCs),2387,443,Total,Reanalyzed,10506.5,4.2,,12.6,,10568.0,30.0,,"January,2001-May,2001","Cellule de Planification et de Statistique du Ministère de la Santé (CPS/MS), Direction Nationale de la Statistique et de l'Informatique (DNSI), ORC.","Enquête démographique et de santé au Mali 2001. Demographic and Health Surveys. Calverton, Maryland, USA: CPS/MS, DNSI et ORC Macro, 2002",DHS,2217.16552734375,Age-Adjusted
MLI,MALI,2006,2006,Africa,Western Africa,Sub-Saharan Africa,SSA,WCA,AFRO,Low Income,Sub-Saharan Africa,Least Developed Countries (LDCs),Low-Income Food-Deficit (LIFD),Landlocked developing countries (LLDCs),2855,444,Total,Reanalyzed,12369.5,6.1,,15.4,,12601.5,27.9,,"May,2006-December,2006","Cellule de Planification et de Statistique du Ministère de la Santé (CPS/MS), Direction Nationale de la Statistique et de l'Informatique du Ministère; de l'Économie, de l'Industrie et du Commerce (DNSI/MEIC) et Macro International Inc.","Enquête démographique et de santé du Mali 2006. DHS. Calverton, Maryland, USA: CPS/DNSI et Macro International Inc., 2007",DHS,2693.37109375,Age-Adjusted
MLI,MALI,2009-2010,2010,Africa,Western Africa,Sub-Saharan Africa,SSA,WCA,AFRO,Low Income,Sub-Saharan Africa,Least Developed Countries (LDCs),Low-Income Food-Deficit (LIFD),Landlocked developing countries (LLDCs),3339,857,Total,Reanalyzed,22963.1,1.9,s,8.9,s,22931.3,18.9,s,"December,2009-August,2010","Cellule de Planification et de Statistique du secteur santé, développement social et la promotion de la famille (CPS/SSDSPF), Institut National de la Statistique (INSTAT)","Enquête par Grappes à Indicateurs Multiples 2009 - 2010, Rapport final, Bamako Mali, 2011",MICS,3095.964111328125,Age-Adjusted
MLI,MALI,2011,2011,Africa,Western Africa,Sub-Saharan Africa,SSA,WCA,AFRO,Low Income,Sub-Saharan Africa,Least Developed Countries (LDCs),Low-Income Food-Deficit (LIFD),Landlocked developing countries (LLDCs),3481,881,Total,Reanalyzed,928.9,2.1,rs,10.4,rs,931.1,20.0,s,"June,2011-July,2011","INSTAT, Ministere de la Sante","Enquête Nationale Nutritionnelle Anthropométrique et de Mortalité Rétrospective, Mali 2011",SMART,3194.80859375,Age-Adjusted
MLI,MALI,2014,2014,Africa,Western Africa,Sub-Saharan Africa,SSA,WCA,AFRO,Low Income,Sub-Saharan Africa,Least Developed Countries (LDCs),Low-Income Food-Deficit (LIFD),Landlocked developing countries (LLDCs),3482,1620,Total,Reanalyzed,17744.5,3.0,s 58,13.1,s 58,17849.0,24.1,s 58,"June,2014-July,2014",INSTAT Mali,"Enquête Nutritionnelle et de Mortalité, Rétrospective, Mali, 2014",SMART,3471.0810546875,Age-Adjusted
MLI,MALI,2015,2015,Africa,Western Africa,Sub-Saharan Africa,SSA,WCA,AFRO,Low Income,Sub-Saharan Africa,Least Developed Countries (LDCs),Low-Income Food-Deficit (LIFD),Landlocked developing countries (LLDCs),3483,1810,Total,Reanalyzed,7658.5,2.9,s,12.5,s,7761.3,24.1,s,"May,2015-June,2015",l’Institut National de la Statistique (INSTAT); Direction Nationale de la Santé à travers la Division de Nutrition (DNS/DN),"Enquête Nutritionnelle Anthropométrique et de Mortalité rétrospective, Mali 2015",SMART,3555.892578125,Age-Adjusted
MLI,MALI,2015,2015,Africa,Western Africa,Sub-Saharan Africa,SSA,WCA,AFRO,Low Income,Sub-Saharan Africa,Least Developed Countries (LDCs),Low-Income Food-Deficit (LIFD),Landlocked developing countries (LLDCs),3340,1178,Total,Reanalyzed,15723.1,3.4,,13.5,,14940.9,25.0,,"July,2015-October,2015",Institut National de la Statistique,"Enquête par Grappes à Indicateurs Multiples au Mali (MICS-Mali), 2015, Résultats clés. Bamako, Mali, INSTAT",MICS,3555.892578125,Age-Adjusted
MLI,MALI,2016,2016,Africa,Western Africa,Sub-Saharan Africa,SSA,WCA,AFRO,Low Income,Sub-Saharan Africa,Least Developed Countries (LDCs),Low-Income Food-Deficit (LIFD),Landlocked developing countries (LLDCs),3485,1615,Total,Reanalyzed,8000.4,2.2,s 59,10.6,s 59,8061.5,20.2,s 59,"July,2016-August,2016","INSTAT, Mali","Enquête Nutritionnelle et de Mortalité Rétrospective, Mali, 2016",SMART,3638.390380859375,Age-Adjusted
MLI,MALI,2017,2017,Africa,Western Africa,Sub-Saharan Africa,SSA,WCA,AFRO,Low Income,Sub-Saharan Africa,Least Developed Countries (LDCs),Low-Income Food-Deficit (LIFD),Landlocked developing countries (LLDCs),3486,1811,Total,Reanalyzed,13860.7,2.5,s,10.5,s,13955.8,17.1,s,"August,2017-September,2017",l’Institut National de la Statistique (INSTAT);  la Direction Nationale de la Santé à travers la Division de Nutrition (DNS/DN),"Enquête Nationale Nutritionnelle Anthropométrique et de Mortalité rétrospective suivant la méthodologie SMART, Mali 2017",SMART,3720.262451171875,Age-Adjusted
MLI,MALI,2018,2018,Africa,Western Africa,Sub-Saharan Africa,SSA,WCA,AFRO,Low Income,Sub-Saharan Africa,Least Developed Countries (LDCs),Low-Income Food-Deficit (LIFD),Landlocked developing countries (LLDCs),3487,2542,Total,Reanalyzed,8968.9,2.1,s,9.8,s,9004.2,18.8,s,"July,2018-August,2018",INSTAT; UNICEF; WFP; WHO; FAO,"Enquête Nationale Nutritionnelle Anthropométrique et de Mortalité rétrospective suivant la méthodologie SMART, Mali 2018",SMART,3800.6884765625,Age-Adjusted
MLI,MALI,2018,2018,Africa,Western Africa,Sub-Saharan Africa,SSA,WCA,AFRO,Low Income,Sub-Saharan Africa,Least Developed Countries (LDCs),Low-Income Food-Deficit (LIFD),Landlocked developing countries (LLDCs),3411,2828,Total,Reanalyzed,9881.3,2.6,,9.0,,9742.7,18.6,,"August,2018-November,2018","Institut National de la Statistique (INSTAT), Cellule de Planification et de Statistique Secteur Santé-Développement Social et Promotion de la Famille (CPS/SS-DS-PF) et ICF","Enquête Démographique et de Santé au Mali 2018. Bamako, Mali et Rockville, Maryland, USA : INSTAT, CPS/SS-DS-PF et ICF",DHS,3800.6884765625,Age-Adjusted
MLI,MALI,2019,2019,Africa,Western Africa,Sub-Saharan Africa,SSA,WCA,AFRO,Low Income,Sub-Saharan Africa,Least Developed Countries (LDCs),Low-Income Food-Deficit (LIFD),Landlocked developing countries (LLDCs),3488,3622,Total,Reanalyzed,12951.8,4.5,b,13.0,b,12980.4,18.5,b,"September,2019-October,2019",INSTAT; UNICEF; WFP; WHO; FAO,"Enquête Nationale Nutritionnelle Anthropométrique et de Mortalité rétrospective suivant la méthodologie SMART, Mali 2019",SMART,3870.4375,Age-Adjusted
MLI,MALI,2020,2020,Africa,Western Africa,Sub-Saharan Africa,SSA,WCA,AFRO,Low Income,Sub-Saharan Africa,Least Developed Countries (LDCs),Low-Income Food-Deficit (LIFD),Landlocked developing countries (LLDCs),5666,4501,Total,Reanalyzed,8836.7,1.4,s,7.2,s,8857.9,14.9,s,"November,2020-December,2020",INSTAT-Mali,10ème Enquête Nutritionnelle Anthropométrique et de Mortalité Rétrospective basée sur la méthodologie SMART au Mali (SMART-2020 Mali),SMART,3934.53662109375,Age-Adjusted
MLI,MALI,2021,2021,Africa,Western Africa,Sub-Saharan Africa,SSA,WCA,AFRO,Low Income,Sub-Saharan Africa,Least Developed Countries (LDCs),Low-Income Food-Deficit (LIFD),Landlocked developing countries (LLDCs),7304,5032,Total,Reanalyzed,8005.3,1.8,s,9.3,s,8040.9,17.5,s,"September,2021-October,2021",Institut National de la Statistitique,Rapport Finale de l'Enquete Nutritionnelle Anthropometrique et de Mortality Retrospective 11e Edition au Mali,SMART,4005.5400390625,Age-Adjusted
MLI,MALI,2022,2022,Africa,Western Africa,Sub-Saharan Africa,SSA,WCA,AFRO,Low Income,Sub-Saharan Africa,Least Developed Countries (LDCs),Low-Income Food-Deficit (LIFD),Landlocked developing countries (LLDCs),9783,8938,Total,Reanalyzed,11174.4,2.2,s,10.6,s,11207.8,18.5,s,"June,2022-July,2022",Institut National de la Statistique,Enquête Nutritionnelle Anthropometrique et de Mortalite Retrospective en Septembre 2022 - 12e Edition Au Mali,SMART,4079.299072265625,Age-Adjusted
MLI,MALI,2023-2024,2024,Africa,Western Africa,Sub-Saharan Africa,SSA,WCA,AFRO,Low Income,Sub-Saharan Africa,Least Developed Countries (LDCs),Low-Income Food-Deficit (LIFD),Landlocked developing countries (LLDCs),11738,9230,Total,Reported,15922.0,0.7,,5.4,,15845.0,15.0,,"December,2023-March,2024","Institut National de la Statistique (INSTAT), Cellule de Planification et de Statistique du Secteur Santé, Développement Social et Promotion de la Famille (CPS/SS-DS-PF), et ICF","Septième Enquête  Démographique et de Santé au Mali 2023–2024. Indicateurs Clés. Bamako, Mali, et Rockville, Maryland, USA : INSTAT, CPS/SS-DS-PF, et ICF",DHS,4248.41796875,Age-Adjusted
MLT,MALTA,2022,2022,Europe,Southern Europe,Northern America and Europe,ECA,WE,EURO,High Income,Middle East & North Africa,,,,11479,9231,Total,Reanalyzed,1225.5,0.1,b,0.4,b,1242.0,0.7,b,"March,2022-June,2022",Malta Ministry for Health and Active Ageing,"A Study on Childhood Obesity in Malta, with a special focus on 4-5 year old children. Data was collected as part of the reform funded under Component 4 of the Recovery and Resilience Plan for Malta",NNS,22.657499313354492,Age-Adjusted
MHL,MARSHALL ISLANDS,2017,2017,Oceania,Micronesia,Oceania excluding Australia and New Zealand,EAP,EAP,WPRO,Upper Middle Income,East Asia & Pacific,,,Small island developing States (SIDS),3365,2279,Total,Reanalyzed,873.4,1.1,rs,3.5,rs,875.9,11.9,s,"April,2017-June,2017","Republic of the Marshall Islands Ministry of Health and Human Services, RMI Economic, Policy Planning and Statistics Office and UNICEF","Republic of the Marshall Islands Integrated Child Health and Nutrition Survey 2017, Final Report. Majuro, Republic of the Marshall Islands: RMI Ministry of Health and Human Services, RMI Economic, Policy Planning and Statistic Office, 2017",MICS-Style,5.15500020980835,Age-Adjusted
MRT,MAURITANIA,1988,1988,Africa,Western Africa,Sub-Saharan Africa,SSA,WCA,AFRO,Lower Middle Income,Sub-Saharan Africa,Least Developed Countries (LDCs),Low-Income Food-Deficit (LIFD),,443,445,Total,Adjusted,931.0,,,19.1,c,,,,,Elder JA.,"The socio-economic determinants of nutritional status among children under five in Mauritania. Social Dimensions of Adjustment Surveys. Washington D.C.: The World Bank, 1990",Other,327.2669982910156,Age-Adjusted
MRT,MAURITANIA,1995-1996,1996,Africa,Western Africa,Sub-Saharan Africa,SSA,WCA,AFRO,Lower Middle Income,Sub-Saharan Africa,Least Developed Countries (LDCs),Low-Income Food-Deficit (LIFD),,1662,447,Total,Adjusted,3733.0,,,8.7,c,3733.0,20.3,c,"December,1995-February,1996","Ministère du Plan, Direction des Ressources Humaines.","Enquête nationale sur les indicateurs des objectifs à mi-terme en Mauritanie (MICS). Nouakchott, République Islamique de Mauritanie, 1996",MICS,412.79449462890625,Age-Adjusted
MRT,MAURITANIA,2000-2001,2000,Africa,Western Africa,Sub-Saharan Africa,SSA,WCA,AFRO,Lower Middle Income,Sub-Saharan Africa,Least Developed Countries (LDCs),Low-Income Food-Deficit (LIFD),,2319,448,Total,Reanalyzed,4121.4,7.2,,15.3,,3823.7,29.7,,"July,2000-April,2001",Office National de la Statistique (ONS) [Mauritania] et ORC Macro.,"Enquête démographique et de santé Mauritanie 2000-2001. Demographic and Health Surveys. Calverton, Maryland, USA: ONS et ORC Macro, 2001",DHS,438.48150634765625,Age-Adjusted
MRT,MAURITANIA,2007,2007,Africa,Western Africa,Sub-Saharan Africa,SSA,WCA,AFRO,Lower Middle Income,Sub-Saharan Africa,Least Developed Countries (LDCs),Low-Income Food-Deficit (LIFD),,2895,449,Total,Reanalyzed,7949.8,3.8,,13.6,,8106.6,25.5,,"May,2007-September,2007",Office National de la Statistique (ONS) and UNICEF.,"Enquête par grappes à indicateurs multiples, Mauritanie 2007. Nouakchott, Mauritania: ONS and UNICEF, 2008",MICS,521.3679809570312,Age-Adjusted
MRT,MAURITANIA,2008,2008,Africa,Western Africa,Sub-Saharan Africa,SSA,WCA,AFRO,Lower Middle Income,Sub-Saharan Africa,Least Developed Countries (LDCs),Low-Income Food-Deficit (LIFD),,2952,450,Total,Reanalyzed,558205.0,1.1,rs,8.1,rs,558948.9,16.5,s,"November,2008-December,2008","ANED, Office National de la Statistique (ONS) et UNICEF.","Enquête rapide nationale sur la nutrition et survie de l'enfant en Mauritanie: Rapport final. Nouakchott, Mauritanie: ANED, ONS et UNICEF, Octobre-Novembre 2008",SMART,540.9984741210938,Age-Adjusted
MRT,MAURITANIA,2011,2011,Africa,Western Africa,Sub-Saharan Africa,SSA,WCA,AFRO,Lower Middle Income,Sub-Saharan Africa,Least Developed Countries (LDCs),Low-Income Food-Deficit (LIFD),,3218,451,Total,Reanalyzed,8664.5,4.0,s,13.9,s,8520.0,24.4,s,"June,2011-November,2011",Office National de la Statistique (ONS).,"Suivi de la situation des femmes et des enfants. Enquête par grappes à indicateurs multiples (MICS) 2011: Rapport final. Nouakchott, Mauritanie: ONS, 2012.",MICS,608.9315185546875,Age-Adjusted
MRT,MAURITANIA,2012,2012,Africa,Western Africa,Sub-Saharan Africa,SSA,WCA,AFRO,Lower Middle Income,Sub-Saharan Africa,Least Developed Countries (LDCs),Low-Income Food-Deficit (LIFD),,3147,452,Total,Reanalyzed,6569.6,1.9,rs,11.7,rs,6568.2,20.4,s,"May,2012-July,2012","Ministère de la Santé, Office Nationale de la Statistique et UNICEF.","Enquête nutritionnelle nationale utilisant la méthodologie SMART: Rapport Final. Nouakchott, Mauritanie, Juillet 2012",SMART,632.1599731445312,Age-Adjusted
MRT,MAURITANIA,2015,2015,Africa,Western Africa,Sub-Saharan Africa,SSA,WCA,AFRO,Lower Middle Income,Sub-Saharan Africa,Least Developed Countries (LDCs),Low-Income Food-Deficit (LIFD),,3309,806,Total,Reanalyzed,10107.8,3.5,,14.8,,9926.0,24.9,,"July,2015-November,2015","L’Office National de la Statistique, Nouakchott, Mauritanie","Mauritanie Enquête par Grappes à Indicateurs Multiples (MICS) 2015 - Rapport Final, Mars 2017",MICS,683.3179931640625,Age-Adjusted
MRT,MAURITANIA,2018,2018,Africa,Western Africa,Sub-Saharan Africa,SSA,WCA,AFRO,Lower Middle Income,Sub-Saharan Africa,Least Developed Countries (LDCs),Low-Income Food-Deficit (LIFD),,3412,3115,Total,Reanalyzed,13606.2,2.3,rs,11.5,rs,13619.7,19.2,s,"June,2018-July,2018",Le Ministère de la Santé; l’UNICEF,Rapport de l’enquête nutritionnelle nationale SMART Aout 2018,SMART,725.1044921875,Age-Adjusted
MRT,MAURITANIA,2019,2019,Africa,Western Africa,Sub-Saharan Africa,SSA,WCA,AFRO,Lower Middle Income,Sub-Saharan Africa,Least Developed Countries (LDCs),Low-Income Food-Deficit (LIFD),,5738,4164,Total,Reanalyzed,16167.7,1.8,rs,11.1,rs,16175.3,17.3,s,"July,2019-July,2019",Le Ministère de la Santé et l’UNICEF,"Rapport de l’enquête nutritionnelle nationale SMART, Mauritanie Juillet 2019",SMART,740.427001953125,Age-Adjusted
MRT,MAURITANIA,2019-2021,2020,Africa,Western Africa,Sub-Saharan Africa,SSA,WCA,AFRO,Lower Middle Income,Sub-Saharan Africa,Least Developed Countries (LDCs),Low-Income Food-Deficit (LIFD),,5739,4572,Total,Reanalyzed,11308.8,1.0,,6.4,,11241.1,16.8,,"November,2019-March,2021","Office National de la Statistique (ONS), Ministère de la Santé (MS), et ICF","Enquête Démographique et  de Santé en Mauritanie 2019-2021. Nouakchott, Mauritanie et Rockville, Maryland, USA : ONS, MS, et ICF.",DHS,755.5750122070312,Age-Adjusted
MRT,MAURITANIA,2021,2021,Africa,Western Africa,Sub-Saharan Africa,SSA,WCA,AFRO,Lower Middle Income,Sub-Saharan Africa,Least Developed Countries (LDCs),Low-Income Food-Deficit (LIFD),,7305,5022,Total,Reanalyzed,15095.0,1.7,rs,10.1,rs,15135.8,14.8,s,"July,2021-August,2021",Le Ministère de la Santé et l’UNICEF,"Enquête nutritionnelle nationale SMART, Mauritanie 2021",SMART,770.5134887695312,Age-Adjusted
MRT,MAURITANIA,2022,2022,Africa,Western Africa,Sub-Saharan Africa,SSA,WCA,AFRO,Lower Middle Income,Sub-Saharan Africa,Least Developed Countries (LDCs),Low-Income Food-Deficit (LIFD),,9844,8953,Total,Reported,,2.6,b,13.6,b,,22.4,,"October,2022-October,2022",Agence Nationale de la Statistique et de l’Analyse Démographique et Economique; Ministère de la Santé,"Rapport de l’enquête nutritionnelle SMART, Republique Islamique de Mauritania, Octobre 2022",SMART,785.2705078125,Age-Adjusted
MUS,MAURITIUS,1985,1985,Africa,Eastern Africa,Sub-Saharan Africa,SSA,ESA,AFRO,Upper Middle Income,Sub-Saharan Africa,,,Small island developing States (SIDS),129,453,Total,Adjusted,2430.0,,,18.3,c,2430.0,21.1,c,"February,1985-March,1985",Ministry of Health and Quality of Life (Mauritius),"Mauritius national nutrition survey 1985: summary report. Evaluation and Nutrition Unit. Port Louis, Mauritius, 1988",NNS,108.34549713134766,Age-Adjusted
MUS,MAURITIUS,1995,1995,Africa,Eastern Africa,Sub-Saharan Africa,SSA,ESA,AFRO,Upper Middle Income,Sub-Saharan Africa,,,Small island developing States (SIDS),1624,454,Total,Adjusted,1537.0,,,15.7,c,1537.0,13.0,c,,Ministry of Health.,"A survey on nutrition in Mauritius and Rodrigues, 1995. Port Louis, Mauritius, 1996",NNS,110.51100158691406,Age-Adjusted
MEX,MEXICO,1988,1988,Latin America and the Caribbean,Central America,Latin America and the Caribbean,LAC,LAC,AMRO,Upper Middle Income,Latin America & Caribbean,,,,431,455,Total,Reanalyzed,8268127.0,2.1,r,6.1,r,8268127.0,10.9,,,National Institute of Public Health (Mexico),"Encuesta nacional de nutricion 1988. Instituto Nacional de Salud Publica. Cuernavaca, Mexico, 1990",NNS,11108.13671875,Age-Adjusted
MEX,MEXICO,1989,1989,Latin America and the Caribbean,Central America,Latin America and the Caribbean,LAC,LAC,AMRO,Upper Middle Income,Latin America & Caribbean,,,,430,456,Total,Adjusted,14932.0,1.7,d,6.1,d,14932.0,9.6,d,,National Institute of Nutrition Salvador Zubirán (Mexico),"Encuesta nacional de alimentacion en el medio rural, 1989 (ENAL). Instituto de la Nutricion 'Salvador Zubiran'. Comision Nacional de Alimentacion. Division de Nutricion, INNSZ. Tlalpan, Mexico, D.F, 1990",Other,11172.3828125,Age-Adjusted
MEX,MEXICO,1996,1996,Latin America and the Caribbean,Central America,Latin America and the Caribbean,LAC,LAC,AMRO,Upper Middle Income,Latin America & Caribbean,,,,1876,457,Total,Adjusted,31601.0,,,8.5,cd,31601.0,10.3,cd,"August,1996-December,1996",National Institute of Nutrition Salvador Zubirán (Mexico),"Encuesta nacional de alimentacion en el medio rural, 1996 (ENAL). Instituto de la Nutricion 'Salvador Zubiran'. Comision Nacional de Alimentacion. Division de Nutricion, INNSZ. Tlalpan, Mexico, D.F, 1998",Other,11564.9013671875,Age-Adjusted
MEX,MEXICO,1998-1999,1998,Latin America and the Caribbean,Central America,Latin America and the Caribbean,LAC,LAC,AMRO,Upper Middle Income,Latin America & Caribbean,,,,2108,458,Total,Reanalyzed,10125945.0,0.7,r,2.0,r,10125945.0,5.6,,"October,1998-March,1999",National Institute of Nutrition Salvador Zubirán (Mexico),"Encuesta nacional de nutricion 1999. Instituto Nacional de Salud Publica. Cuernavaca, Mexico, 2000",NNS,11487.5439453125,Age-Adjusted
MEX,MEXICO,2002,2002,Latin America and the Caribbean,Central America,Latin America and the Caribbean,LAC,LAC,AMRO,Upper Middle Income,Latin America & Caribbean,,,,5819,2154,Total,Reanalyzed,35080848.0,0.7,,2.5,,40697024.0,4.2,,"March,2002-July,2002","Center for Research and Teaching in Economics (CIDE) (Mexico), National Institute of Perinatology (Mexico), National Institute of Statistics and Geography (INEGI) (Mexico), Universidad Iberoamericana",Mexico Family Life Survey (MFLS) 2002,Other,11448.265625,Age-Adjusted
MEX,MEXICO,2005-2006,2005,Latin America and the Caribbean,Central America,Latin America and the Caribbean,LAC,LAC,AMRO,Upper Middle Income,Latin America & Caribbean,,,,5822,4304,Total,Reanalyzed,23488064.0,1.5,,4.9,,25658094.0,6.0,,"February,2005-October,2006","California Center for Population Research (CCPR), University of California Los Angeles (UCLA), Center for Research and Teaching in Economics (CIDE) (Mexico), Ibero-American University, National Institute of Public Health (Mexico)","Encuesta Nacional sobre Niveles de Vida de los Hogares (ENNViH), MxFLS-2, 2005-2006",Other,11460.06640625,Age-Adjusted
MEX,MEXICO,2005-2006,2006,Latin America and the Caribbean,Central America,Latin America and the Caribbean,LAC,LAC,AMRO,Upper Middle Income,Latin America & Caribbean,,,,2786,459,Total,Reanalyzed,9400075.0,0.4,r,2.0,r,9400075.0,3.4,,"October,2005-May,2006","Olaiz-Fernández G, Rivera-Dommarco J, Shamah-Levy T, Rojas R, Villalpando-Hernández S, Hernández-Avila M, et al.","Encuesta nacional de salud y nutrición 2006. Cuernavaca, México: Instituto Nacional de Salud Pública, 2006",Other,11405.892578125,Age-Adjusted
MEX,MEXICO,2011-2012,2012,Latin America and the Caribbean,Central America,Latin America and the Caribbean,LAC,LAC,AMRO,Upper Middle Income,Latin America & Caribbean,,,,3139,460,Total,Reanalyzed,10785103.0,0.4,r,1.6,r,10747724.0,2.8,,"October,2011-May,2012",National Institute of Public Health,"Encuesta nacional de salud y nutrición 2012. Resultados nacionales. Cuernavaca, México: Instituto Nacional de Salud Pública, 2012",Other,11327.5986328125,Age-Adjusted
MEX,MEXICO,2015,2015,Latin America and the Caribbean,Central America,Latin America and the Caribbean,LAC,LAC,AMRO,Upper Middle Income,Latin America & Caribbean,,,,3307,809,Total,Reanalyzed,7779.0,0.4,,1.0,,7806.3,3.9,,"September,2015-December,2015",Instituto Nacional de Salud Pública; UNICEF México,"Encuesta Nacional de Niños, Niñas y Mujeres en México 2015 - Encuesta de Indicadores Múltiples por Conglomerados 2015, Resultados Principales, 2016",MICS,11276.68359375,Age-Adjusted
MEX,MEXICO,2016,2016,Latin America and the Caribbean,Central America,Latin America and the Caribbean,LAC,LAC,AMRO,Upper Middle Income,Latin America & Caribbean,,,,3366,1170,Total,Reanalyzed,10892308.0,0.3,r,2.0,r,11093877.0,4.2,,"May,2016-October,2016",Instituto Nacional de Salud Pública,"Encuesta Nacional de Salud y Nutrición de Medio Camino ENSANUT MC 2016. Cuernavaca, México: Instituto Nacional de Salud Pública, 2016",Other,11148.8037109375,Age-Adjusted
MEX,MEXICO,2018-2019,2019,Latin America and the Caribbean,Central America,Latin America and the Caribbean,LAC,LAC,AMRO,Upper Middle Income,Latin America & Caribbean,,,,3489,3762,Total,Reanalyzed,9483218.0,0.4,r,1.4,r,9483218.0,4.7,,"July,2018-June,2019",Instituto Nacional de Salud Pública,"Encuesta nacional de salud y nutrición 2018. Cuernavaca, México: Instituto Nacional de Salud Pública, 2019",Other,10633.857421875,Age-Adjusted
MEX,MEXICO,2020,2020,Latin America and the Caribbean,Central America,Latin America and the Caribbean,LAC,LAC,AMRO,Upper Middle Income,Latin America & Caribbean,,,,5842,4469,Total,Reanalyzed,9891242.0,0.4,r,1.6,r,9940223.0,4.6,,"August,2020-November,2020",Instituto Nacional de Salud Pública,"Encuesta Nacional de Salud y Nutrición Continua COVID-19, Mexico 2020",Other,10516.853515625,Age-Adjusted
MEX,MEXICO,2021,2021,Latin America and the Caribbean,Central America,Latin America and the Caribbean,LAC,LAC,AMRO,Upper Middle Income,Latin America & Caribbean,,,,9424,6883,Total,Reanalyzed,9771967.0,0.5,r,1.7,r,9797596.0,4.2,,"August,2021-November,2021",Instituto Nacional de Salud Pública,"Encuesta Nacional de Salud y Nutrición Continua, Mexico 2021",Other,10435.8466796875,Age-Adjusted
MEX,MEXICO,2022,2022,Latin America and the Caribbean,Central America,Latin America and the Caribbean,LAC,LAC,AMRO,Upper Middle Income,Latin America & Caribbean,,,,9425,6884,Total,Reanalyzed,10122251.0,0.1,r,1.0,r,10190917.0,4.2,,"August,2022-December,2022",Instituto Nacional de Salud Pública,"Encuesta Nacional de Salud y Nutrición Continua, Mexico 2022",Other,10375.4794921875,Age-Adjusted
MNG,MONGOLIA,1992,1992,Asia,Eastern Asia,Eastern Asia and South-eastern Asia,EAP,EAP,WPRO,Upper Middle Income,East Asia & Pacific,,,Landlocked developing countries (LLDCs),500,461,Total,Adjusted,1679.0,,,2.4,bc,1679.0,11.8,bc,,Kachondham Y.,"Report on the Mongolian Child Nutrition Survey. Institute of Nutrition. Nakornpathom, Thailand, 1992",NNS,330.489013671875,Age-Adjusted
MNG,MONGOLIA,1999,1999,Asia,Eastern Asia,Eastern Asia and South-eastern Asia,EAP,EAP,WPRO,Upper Middle Income,East Asia & Pacific,,,Landlocked developing countries (LLDCs),2017,462,Total,Reanalyzed,4088.0,1.8,r,4.3,r,4131.0,10.8,,"August,1999-September,1999",Kachondham Y.,"Report on the 2nd national child and nutrition survey, Mongolia 1999. Institute of Nutrition and Faculty of Medicine, Ramathibodi Hospital, Mahidol University, Thailand, 2000",NNS,260.81201171875,Age-Adjusted
MNG,MONGOLIA,2000,2000,Asia,Eastern Asia,Eastern Asia and South-eastern Asia,EAP,EAP,WPRO,Upper Middle Income,East Asia & Pacific,,,Landlocked developing countries (LLDCs),2436,463,Total,Reanalyzed,5827.0,3.0,,7.1,,5918.0,11.6,,"May,2000-August,2000",National Statistics Office,"Mongolia child and development survey - 2000 (MICS-2): National report 2001. Ulaanbaatar, Mongolia: National Statistics Office, 2001",MICS,252.406494140625,Age-Adjusted
MNG,MONGOLIA,2004,2004,Asia,Eastern Asia,Eastern Asia and South-eastern Asia,EAP,EAP,WPRO,Upper Middle Income,East Asia & Pacific,,,Landlocked developing countries (LLDCs),2755,464,Total,Reanalyzed,1246.0,0.1,b,0.8,b,1247.0,5.1,b,"May,2004-June,2004","Nutrition Research Center, Ministry of Health (Mongolia) and Unicef -Mongolia.","Nutritional status of Mongolian children and women: 3rd National nutrition survey report. Ulaanbaatar, Mongolia, 2006.",NNS,240.03550720214844,Age-Adjusted
MNG,MONGOLIA,2005,2005,Asia,Eastern Asia,Eastern Asia and South-eastern Asia,EAP,EAP,WPRO,Upper Middle Income,East Asia & Pacific,,,Landlocked developing countries (LLDCs),2872,465,Total,Reanalyzed,3277.9,1.1,,2.7,,3357.2,5.3,,"November,2005-December,2005",National Statistical Office and UNICEF.,"Mongolia Child and Development 2005 survey (MICS-3), final report. Ulaanbaatar, Mongolia, 2007",MICS,240.58700561523438,Age-Adjusted
MNG,MONGOLIA,2010,2010,Asia,Eastern Asia,Eastern Asia and South-eastern Asia,EAP,EAP,WPRO,Upper Middle Income,East Asia & Pacific,,,Landlocked developing countries (LLDCs),3195,466,Total,Reanalyzed,21160256.0,0.5,rs,1.8,rs,21390978.0,4.7,s,"July,2010-September,2010","Public Health Institute, Nutrition Research Centre (NRC).","Population nutrition status. Fourth national survey report. Ulaanbaatar, Mongolia: NTC, 2013",NNS,289.0715026855469,Age-Adjusted
MNG,MONGOLIA,2010,2010,Asia,Eastern Asia,Eastern Asia and South-eastern Asia,EAP,EAP,WPRO,Upper Middle Income,East Asia & Pacific,,,Landlocked developing countries (LLDCs),3490,966,Total,Reanalyzed,3672.4,0.7,,1.6,,3708.4,3.3,,"August,2010-December,2010","National Statistics Officer of Mongolia, UNICEF",2010 Child Development Survey MICS-4 Final Report,MICS,289.0715026855469,Age-Adjusted
MNG,MONGOLIA,2013,2013,Asia,Eastern Asia,Eastern Asia and South-eastern Asia,EAP,EAP,WPRO,Upper Middle Income,East Asia & Pacific,,,Landlocked developing countries (LLDCs),3231,467,Total,Reanalyzed,5715.3,0.4,,1.0,,5743.6,1.6,,"September,2013-December,2013",National Statistical Office.,"Social indicator sample survey 2013 (MICS). Final Report.Ulaanbaatar, Mongolia: National Statistical Office, 2014.",MICS,338.4804992675781,Age-Adjusted
MNG,MONGOLIA,2016,2016,Asia,Eastern Asia,Eastern Asia and South-eastern Asia,EAP,EAP,WPRO,Upper Middle Income,East Asia & Pacific,,,Landlocked developing countries (LLDCs),3367,2230,Total,Reanalyzed,2226.8,0.4,rs,1.2,rs,2243.2,0.8,s,"September,2016-December,2016","MInistry of Health, Mongolia; National Center for Public Health; UNICEF Mongolia",Nutrition Status of the Population of Mongolia: Fifth National Nutrition Survey Report,NNS,379.3949890136719,Age-Adjusted
MNG,MONGOLIA,2018,2018,Asia,Eastern Asia,Eastern Asia and South-eastern Asia,EAP,EAP,WPRO,Upper Middle Income,East Asia & Pacific,,,Landlocked developing countries (LLDCs),3413,3262,Total,Reanalyzed,5882.3,0.3,,0.9,,5957.4,1.8,,"September,2018-December,2018",National Statistics Office (NSO) [Mongolia],"Social Indicator Sample Survey-2018, Survey Findings Report. Ulaanbaatar, Mongolia: National Statistical Office of Mongolia",MICS,393.53948974609375,Age-Adjusted
MNG,MONGOLIA,2023,2023,Asia,Eastern Asia,Eastern Asia and South-eastern Asia,EAP,EAP,WPRO,Upper Middle Income,East Asia & Pacific,,,Landlocked developing countries (LLDCs),10504,9147,Total,Reported,,0.9,,2.7,,,1.9,,"October,2023-December,2023",National Statistics Office,Mongolia 2023 Multiple Indicator Cluster Survey,MICS,352.99249267578125,Age-Adjusted
MNE,MONTENEGRO,2005-2006,2005,Europe,Southern Europe,Northern America and Europe,ECA,EECA,EURO,Upper Middle Income,Europe & Central Asia,,,,2853,468,Total,Reanalyzed,836.6,2.2,,4.2,,891.3,2.2,,"October,2005-January,2006",Statistical Office of Montenegro (MONSTAT) and Strategic Marketing Research Agency (SMMRI).,"Montenegro multiple indicator cluster survey 2005, Final report. Podgorica, Montenegro: MONSTAT, SMMRI and UNICEF, 2006",MICS,41.595001220703125,Age-Adjusted
MNE,MONTENEGRO,2013,2013,Europe,Southern Europe,Northern America and Europe,ECA,EECA,EURO,Upper Middle Income,Europe & Central Asia,,,,3219,469,Total,Reanalyzed,1299.6,1.2,,2.8,,1392.0,1.0,,"March,2013-May,2013",Statistical Office of Montenegro (MONSTAT) and UNICEF.,"2013 Montenegro multiple indicator cluster survey: Final report. Podgorica, Montenegro: MONSTAT and UNICEF, 2014.",MICS,39.660499572753906,Age-Adjusted
MNE,MONTENEGRO,2018-2019,2018,Europe,Southern Europe,Northern America and Europe,ECA,EECA,EURO,Upper Middle Income,Europe & Central Asia,,,,3491,3302,Total,Reanalyzed,780.1,0.5,,2.2,,832.3,3.7,,"October,2018-January,2019",Statistical Office of Montenegro (MONSTAT) and UNICEF.,"2018 Montenegro multiple indicator cluster survey (MICS): Final report. Podgorica, Montenegro: MONSTAT and UNICEF, 2019",MICS,37.45199966430664,Age-Adjusted
MAR,MOROCCO,1987,1987,Africa,Northern Africa,Western Asia and Northern Africa,MENA,MENA,EMRO,Lower Middle Income,Middle East & North Africa,,,,441,470,Total,Reanalyzed,5384.0,1.5,r,3.9,r,4404.0,10.4,p,"May,1987-July,1987","Azelmat M, Ayad M, Belhachmi H.","Enquête national sur la planification familiale, la fécondité et la santé de la population au Maroc (ENPS) 1987. Demographic and Health Surveys. Ministère de la Santé Publique. Rabat, Maroc, 1989",DHS,3484.31005859375,Age-Adjusted
MAR,MOROCCO,1992,1992,Africa,Northern Africa,Western Asia and Northern Africa,MENA,MENA,EMRO,Lower Middle Income,Middle East & North Africa,,,,561,471,Total,Reanalyzed,4575.0,1.1,,2.6,,4649.0,8.1,,"January,1992-April,1992","Azelmat M, Ayad M, Housni El A.","Enquête nationale sur la population et la santé (ENPS-II) 1992. Demographic and Health Surveys. Rabat, Royaume du Maroc, 1993",DHS,3327.318603515625,Age-Adjusted
MAR,MOROCCO,1996-1997,1997,Africa,Northern Africa,Western Asia and Northern Africa,MENA,MENA,EMRO,Lower Middle Income,Middle East & North Africa,,,,2523,472,Total,Reanalyzed,3603.0,2.0,r,4.7,r,3653.0,7.7,p,"November,1996-September,1997",Ministère de la Santé (Maroc) and Ligue of Arab States.,"Enquête de santé materno-infantil sur la population Marocaine 1996-97. Pan Arab project for child development (PAPCHILD). Rabat, Maroc, 2000",PAPFAM,3206.5810546875,Age-Adjusted
MAR,MOROCCO,2003-2004,2003,Africa,Northern Africa,Western Asia and Northern Africa,MENA,MENA,EMRO,Lower Middle Income,Middle East & North Africa,,,,2690,473,Total,Reanalyzed,5445.7,5.0,,10.8,,5601.9,9.8,,"October,2003-February,2004","Ministère de la Santé [Maroc], ORC Macro, et Ligue des Etats Arabes.","Enquête dur la population et la santé familiale (EPSF) 2003-2004. Demographic and Health Surveys. Calverton, Maryland, USA: Ministère de la Santé et ORC Macro, 2005",DHS,3110.48095703125,Age-Adjusted
MAR,MOROCCO,2010-2011,2011,Africa,Northern Africa,Western Asia and Northern Africa,MENA,MENA,EMRO,Lower Middle Income,Middle East & North Africa,,,,3115,474,Total,Reanalyzed,6772.7,1.0,,2.3,,6872.6,2.9,,"November,2010-March,2011","Ministry of Health (Morocco), Pan Arab Project for Family Health (PAPFAM), United Nations Children's Fund (UNICEF), United Nations Population Fund (UNFPA), World Health Organization (WHO)","Enquête nationale sur la population et la santé familiale (ENPSF) 2010-2011. Rabat, Royaume de Maroc: Ministère de la Santé, 2012",PAPFAM,3359.280029296875,Age-Adjusted
MAR,MOROCCO,2017-2018,2017,Africa,Northern Africa,Western Asia and Northern Africa,MENA,MENA,EMRO,Lower Middle Income,Middle East & North Africa,,,,3414,2228,Total,Reanalyzed,5935.7,1.1,,2.6,,6076.2,2.6,,"October,2017-January,2018","Direction de la Planification et des Ressources Financieres, Division de la Planification et des Etudes",Enquête Nationale sur la Population et la Santé Familiale (ENPSF) -2017-2018,PAPFAM,3311.48193359375,Age-Adjusted
MAR,MOROCCO,2019,2019,Africa,Northern Africa,Western Asia and Northern Africa,MENA,MENA,EMRO,Lower Middle Income,Middle East & North Africa,,,,9809,8918,Total,Reported,,0.5,b,2.4,b,,3.0,b,"March,2019-June,2019",Programme National de Nutrition (PNN),"Enquête Nationale sur la Nutrition, Diversité alimentaire, Carence  en Fer, Carence en Vitamine A, Carence en Iode, 2019.",NNS,3273.4189453125,Age-Adjusted
MOZ,MOZAMBIQUE,1995,1995,Africa,Eastern Africa,Sub-Saharan Africa,SSA,ESA,AFRO,Low Income,Sub-Saharan Africa,Least Developed Countries (LDCs),Low-Income Food-Deficit (LIFD),,1696,475,Total,Adjusted,4586.0,,,9.6,c,4586.0,23.9,c,"July,1995-August,1995",Government of Mozambique and United Nations Children's Fund.,"Multiple indicator cluster survey Mozambique - 1995. MICS Surveys. Ministry of Planning and Finance. Maputo, Mozambique, 1996",MICS,2819.35546875,Age-Adjusted
MOZ,MOZAMBIQUE,1997,1997,Africa,Eastern Africa,Sub-Saharan Africa,SSA,ESA,AFRO,Low Income,Sub-Saharan Africa,Least Developed Countries (LDCs),Low-Income Food-Deficit (LIFD),,1853,476,Total,Reanalyzed,3480.8,3.4,b,9.5,b,3025.2,24.7,b,"March,1997-July,1997","Gaspar, Manuel da Costa, Humberto A. Cossa, Clara Ribeiro dos Santos, Rosa Marlene Manjate and Juan Schoemaker","Moçambique inquérito demográfico e de saude 1997. Demographic and Health Surveys. Instituto Nacional de Estatistica. Maputo, Moçambique, 1998",DHS,2974.887451171875,Age-Adjusted
MOZ,MOZAMBIQUE,2000-2001,2001,Africa,Eastern Africa,Sub-Saharan Africa,SSA,ESA,AFRO,Low Income,Sub-Saharan Africa,Least Developed Countries (LDCs),Low-Income Food-Deficit (LIFD),,3089,477,Total,Reanalyzed,1889833.0,3.6,r,8.1,r,1868603.5,24.5,,"October,2000-May,2001","Ministerio da Saude, Instituto Nacional de Estatistica [Moçambique].","Questionario de indicadores basicos de bem-estar (QUIBB): Relatorio final. Maputo, Moçambique: Instituto Nacional de Estadisticas, 2001",CWIQ,3285.3095703125,Age-Adjusted
MOZ,MOZAMBIQUE,2003-2004,2003,Africa,Eastern Africa,Sub-Saharan Africa,SSA,ESA,AFRO,Low Income,Sub-Saharan Africa,Least Developed Countries (LDCs),Low-Income Food-Deficit (LIFD),,2691,478,Total,Reanalyzed,8937.8,2.1,,5.4,,9052.2,21.2,,"August,2003-January,2004","Instituto Nacional de Estatística, Ministério da Saúde [Moçambique], and Measure DHS/ORC Macro.","Moçambique inquérito demográfico e de saúde 2003. Demographic and Health Surveys. Calverton, Maryland, USA: Instituto Nacional de Estatística, Ministério da Saúde and ORC Macro, 2005",DHS,3428.43994140625,Age-Adjusted
MOZ,MOZAMBIQUE,2008,2008,Africa,Eastern Africa,Sub-Saharan Africa,SSA,ESA,AFRO,Low Income,Sub-Saharan Africa,Least Developed Countries (LDCs),Low-Income Food-Deficit (LIFD),,3095,479,Total,Reanalyzed,10637.2,1.3,,4.2,,10691.4,18.2,,"August,2008-November,2008","Instituto Nacional de Estatistica (INE), UNICEF.","Mozambique multiple indicator cluster survey 2008 (MICS). Maputo, Mozambique: INE, 2009",MICS,3814.830078125,Age-Adjusted
MOZ,MOZAMBIQUE,2011,2011,Africa,Eastern Africa,Sub-Saharan Africa,SSA,ESA,AFRO,Low Income,Sub-Saharan Africa,Least Developed Countries (LDCs),Low-Income Food-Deficit (LIFD),,3146,480,Total,Reanalyzed,10573.5,2.4,,6.1,,10696.5,15.6,,"June,2011-November,2011","Ministerio da Saude (MISAU), Instituto Nacional de Estatística (INE) e ICF International (ICFI).","Moçambique inquérito demográfico e de Saúde 2011. Demographic and Health Surveys. Calverton, Maryland, USA: MISAU, INE e ICFI, 2013",DHS,4244.498046875,Age-Adjusted
MOZ,MOZAMBIQUE,2014-2015,2015,Africa,Eastern Africa,Sub-Saharan Africa,SSA,ESA,AFRO,Low Income,Sub-Saharan Africa,Least Developed Countries (LDCs),Low-Income Food-Deficit (LIFD),,3415,2485,Total,Reanalyzed,3642240.0,1.7,,4.4,,3739712.8,15.6,,"August,2014-August,2015",Instituto Nacional de Estatistica,"Relatório final do Inquérito ao Orçamento Familiar - IOF, 2014/15",Other,4749.8349609375,Age-Adjusted
MOZ,MOZAMBIQUE,2019-2020,2020,Africa,Eastern Africa,Sub-Saharan Africa,SSA,ESA,AFRO,Low Income,Sub-Saharan Africa,Least Developed Countries (LDCs),Low-Income Food-Deficit (LIFD),,5928,4625,Total,Reanalyzed,4609303.0,1.0,s,3.9,s,4677710.0,14.8,s,"November,2019-November,2020",Instituto Nacional de Estatistica,"Relatório final do Inquérito ao Orçamento Familiar - IOF, 2019/20",Other,5298.05712890625,Age-Adjusted
MOZ,MOZAMBIQUE,2022-2023,2022,Africa,Eastern Africa,Sub-Saharan Africa,SSA,ESA,AFRO,Low Income,Sub-Saharan Africa,Least Developed Countries (LDCs),Low-Income Food-Deficit (LIFD),,10138,9069,Total,Reanalyzed,4544.6,0.7,,3.8,,4283.9,15.4,,"July,2022-March,2023",Instituto Nacional de Estatística (INE) e ICF,"Inquérito Demográfico e de Saúde em Moçambique 2022–23. Maputo, Moçambique e Rockville, Maryland, EUA: INE e ICF.",DHS,5547.10693359375,Age-Adjusted
MMR,MYANMAR,1990,1990,Asia,South-Eastern Asia,Eastern Asia and South-eastern Asia,EAP,EAP,SEARO,Lower Middle Income,East Asia & Pacific,Least Developed Countries (LDCs),,,308,481,Total,Adjusted,,,,,,5899.0,32.5,bc,"January,1990-March,1990","Ministry of Health., Republic of Myanmar","Nutrition Situation of Myanmar Children. Preliminary report of the national nutrition survey 1990. Rangoon, Myanmar, 1991",NNS,4955.1884765625,Age-Adjusted
MMR,MYANMAR,1991,1991,Asia,South-Eastern Asia,Eastern Asia and South-eastern Asia,EAP,EAP,SEARO,Lower Middle Income,East Asia & Pacific,Least Developed Countries (LDCs),,,653,482,Total,Adjusted,5540.0,,,12.7,bc,5540.0,37.0,bc,"May,1991-December,1991",Ministry of Health.,"Nutrition situation of Myanmar children. Report of the  National Nutrition Survey 1991. Ragoon, Myanmar, 1994",NNS,4916.58349609375,Age-Adjusted
MMR,MYANMAR,1994,1994,Asia,South-Eastern Asia,Eastern Asia and South-eastern Asia,EAP,EAP,SEARO,Lower Middle Income,East Asia & Pacific,Least Developed Countries (LDCs),,,1570,483,Total,Adjusted,5994.0,,,9.2,bc,5994.0,31.2,bc,,Department of Health.,"National nutrition survey, 1994. National Nutrition Centre. Yangon, Myanmar, 1995",NNS,4919.01416015625,Age-Adjusted
MMR,MYANMAR,1995,1995,Asia,South-Eastern Asia,Eastern Asia and South-eastern Asia,EAP,EAP,SEARO,Lower Middle Income,East Asia & Pacific,Least Developed Countries (LDCs),,,1661,484,Total,Adjusted,,,,,,19908.0,38.7,c,,Ministry of Health.,"Monitoring progress toward the goals of the World Summit for Children through multiple indicator cluster survey (MICS). Yangon, Myanmar, 1995",MICS,4921.30908203125,Age-Adjusted
MMR,MYANMAR,1997,1997,Asia,South-Eastern Asia,Eastern Asia and South-eastern Asia,EAP,EAP,SEARO,Lower Middle Income,East Asia & Pacific,Least Developed Countries (LDCs),,,2024,485,Total,Adjusted,4894.0,,,9.6,bc,4894.0,28.1,bc,"January,1997-October,1997",Ministry of Health.,"National nutrition survey 1997. National Nutrition Centre. Yangon, Myanmar, 2000",NNS,4906.78271484375,Age-Adjusted
MMR,MYANMAR,2000,2000,Asia,South-Eastern Asia,Eastern Asia and South-eastern Asia,EAP,EAP,SEARO,Lower Middle Income,East Asia & Pacific,Least Developed Countries (LDCs),,,2654,486,Total,Reanalyzed,8354.8,2.9,r,10.7,r,8492.2,30.0,,"June,2000-August,2000","Department of Health Planning, Ministry of Health and UNICEF (Myanmar).","Union of Myanmar monitoring national programme of action goals though multiple indicator cluster survey 2000. Yangon, Myanmar, 2001",MICS,4856.37451171875,Age-Adjusted
MMR,MYANMAR,2003,2003,Asia,South-Eastern Asia,Eastern Asia and South-eastern Asia,EAP,EAP,SEARO,Lower Middle Income,East Asia & Pacific,Least Developed Countries (LDCs),,,2661,487,Total,Reanalyzed,5612.5,3.7,r,11.7,r,5873.7,29.2,,"April,2003-November,2003","Department of Health Planning, Ministry of Health and UNICEF (Myanmar).","Multiple indicator cluster survey 2003 (MICS). Yangon, Myanmar, 2004",MICS-Style,4846.8212890625,Age-Adjusted
MMR,MYANMAR,2009-2010,2009,Asia,South-Eastern Asia,Eastern Asia and South-eastern Asia,EAP,EAP,SEARO,Lower Middle Income,East Asia & Pacific,Least Developed Countries (LDCs),,,3123,488,Total,Reported,15224.0,2.1,,7.9,,15430.0,22.6,,"October,2009-March,2010",Ministry of National Planning and Economic Development and Ministry of Health [Myanmar].,"Myanmar multiple indicator cluster survey 2009 - 2010: Final Report (MICS3). Nay Pyi Taw, Myanmar: Ministry of National Planning and Economic Development and Ministry of Health, 2011.",MICS,4549.1513671875,Age-Adjusted
MMR,MYANMAR,2015-2016,2016,Asia,South-Eastern Asia,Eastern Asia and South-eastern Asia,EAP,EAP,SEARO,Lower Middle Income,East Asia & Pacific,Least Developed Countries (LDCs),,,3308,811,Total,Reanalyzed,4087.2,1.3,,6.6,,4203.9,18.5,,"December,2015-July,2016","Ministry of Health and Sports (MOHS), Nay Pyi Taw, Myanmar; ICF International, Rockville, Maryland, USA",Myanmar Demographic and Health Survey 2015-16: Final Report. 2016,DHS,4481.560546875,Age-Adjusted
MMR,MYANMAR,2017-2018,2018,Asia,South-Eastern Asia,Eastern Asia and South-eastern Asia,EAP,EAP,SEARO,Lower Middle Income,East Asia & Pacific,Least Developed Countries (LDCs),,,3492,3236,Total,Reported,8961.0,0.9,b,7.4,b,8978.0,19.5,b,"November,2017-May,2018","National Nutrition Centre, Department of Public Health, Ministry of Health and Sports",Myanmar Micronutrient and Food Consumption Survey (MMFCS) 2017-2018,Other,4515.2978515625,Age-Adjusted
NAM,NAMIBIA,1992,1992,Africa,Southern Africa,Sub-Saharan Africa,SSA,ESA,AFRO,Upper Middle Income,Sub-Saharan Africa,,,,471,489,Total,Reanalyzed,2524.9,3.2,,9.6,,2552.5,21.4,,"July,1992-November,1992","Katjiuanjo P, Titus S, Zauana M, Boerma T.","Namibia demographic and health survey 1992. Demographic and Health Surveys. Windhoek, Republic of Namibia, 1993",DHS,247.9095001220703,Age-Adjusted
NAM,NAMIBIA,2000,2000,Africa,Southern Africa,Sub-Saharan Africa,SSA,ESA,AFRO,Upper Middle Income,Sub-Saharan Africa,,,,2557,490,Total,Reanalyzed,4250.4,3.0,,10.0,,4272.6,20.2,,"September,2000-December,2000",Ministry of Health and Social Services (MOHSS) [Namibia].,"Namibia demographic and health survey 2000 (Demographic and Health Surveys). Windhoek, Namibia: MOHSS, 2003",DHS,261.14849853515625,Age-Adjusted
NAM,NAMIBIA,2006-2007,2007,Africa,Southern Africa,Sub-Saharan Africa,SSA,ESA,AFRO,Upper Middle Income,Sub-Saharan Africa,,,,2874,491,Total,Reanalyzed,5064.6,2.0,,7.6,,5151.1,17.4,,"November,2006-March,2007",Ministry of Health and Social Services (MoHSS) [Namibia] and Macro International Inc.,"Namibia demographic and health survey 2006-07. Demographic and Health Surveys. Windhoek, Namibia and Calverton, Maryland, USA: MoHSS and Macro International Inc., 2008",DHS,263.531005859375,Age-Adjusted
NAM,NAMIBIA,2013,2013,Africa,Southern Africa,Sub-Saharan Africa,SSA,ESA,AFRO,Upper Middle Income,Sub-Saharan Africa,,,,3243,492,Total,Reanalyzed,2597.9,2.8,,7.1,,2609.7,13.2,,"May,2013-September,2013",The Nambia Ministry of Health and Social Services (MoHSS) and ICF International.,"The Namibia demographic and health survey 2013. Demographic and Health Surveys. Windhoek, Namibia, and Rockville, Maryland, USA: MoHSS and ICF International, 2014",DHS,314.16949462890625,Age-Adjusted
NRU,NAURU,2007,2007,Oceania,Micronesia,Oceania excluding Australia and New Zealand,EAP,EAP,WPRO,High Income,East Asia & Pacific,,,Small island developing States (SIDS),3065,493,Total,Reported,267.0,0.2,,1.0,,267.0,4.8,,"August,2007-October,2007","Nauru Bureau of Statistics (NBS), Secretariat of the Pacific Community (SPC) and Macro International Inc.","Nauru 2007 demographic and health survey. Demographic and Health Surveys. Auckland, New Zealand: NBS, SPC and Macro, 2009",DHS-Style,1.3179999589920044,Age-Adjusted
NRU,NAURU,2023,2023,Oceania,Micronesia,Oceania excluding Australia and New Zealand,EAP,EAP,WPRO,High Income,East Asia & Pacific,,,Small island developing States (SIDS),5970,3995,Total,Reanalyzed,304.0,0.3,,1.3,,320.0,3.8,,"September,2023-November,2023",Nauru Bureau of Statistics,"Nauru Multiple Indicator Cluster Survey 2023, Survey Findings Report.  Nauru: Nauru Bureau of Statistics",MICS,1.4884999990463257,Age-Adjusted
NPL,NEPAL,1995,1995,Asia,Southern Asia,Central Asia and Southern Asia,SA,SA,SEARO,Lower Middle Income,South Asia,Least Developed Countries (LDCs),Low-Income Food-Deficit (LIFD),Landlocked developing countries (LLDCs),1581,2071,Total,Adjusted,6781.0,,,6.0,bc,6781.0,42.6,bc,"January,1995-March,1995",National Planning Commission,"Nepal multiple indicator surveillance: cycle I, Jan to March 1995 health and nutrition - final report (MICS). Kathmandu, Nepal, 1996",MICS,3545.430419921875,Age-Adjusted
NPL,NEPAL,1996,1996,Asia,Southern Asia,Central Asia and Southern Asia,SA,SA,SEARO,Lower Middle Income,South Asia,Least Developed Countries (LDCs),Low-Income Food-Deficit (LIFD),Landlocked developing countries (LLDCs),1706,495,Total,Reanalyzed,3742.3,3.3,b,13.3,b,3973.6,42.8,b,"January,1996-September,1996","Ajit Pradhan, Ram Hari Aryal, Gokarna Regmi, Bharat Baan, Pavalavalli Govindasamy.","Nepal family health survey, 1996. Demographic and Health Surveys. Ministry of Health. Kathmandu, Nepal, 1997",DHS,3613.635498046875,Age-Adjusted
NPL,NEPAL,1997-1998,1998,Asia,Southern Asia,Central Asia and Southern Asia,SA,SA,SEARO,Lower Middle Income,South Asia,Least Developed Countries (LDCs),Low-Income Food-Deficit (LIFD),Landlocked developing countries (LLDCs),2189,496,Total,Reanalyzed,17211.3,1.4,b,7.8,b,17471.2,36.5,b,"December,1997-February,1998","Ministry of Health, Child Health Division, HMG/N, New ERA, Micronutrient Initiative, UNICEF Nepal and WHO","Nepal micronutrient status survey 1998. Kathmandu, Nepal: Ministry of Health, Child Health Division, HMG/N, New ERA, Micronutrient Initiative, UNICEF Nepal and WHO, 2000",Other,3659.344970703125,Age-Adjusted
NPL,NEPAL,2001,2001,Asia,Southern Asia,Central Asia and Southern Asia,SA,SA,SEARO,Lower Middle Income,South Asia,Least Developed Countries (LDCs),Low-Income Food-Deficit (LIFD),Landlocked developing countries (LLDCs),2336,497,Total,Reanalyzed,6491.3,2.8,,11.3,,6556.3,42.8,,"January,2001-June,2001","Ministry of Health [Nepal], New ERA, and ORC Macro.","Nepal demographic and health survey 2001. Demographic and Health Surveys. Calverton, Maryland, USA: Family Health Division, Ministry of Health; New ERA; and ORC Macro, 2002",DHS,3567.89208984375,Age-Adjusted
NPL,NEPAL,2006,2006,Asia,Southern Asia,Central Asia and Southern Asia,SA,SA,SEARO,Lower Middle Income,South Asia,Least Developed Countries (LDCs),Low-Income Food-Deficit (LIFD),Landlocked developing countries (LLDCs),2791,498,Total,Reanalyzed,5277.2,2.7,,12.7,,5342.3,38.6,,"February,2006-August,2006","Ministry of Health and Population (MOHP) [Nepal], New ERA, and Macro International Inc.","Nepal demographic and health survey 2006. Demographic and Health Surveys. Kathmandu, Nepal: Ministry of Health and Population, New ERA, and Macro International Inc., 2007",DHS,3307.66943359375,Age-Adjusted
NPL,NEPAL,2010-2011,2010,Asia,Southern Asia,Central Asia and Southern Asia,SA,SA,SEARO,Lower Middle Income,South Asia,Least Developed Countries (LDCs),Low-Income Food-Deficit (LIFD),Landlocked developing countries (LLDCs),5982,1458,Total,Reported,,3.2,,13.7,,,31.1,,"February,2010-February,2011","Central Bureau of Statistics,  National Planning Commission Secretariat, Government of Nepal","Nepal Living Standards Survey 2010-2011, NLSS Third",LSMS,3067.810546875,Age-Adjusted
NPL,NEPAL,2011,2011,Asia,Southern Asia,Central Asia and Southern Asia,SA,SA,SEARO,Lower Middle Income,South Asia,Least Developed Countries (LDCs),Low-Income Food-Deficit (LIFD),Landlocked developing countries (LLDCs),3114,499,Total,Reanalyzed,2498.8,2.9,,11.2,,2521.4,28.9,,"January,2011-June,2011","Ministry of Health and Population (MOHP) [Nepal], New ERA, and ICF International Inc.","Nepal demographic and health survey 2011. Demographic and Health Surveys. Kathmandu, Nepal: Ministry of Health and Population, New ERA, and ICF International, Calverton, Maryland 2012",DHS,3024.376953125,Age-Adjusted
NPL,NEPAL,2014,2014,Asia,Southern Asia,Central Asia and Southern Asia,SA,SA,SEARO,Lower Middle Income,South Asia,Least Developed Countries (LDCs),Low-Income Food-Deficit (LIFD),Landlocked developing countries (LLDCs),3288,500,Total,Reanalyzed,5112.6,3.2,,11.3,,5217.7,29.7,,"February,2014-July,2014",Centrel Bureau of Statistics and UNICEF.,Nepal Multiple Indicator Cluster Survey 2014: Final Report,MICS,2948.93505859375,Age-Adjusted
NPL,NEPAL,2016,2016,Asia,Southern Asia,Central Asia and Southern Asia,SA,SA,SEARO,Lower Middle Income,South Asia,Least Developed Countries (LDCs),Low-Income Food-Deficit (LIFD),Landlocked developing countries (LLDCs),3493,2564,Total,Reanalyzed,1681.7,2.6,b,11.7,b,1698.4,28.5,b,"April,2016-June,2016","Ministry of Health and Population, Nepal; New ERA; UNICEF; EU; USAID; and CDC","Nepal National Micronutrient Status Survey, 2016. Kathmandu, Nepal: Ministry of Health and Population, Nepal 2018",Other,2941.06298828125,Age-Adjusted
NPL,NEPAL,2016-2017,2016,Asia,Southern Asia,Central Asia and Southern Asia,SA,SA,SEARO,Lower Middle Income,South Asia,Least Developed Countries (LDCs),Low-Income Food-Deficit (LIFD),Landlocked developing countries (LLDCs),3341,1404,Total,Reanalyzed,2417.5,1.8,,9.7,,2428.2,27.0,,"June,2016-January,2017","Ministry of Health, Nepal; New ERA; and ICF","Nepal Demographic and Health Survey 2016. Kathmandu, Nepal: Ministry of Health, Nepal. 2017",DHS,2941.06298828125,Age-Adjusted
NPL,NEPAL,2019,2019,Asia,Southern Asia,Central Asia and Southern Asia,SA,SA,SEARO,Lower Middle Income,South Asia,Least Developed Countries (LDCs),Low-Income Food-Deficit (LIFD),Landlocked developing countries (LLDCs),3494,2744,Total,Reanalyzed,6476.9,2.9,,12.0,,6622.7,24.4,,"May,2019-November,2019",Central Bureau of Statistics and UNICEF,"Nepal Multiple Indicator Cluster Survey 2019, Survey Findings Report. Kathmandu, Nepal: Central Bureau of Statistics and UNICEF Nepal.",MICS,2882.429931640625,Age-Adjusted
NPL,NEPAL,2022,2022,Asia,Southern Asia,Central Asia and Southern Asia,SA,SA,SEARO,Lower Middle Income,South Asia,Least Developed Countries (LDCs),Low-Income Food-Deficit (LIFD),Landlocked developing countries (LLDCs),3149,8920,Total,Reanalyzed,2628.1,0.8,,7.0,,2642.5,18.3,,"January,2022-June,2022","Ministry of Health and Population [Nepal], New ERA, and ICF.","Nepal Demographic and Health Survey 2022. Kathmandu, Nepal: Ministry of Health and Population [Nepal]",DHS,2806.20654296875,Age-Adjusted
NLD,NETHERLANDS (KINGDOM OF THE),1996-1997,1996,Europe,Western Europe,Northern America and Europe,ECA,WE,EURO,High Income,Europe & Central Asia,,,,3495,4326,Total,Reanalyzed,5487.8,0.2,r,1.2,r,5717.1,1.1,,"January,1996-December,1997","TNO Child Health, Leiden, The Netherlands; VU University Medical Center Amsterdam, EMGO Institute of Health Care Research, Amsterdam, The Netherlands; TNO Life Style, Leiden, The Netherlands; Leiden University Medical Center, Department of Pediatrics, Lei",The Netherlands Fourth Growth Study,Other,994.9970092773438,Age-Adjusted
NLD,NETHERLANDS (KINGDOM OF THE),2008-2009,2009,Europe,Western Europe,Northern America and Europe,ECA,WE,EURO,High Income,Europe & Central Asia,,,,3496,4327,Total,Reanalyzed,4636.1,0.1,r,1.0,r,4660.6,1.0,,"May,2008-October,2009","TNO Child Health, Leiden, The Netherlands; VU University Medical Center Amsterdam, EMGO Institute of Health Care Research, Amsterdam, The Netherlands; TNO Life Style, Leiden, The Netherlands; Leiden University Medical Center, Department of Pediatrics, Lei",Netherlands 2008-2010 Nationwide Growth Study,Other,937.8259887695312,Age-Adjusted
NIC,NICARAGUA,1993,1993,Latin America and the Caribbean,Central America,Latin America and the Caribbean,LAC,LAC,AMRO,Lower Middle Income,Latin America & Caribbean,,Low-Income Food-Deficit (LIFD),,1429,501,Total,Reanalyzed,3580.0,0.9,,2.5,,3609.0,9.6,,"February,1993-June,1993",National Institute for Development Information,"Nicaragua 1993 living standards measurement survey (LSMS). Washington, D.C.: The World Bank, 1997",LSMS,711.5905151367188,Age-Adjusted
NIC,NICARAGUA,1997-1998,1998,Latin America and the Caribbean,Central America,Latin America and the Caribbean,LAC,LAC,AMRO,Lower Middle Income,Latin America & Caribbean,,Low-Income Food-Deficit (LIFD),,1918,502,Total,Reanalyzed,6594.3,1.5,,3.4,,6836.6,10.3,,"December,1997-May,1998",Ministerio de Salud.,"Encuesta nicaragüense de demografia y salud 1998. Demographic and Health Surveys.Instituto Nacional de Estadisticas y Censos. Managua, Nicaragua, 1999",DHS,695.3049926757812,Age-Adjusted
NIC,NICARAGUA,1998-1999,1998,Latin America and the Caribbean,Central America,Latin America and the Caribbean,LAC,LAC,AMRO,Lower Middle Income,Latin America & Caribbean,,Low-Income Food-Deficit (LIFD),,6007,1161,Total,Reanalyzed,569889.9,0.8,r,3.0,r,570479.8,8.5,p,"April,1998-June,1999",National Institute for Development Information,"Encuesta Nacional de Hogares sobre Medición de Niveles de Vida (ENMV), Nicaragua 1998-1999",LSMS,695.3049926757812,Age-Adjusted
NIC,NICARAGUA,2001,2001,Latin America and the Caribbean,Central America,Latin America and the Caribbean,LAC,LAC,AMRO,Lower Middle Income,Latin America & Caribbean,,Low-Income Food-Deficit (LIFD),,6009,829,Total,Reanalyzed,4224071.5,0.2,,1.0,,4240808.0,6.3,,"May,2001-June,2001",National Institute for Development Information,2001 Encuesta Nacional de Hogares sobre Medición de Nivel de Vida (EMNV),LSMS,675.3720092773438,Age-Adjusted
NIC,NICARAGUA,2001,2001,Latin America and the Caribbean,Central America,Latin America and the Caribbean,LAC,LAC,AMRO,Lower Middle Income,Latin America & Caribbean,,Low-Income Food-Deficit (LIFD),,2388,503,Total,Reanalyzed,5557.5,0.9,,2.3,,5740.8,7.7,,"September,2001-December,2001","Instituto Nacional de Estadisticas y Censos (INEC), Ministerio de Salud (MINSA), ORC Macro et al.","Encuesta nicaragüense de demografia y salud 2001. Demographic and Health Surveys. Calverton, Maryland, USA: INEC, MINSA, and ORC Macro, 2002",DHS,675.3720092773438,Age-Adjusted
NIC,NICARAGUA,2003-2005,2004,Latin America and the Caribbean,Central America,Latin America and the Caribbean,LAC,LAC,AMRO,Lower Middle Income,Latin America & Caribbean,,Low-Income Food-Deficit (LIFD),,2902,504,Total,External Reanalysis,1494.0,0.0,b,0.4,b,1494.0,3.4,b,"January,2003-December,2005","Ministra de Salud, MINSA  y CDC.","Sistema integrado de vigilancia de interventiones nutricionales (SIVIN): Informe de progreso, Nicaragua 2003-05. Managua, Nicaragua 2008",Other,655.697998046875,Age-Adjusted
NIC,NICARAGUA,2005,2005,Latin America and the Caribbean,Central America,Latin America and the Caribbean,LAC,LAC,AMRO,Lower Middle Income,Latin America & Caribbean,,Low-Income Food-Deficit (LIFD),,6011,1160,Total,Reanalyzed,516345.6,0.2,,0.9,,519670.9,6.2,,"July,2005-October,2005",National Institute for Development Information (INIDE),"Encuesta Nacional de Hogares sobre Medición de Nivel de Vida (EMNV), Nicaragua 2005",LSMS,652.8400268554688,Age-Adjusted
NIC,NICARAGUA,2006-2007,2007,Latin America and the Caribbean,Central America,Latin America and the Caribbean,LAC,LAC,AMRO,Lower Middle Income,Latin America & Caribbean,,Low-Income Food-Deficit (LIFD),,3071,505,Total,Reanalyzed,12238.9,0.5,,1.5,,12318.4,5.7,,"September,2006-April,2007",Instituto Nacional de Información de Desarrollo (INIDE) y los Centros para el Control y Prevención de Enfermedades (CDC).,"Encuesta nicaragüense de demografía y salud ENDESA 2006/07, informe final. Managua, Nicaragua: INIDE y CDC, 2008",RHS,657.6170043945312,Age-Adjusted
NIC,NICARAGUA,2011-2012,2012,Latin America and the Caribbean,Central America,Latin America and the Caribbean,LAC,LAC,AMRO,Lower Middle Income,Latin America & Caribbean,,Low-Income Food-Deficit (LIFD),,3342,812,Total,Reanalyzed,10137.3,0.7,,2.2,,10310.7,4.6,,"June,2011-December,2012","Instituto Nacional de Información de Desarrollo (INIDE), Ministerio de Salud (MINSA)",Encuesta Nicaragüense de Demografía y Salud 2011/12 - Informe Final,Other,675.2940063476562,Age-Adjusted
NER,NIGER,1985,1985,Africa,Western Africa,Sub-Saharan Africa,SSA,WCA,AFRO,Low Income,Sub-Saharan Africa,Least Developed Countries (LDCs),Low-Income Food-Deficit (LIFD),Landlocked developing countries (LLDCs),47,506,Total,Adjusted,1672.0,,,25.3,c,1672.0,45.0,c,,Ministère de la Santé Publique et des Affaires Sociales.,"Enquête nationale sur la morbidité et la mortalité, rapport No 1. Cellule de Planification. Niamey, République de Niger, 1985",Other,1433.97705078125,Age-Adjusted
NER,NIGER,1992,1992,Africa,Western Africa,Sub-Saharan Africa,SSA,WCA,AFRO,Low Income,Sub-Saharan Africa,Least Developed Countries (LDCs),Low-Income Food-Deficit (LIFD),Landlocked developing countries (LLDCs),526,507,Total,Reanalyzed,4826.5,6.7,,18.8,,4284.1,38.7,,"March,1992-June,1992","Kourguéni IA, Garba B, Barrère B.","Enquête démographique et de santé, Niger 1992. Demographic and Health Surveys. Niamey, Niger, 1993",DHS,1732.3570556640625,Age-Adjusted
NER,NIGER,1998,1998,Africa,Western Africa,Sub-Saharan Africa,SSA,WCA,AFRO,Low Income,Sub-Saharan Africa,Least Developed Countries (LDCs),Low-Income Food-Deficit (LIFD),Landlocked developing countries (LLDCs),1915,508,Total,Reanalyzed,4094.3,7.1,b,22.7,b,4177.4,46.6,b,"March,1998-July,1998","Attama S, Seroussi M, Kourguéni AI, Koché H, Barrère B.","Enquête démographique et de santé, Niger 1998. Demographic and Health Surveys. Calverton, Maryland, U.S.A.: Care International/Niger et Macro International Inc., 1998",DHS,2164.214599609375,Age-Adjusted
NER,NIGER,2000,2000,Africa,Western Africa,Sub-Saharan Africa,SSA,WCA,AFRO,Low Income,Sub-Saharan Africa,Least Developed Countries (LDCs),Low-Income Food-Deficit (LIFD),Landlocked developing countries (LLDCs),2191,509,Total,Reanalyzed,4821.5,6.1,,16.2,,4831.1,43.1,,"April,2000-August,2000",Republique du Niger; UNICEF,"Enquete a indicateurs multiples 2000 (MICS2). Niamey, Niger, 2000",MICS,2348.83056640625,Age-Adjusted
NER,NIGER,2006,2006,Africa,Western Africa,Sub-Saharan Africa,SSA,WCA,AFRO,Low Income,Sub-Saharan Africa,Least Developed Countries (LDCs),Low-Income Food-Deficit (LIFD),Landlocked developing countries (LLDCs),2793,510,Total,Reanalyzed,4368.1,4.3,,12.5,,4388.8,39.9,,"January,2006-June,2006",Institut National de la Statistique (INS) et Macro International Inc.,"Enquête démographique et de santé et à indicateurs multiples du Niger 2006. Demographic and Health Surveys and MICS-3. Calverton, Maryland, USA : INS et Macro International Inc., 2007",DHS,2940.237548828125,Age-Adjusted
NER,NIGER,2006,2006,Africa,Western Africa,Sub-Saharan Africa,SSA,WCA,AFRO,Low Income,Sub-Saharan Africa,Least Developed Countries (LDCs),Low-Income Food-Deficit (LIFD),Landlocked developing countries (LLDCs),3497,883,Total,Reanalyzed,2381821.5,3.1,rs,11.6,rs,2395348.2,35.6,s,"October,2006-November,2006",Institut National de la Statistique; Fond des Nations Unies pour l’Enfance; Programme Alimentaire Mondial,"Rapport d’enquête nationale Nutrition et Survie de l’Enfant, Niger 2006",SMART,2940.237548828125,Age-Adjusted
NER,NIGER,2007,2007,Africa,Western Africa,Sub-Saharan Africa,SSA,WCA,AFRO,Low Income,Sub-Saharan Africa,Least Developed Countries (LDCs),Low-Income Food-Deficit (LIFD),Landlocked developing countries (LLDCs),3498,884,Total,Reanalyzed,2447879.0,3.0,rs,12.5,rs,2451804.2,37.9,s,"May,2007-June,2007",INS-Niger,"Rapport d’enquête nationale Nutrition et Survie de l’Enfant Niger, mai/juin 2007",SMART,3047.797607421875,Age-Adjusted
NER,NIGER,2008,2008,Africa,Western Africa,Sub-Saharan Africa,SSA,WCA,AFRO,Low Income,Sub-Saharan Africa,Least Developed Countries (LDCs),Low-Income Food-Deficit (LIFD),Landlocked developing countries (LLDCs),3499,885,Total,Reanalyzed,3737.7,3.1,rs,13.8,rs,3756.4,34.6,s,"June,2008-July,2008",INS-Niger,"Rapport d’enquête nationale Nutrition et Survie de l’Enfant Niger, juin/juillet 2008 Rapport final,",SMART,3157.864501953125,Age-Adjusted
NER,NIGER,2009,2009,Africa,Western Africa,Sub-Saharan Africa,SSA,WCA,AFRO,Low Income,Sub-Saharan Africa,Least Developed Countries (LDCs),Low-Income Food-Deficit (LIFD),Landlocked developing countries (LLDCs),3500,815,Total,Reanalyzed,2822385.8,2.3,rs,12.5,rs,2823215.5,33.5,s,"May,2009-June,2009",l’Institut National de la Statistique (INS),"Rapport d’enquête nationale Nutrition et Survie de l’Enfant, Niger, mai/juin 2009, Rapport final, octobre 2009",SMART,3269.743408203125,Age-Adjusted
NER,NIGER,2010,2010,Africa,Western Africa,Sub-Saharan Africa,SSA,WCA,AFRO,Low Income,Sub-Saharan Africa,Least Developed Countries (LDCs),Low-Income Food-Deficit (LIFD),Landlocked developing countries (LLDCs),3501,813,Total,Reanalyzed,2720889.8,3.0,s,16.2,s,2720889.8,40.3,s,"May,2010-June,2010",Institut National de la Statistique (INS); Ministère de la Santé Publique,"Rapport d’enquête nationale, Nutrition, Niger Mai Juin 2010 - Rapport Final",SMART,3382.674072265625,Age-Adjusted
NER,NIGER,2010,2010,Africa,Western Africa,Sub-Saharan Africa,SSA,WCA,AFRO,Low Income,Sub-Saharan Africa,Least Developed Countries (LDCs),Low-Income Food-Deficit (LIFD),Landlocked developing countries (LLDCs),3502,3592,Total,Reanalyzed,2772827.0,3.6,rs,15.8,rs,2790001.0,40.0,s,"October,2010-November,2010",Institut National de la Statistique (INS); Ministère de la Santé Publique,"Enquête nationale, Nutrition, Niger (Octobre-Novembre 2010)",SMART,3382.674072265625,Age-Adjusted
NER,NIGER,2011,2011,Africa,Western Africa,Sub-Saharan Africa,SSA,WCA,AFRO,Low Income,Sub-Saharan Africa,Least Developed Countries (LDCs),Low-Income Food-Deficit (LIFD),Landlocked developing countries (LLDCs),3503,814,Total,Reanalyzed,2985807.8,2.2,b,12.4,b,2986269.5,36.2,b,"June,2011-July,2011",la Direction de la Nutrition; l’Institut National de la Statistique,"Rapport d’enquête nationale, Nutrition, Niger, Mai/Juin 2011, Rapport final juillet 2011",SMART,3495.535888671875,Age-Adjusted
NER,NIGER,2012,2012,Africa,Western Africa,Sub-Saharan Africa,SSA,WCA,AFRO,Low Income,Sub-Saharan Africa,Least Developed Countries (LDCs),Low-Income Food-Deficit (LIFD),Landlocked developing countries (LLDCs),3177,511,Total,Reanalyzed,5661.2,6.7,,18.2,,5821.8,38.0,,"January,2012-July,2012",Institut National de la Statistique (INS) et ICF International.,"Enquête démographique et de santé et indicateurs multiples du Niger 2012. Demographic and Health Surveys and MICS. Calverton, Maryland, USA: INS et ICF International, 2013",DHS,3607.742919921875,Age-Adjusted
NER,NIGER,2012,2012,Africa,Western Africa,Sub-Saharan Africa,SSA,WCA,AFRO,Low Income,Sub-Saharan Africa,Least Developed Countries (LDCs),Low-Income Food-Deficit (LIFD),Landlocked developing countries (LLDCs),3416,886,Total,Reanalyzed,8649.9,2.7,rs,13.4,rs,8622.1,32.1,s,"June,2012-August,2012",INS-Niger; WFP; UNICEF,"Rapport d’enquête nationale Nutrition Niger, Juin/Juillet 2012",SMART,3607.742919921875,Age-Adjusted
NER,NIGER,2013,2013,Africa,Western Africa,Sub-Saharan Africa,SSA,WCA,AFRO,Low Income,Sub-Saharan Africa,Least Developed Countries (LDCs),Low-Income Food-Deficit (LIFD),Landlocked developing countries (LLDCs),3417,816,Total,Reanalyzed,3208916.5,2.5,rs,12.4,rs,3195429.0,33.1,s,"May,2013-June,2013",l'Institut National de la Statistique (INS),"Rapport d’enquête nationale, Nutrition, Niger, Mai/juin 2013, Rapport final Septembre 2013",SMART,3719.39404296875,Age-Adjusted
NER,NIGER,2014,2014,Africa,Western Africa,Sub-Saharan Africa,SSA,WCA,AFRO,Low Income,Sub-Saharan Africa,Least Developed Countries (LDCs),Low-Income Food-Deficit (LIFD),Landlocked developing countries (LLDCs),3418,817,Total,Reanalyzed,4854827.0,2.7,rs,14.2,rs,4842316.0,34.6,s,"June,2014-August,2014",l' Institut National de la Statistique,"Rapport d’enquête nationale, Nutrition, Niger, Juin/juillet 2014, Rapport Final septembre 2014",SMART,3829.6845703125,Age-Adjusted
NER,NIGER,2015,2015,Africa,Western Africa,Sub-Saharan Africa,SSA,WCA,AFRO,Low Income,Sub-Saharan Africa,Least Developed Countries (LDCs),Low-Income Food-Deficit (LIFD),Landlocked developing countries (LLDCs),3504,887,Total,Reanalyzed,1685707.8,3.5,rs,13.6,rs,1689515.9,35.8,s,"August,2015-August,2015",INS-Niger,Etude nationale d’evaluation d’indicateurs socio-economiques et demographiques (ENISED),SMART,3937.8759765625,Age-Adjusted
NER,NIGER,2016,2016,Africa,Western Africa,Sub-Saharan Africa,SSA,WCA,AFRO,Low Income,Sub-Saharan Africa,Least Developed Countries (LDCs),Low-Income Food-Deficit (LIFD),Landlocked developing countries (LLDCs),3343,888,Total,Reanalyzed,3224006.0,2.1,rs,10.4,rs,3230436.0,32.0,s,"August,2016-September,2016",INS-Niger; WFP; UNICEF,Evaluation Nationale De La Situation Nutritionnelle par la Methodologie SMART Au Niger 2016,SMART,4043.968505859375,Age-Adjusted
NER,NIGER,2018,2018,Africa,Western Africa,Sub-Saharan Africa,SSA,WCA,AFRO,Low Income,Sub-Saharan Africa,Least Developed Countries (LDCs),Low-Income Food-Deficit (LIFD),Landlocked developing countries (LLDCs),3419,3163,Total,Reanalyzed,3987995.5,3.0,rs,14.1,rs,3986079.5,37.5,s,"October,2018-November,2018",INS-Niger; WFP; UNICEF,"Rapport final de l'enquête nationale de nutrition avec la méthodologie SMART, 2018",SMART,4239.02783203125,Age-Adjusted
NER,NIGER,2019,2019,Africa,Western Africa,Sub-Saharan Africa,SSA,WCA,AFRO,Low Income,Sub-Saharan Africa,Least Developed Countries (LDCs),Low-Income Food-Deficit (LIFD),Landlocked developing countries (LLDCs),3505,3830,Total,Reanalyzed,4476196.5,2.4,s,9.8,s,4461857.5,31.3,s,"August,2019-September,2019",INS-Niger,"Enquête nationale de nutrition avec la méthodologie SMART - 2019, Niger",SMART,4324.44482421875,Age-Adjusted
NER,NIGER,2020,2020,Africa,Western Africa,Sub-Saharan Africa,SSA,WCA,AFRO,Low Income,Sub-Saharan Africa,Least Developed Countries (LDCs),Low-Income Food-Deficit (LIFD),Landlocked developing countries (LLDCs),6039,4500,Total,Reanalyzed,4582393.0,2.5,rs,12.0,rs,4582060.0,33.4,s,"September,2020-October,2020",INS-Niger,"Enquête nationale de nutrition avec la méthodologie SMART, Niger Septembre/Octobre 2020",SMART,4404.1591796875,Age-Adjusted
NER,NIGER,2021,2021,Africa,Western Africa,Sub-Saharan Africa,SSA,WCA,AFRO,Low Income,Sub-Saharan Africa,Least Developed Countries (LDCs),Low-Income Food-Deficit (LIFD),Landlocked developing countries (LLDCs),7306,5788,Total,Reanalyzed,22246468.0,2.3,s,11.5,s,22184098.0,33.2,s,"September,2021-October,2021",INS-Niger,"Enquête Nutritionnelle et de Mortalite Retrospective au Niger, Decembre 2021",SMART,4480.48876953125,Age-Adjusted
NER,NIGER,2022,2022,Africa,Western Africa,Sub-Saharan Africa,SSA,WCA,AFRO,Low Income,Sub-Saharan Africa,Least Developed Countries (LDCs),Low-Income Food-Deficit (LIFD),Landlocked developing countries (LLDCs),9836,8948,Total,Reanalyzed,29351086.0,2.1,s,10.9,s,29326996.0,34.6,s,"August,2022-September,2022",Institut National de la Statistique,Enquete Nutritionnelle et de Mortalite Retrospective au Niger - Date de la collecte des données du 20 Août au 26 septembre 2022,SMART,4564.72509765625,Age-Adjusted
NGA,NIGERIA,1990,1990,Africa,Western Africa,Sub-Saharan Africa,SSA,WCA,AFRO,Lower Middle Income,Sub-Saharan Africa,,,,377,512,Total,Reanalyzed,6262.3,4.4,,11.7,,5854.1,33.1,,"April,1990-October,1990",Federal Office of Statistics/Nigeria and Institute for Resource Development - IRD/Macro International,"Nigerian demographic and health survey 1990. Demographic and Health Surveys. Federal Office of Statistics, Lagos, Nigeria, 1992",DHS,17323.166015625,Age-Adjusted
NGA,NIGERIA,1993,1993,Africa,Western Africa,Sub-Saharan Africa,SSA,WCA,AFRO,Lower Middle Income,Sub-Saharan Africa,,,,1713,513,Total,Adjusted,2664.0,,,20.6,c,2664.0,35.1,c,,Federal Ministry of Health and Sociel Services.,"Nigeria National micronutrient survey, 1993. Ibadan, Nigeria, 1996",Other,18569.056640625,Age-Adjusted
NGA,NIGERIA,2003,2003,Africa,Western Africa,Sub-Saharan Africa,SSA,WCA,AFRO,Lower Middle Income,Sub-Saharan Africa,,,,2589,514,Total,Reanalyzed,5126.2,4.7,,11.2,,5219.0,26.7,,"March,2003-August,2003",National Population Commission [Nigeria] and ORC Macro.,"Nigeria demographic and health survey 2003. Demographic and Health Surveys. Calverton, Maryland: National Population Commission and ORC Macro, 2004",DHS,24440.515625,Age-Adjusted
NGA,NIGERIA,2011,2011,Africa,Western Africa,Sub-Saharan Africa,SSA,WCA,AFRO,Lower Middle Income,Sub-Saharan Africa,,,,3157,517,Total,Reanalyzed,24209.0,3.1,s,10.2,s,24168.8,24.2,s,"February,2011-March,2011",National Bureau of Statistics.,"Nigeria multiple indicator cluster survey 2011 (MICS): Monitoring the situation of children and women. Abuja, Nigeria, 2011",MICS,30493.072265625,Age-Adjusted
NGA,NIGERIA,2014,2014,Africa,Western Africa,Sub-Saharan Africa,SSA,WCA,AFRO,Lower Middle Income,Sub-Saharan Africa,,,,3270,519,Total,Reanalyzed,19836.6,1.8,s,7.9,s,19948.5,20.6,s,"February,2014-May,2014",National Bureau of Statistics and UNICEF.,"Summary findings of national nutrition and health survey, 9th feb to 5th May 2014, Nigeria: SMART methods",SMART,32354.201171875,Age-Adjusted
NGA,NIGERIA,2015,2015,Africa,Western Africa,Sub-Saharan Africa,SSA,WCA,AFRO,Lower Middle Income,Sub-Saharan Africa,,,,3311,818,Total,Reanalyzed,17739.5,1.8,s,7.3,s,17730.5,19.5,s,"July,2015-September,2015","National Bureau of Statistics (NBS), Abuja Nigeria","National Nutrition and Health Surveys (NNHS) - Report on The Nutrition and Health Situation of Nigeria, November 2015",SMART,32814.2578125,Age-Adjusted
NGA,NIGERIA,2016-2017,2016,Africa,Western Africa,Sub-Saharan Africa,SSA,WCA,AFRO,Lower Middle Income,Sub-Saharan Africa,,,,3344,1625,Total,Reanalyzed,27635.9,2.9,,10.8,,27398.1,31.5,,"September,2016-January,2017",National Bureau of Statistics (NBS) and United Nations Children’s Fund (UNICEF),"Multiple Indicator Cluster Survey 2016-17, Final Report. Abuja, Nigeria: National Bureau of Statistics and United Nations Children’s Fund. 2017",MICS,33136.28125,Age-Adjusted
NGA,NIGERIA,2018,2018,Africa,Western Africa,Sub-Saharan Africa,SSA,WCA,AFRO,Lower Middle Income,Sub-Saharan Africa,,,,3506,2566,Total,Reanalyzed,16195.8,1.4,s,6.8,s,16266.6,19.7,s,"February,2018-May,2018",National Bureau of Statistics (Nigeria),Nigeria National Nutrition and Health Survey 2018,SMART,33420.83984375,Age-Adjusted
NGA,NIGERIA,2018,2018,Africa,Western Africa,Sub-Saharan Africa,SSA,WCA,AFRO,Lower Middle Income,Sub-Saharan Africa,,,,3420,3200,Total,Reanalyzed,12648.7,1.8,,6.8,,12694.6,21.8,,"August,2018-December,2018",National Population Commission (NPC) [Nigeria] and ICF,"Nigeria Demographic and Health Survey 2018. Abuja, Nigeria, and Rockville, Maryland, USA: NPC and ICF. 2019",DHS,33420.83984375,Age-Adjusted
NGA,NIGERIA,2019-2020,2020,Africa,Western Africa,Sub-Saharan Africa,SSA,WCA,AFRO,Lower Middle Income,Sub-Saharan Africa,,,,3507,4185,Total,Reanalyzed,16382.7,1.4,,6.5,,16256.1,18.4,,"December,2019-February,2020",National Bureau of Statistics (NBS),Nigeria National Nutrition and Health Survey 2019,SMART,33297.234375,Age-Adjusted
NGA,NIGERIA,2021,2021,Africa,Western Africa,Sub-Saharan Africa,SSA,WCA,AFRO,Lower Middle Income,Sub-Saharan Africa,,,,8537,5986,Total,Reported,,3.1,b,11.6,b,,24.4,b,"February,2021-June,2021",Federal Government of Nigeria (FGoN) and the International Institute of Tropical Agriculture (IITA),"National Food Consumption and Micronutrient Survey 2021.  Final Report. Abuja and Ibadan, Nigeria: FGoN and IITA. 550 pp.",NNS,33247.92578125,Age-Adjusted
MKD,NORTH MACEDONIA,1999,1999,Europe,Southern Europe,Northern America and Europe,ECA,EECA,EURO,Upper Middle Income,Europe & Central Asia,,,Landlocked developing countries (LLDCs),1998,659,Total,External Reanalysis,,0.4,b,1.8,b,,2.1,b,"September,1999-September,1999","Branca F, Pastore G, Rossi L, Sette S.","Multiple indicator cluster survey in North Macedonia with micronutrient component (MICS). National Institute of Nutrition, Rome, Italy, 2000",MICS,154.38999938964844,Age-Adjusted
MKD,NORTH MACEDONIA,2005,2005,Europe,Southern Europe,Northern America and Europe,ECA,EECA,EURO,Upper Middle Income,Europe & Central Asia,,,Landlocked developing countries (LLDCs),2866,660,Total,Reanalyzed,4181.8,1.3,,3.4,,4222.5,1.8,,"November,2005-November,2005",State Statistical Office of the Republic of Macedonia,"Republic of North Macedonia - multiple indicator cluster survey 2005-06. Final report. Skopje: State Statistical Office of the Republic of North Macedonia, 2007",MICS,133.14349365234375,Age-Adjusted
MKD,NORTH MACEDONIA,2011,2011,Europe,Southern Europe,Northern America and Europe,ECA,EECA,EURO,Upper Middle Income,Europe & Central Asia,,,Landlocked developing countries (LLDCs),3210,661,Total,Reanalyzed,1298.8,0.2,,1.8,,1332.0,1.3,,"April,2011-July,2011","Ministry of Health, Ministry of Education and Science, Ministry of Labour and Social Policy.","Multiple indicator cluster survey 2011 (MICS). Skopje, North Macedonia: Ministry of Health, Ministry of Education and Science,  Ministry of Labour and Social Policy, 2012.",MICS,120.56749725341797,Age-Adjusted
MKD,NORTH MACEDONIA,2018-2019,2019,Europe,Southern Europe,Northern America and Europe,ECA,EECA,EURO,Upper Middle Income,Europe & Central Asia,,,Landlocked developing countries (LLDCs),3508,2243,Total,Reanalyzed,1255.3,0.5,,3.4,,1302.6,0.9,,"November,2018-March,2019",State Statistical Office and UNICEF,"2018-2019 North Macedonia Multiple Indicator Cluster Survey, Survey  Findings  Report. Skopje, North Macedonia: State Statistical Office and UNICEF.",MICS,107.9635009765625,Age-Adjusted
OMN,OMAN,1991,1991,Asia,Western Asia,Western Asia and Northern Africa,MENA,MENA,EMRO,High Income,Middle East & North Africa,,,,501,520,Total,Adjusted,764.0,,,7.8,bc 47,764.0,18.6,bc 47,"July,1991-August,1991",Musaiger OA.,"National Nutrition Survey of the Sultanate of Oman. UNICEF Muscat, Oman, 1993",NNS,296.6805114746094,Age-Adjusted
OMN,OMAN,1994-1995,1994,Asia,Western Asia,Western Asia and Northern Africa,MENA,MENA,EMRO,High Income,Middle East & North Africa,,,,1560,521,Total,Reanalyzed,639.0,0.9,b,10.3,b,635.0,14.2,b,"October,1994-January,1995",Ministry of Health.,"National study on the prevalence of vitamin A deficiency (VAD) among children 6 months to 7 years. Muscat, Sultanate of Oman, 1995",VAD Survey,294.5270080566406,Age-Adjusted
OMN,OMAN,1999,1999,Asia,Western Asia,Western Asia and Northern Africa,MENA,MENA,EMRO,High Income,Middle East & North Africa,,,,2375,522,Total,Reanalyzed,13877.8,1.3,r 47,7.8,r 47,13960.9,13.0,47,"March,1999-December,1999","Ministry of Health (Oman), United Nations Children's Fund (UNICEF) and World Health Organization (WHO)","Oman Protein-Energy Malnutrition Survey 1999. Muscat, Oman: Ministry of Health (Oman)",Other,274.0555114746094,Age-Adjusted
OMN,OMAN,2008-2009,2009,Asia,Western Asia,Western Asia and Northern Africa,MENA,MENA,EMRO,High Income,Middle East & North Africa,,,,3055,523,Total,External Reanalysis,8105.0,0.8,47,7.1,47,8105.0,8.6,47,"February,2008-December,2009",Ministry of Health (Oman),Second National Health Survey for Protein Energy Malnutrition In Children below Five Years of Age In the Sultanate of Oman,Other,279.8500061035156,Age-Adjusted
OMN,OMAN,2014,2014,Asia,Western Asia,Western Asia and Northern Africa,MENA,MENA,EMRO,High Income,Middle East & North Africa,,,,3284,524,Total,Reported,4498.0,2.4,,7.5,,4548.0,9.7,,"February,2014-March,2014",National Centre for Statistics and Information.,"Multiple Indicator Cluster Survey 2014, Final Report. Muscat, Oman, 2016.",MICS,364.7349853515625,Age-Adjusted
OMN,OMAN,2016-2017,2017,Asia,Western Asia,Western Asia and Northern Africa,MENA,MENA,EMRO,High Income,Middle East & North Africa,,,,3421,2270,Total,Reported,,3.1,47,9.3,47,,11.2,47,"December,2016-April,2017","Ministry of Health (Oman), GroundWork, and UNICEF","Oman National Nutrition Survey 2017. Muscat, Oman, 2018",NNS,416.7384948730469,Age-Adjusted
PAK,PAKISTAN,1985-1987,1986,Asia,Southern Asia,Central Asia and Southern Asia,SA,SA,EMRO,Lower Middle Income,South Asia,,,,1276,525,Total,Adjusted,6707.0,,,24.0,c,6707.0,44.4,c,"July,1985-June,1987",Government of Pakistan.,"National nutrition survey 1985-87 report. National Institute of Health, Nutrition Division. Islamabad, Pakistan, 1988",NNS,18134.28515625,Age-Adjusted
PAK,PAKISTAN,1990-1991,1991,Asia,Southern Asia,Central Asia and Southern Asia,SA,SA,EMRO,Lower Middle Income,South Asia,,,,537,526,Total,Reanalyzed,4366.5,4.8,,12.5,,4432.5,38.4,,"December,1990-May,1991",National Institute of Population Studies - NIPS/Pakistan and Institute for Resource Development - IRD/Macro International,"Pakistan demographic and health survey 1990/91. Demographic and Health Surveys. National Institute of Population Studies. Islamabad, Pakistan, 1992",DHS,21184.767578125,Age-Adjusted
PAK,PAKISTAN,1990-1994,1992,Asia,Southern Asia,Central Asia and Southern Asia,SA,SA,EMRO,Lower Middle Income,South Asia,,,,1931,527,Total,External Reanalysis,3240.0,5.0,,17.2,,3240.0,35.3,,"February,1990-August,1994",Nuruddin R and Azam I.,"National health survey of Pakistan (NHSP, 1990-94): Health profile of the people of Pakistan. Islamabad, Pakistan, 1998",Other,21735.8515625,Age-Adjusted
PAK,PAKISTAN,1995,1995,Asia,Southern Asia,Central Asia and Southern Asia,SA,SA,EMRO,Lower Middle Income,South Asia,,,,1704,528,Total,Adjusted,,,,,,7368.0,34.2,c,"August,1995-September,1995",Ministry of Health.,"Multiple indicator cluster survey of Pakistan, 1995. MICS surveys. Government of Pakistan. Islamabad, Pakistan, 1996",MICS,23068.33203125,Age-Adjusted
PAK,PAKISTAN,2001,2001,Asia,Southern Asia,Central Asia and Southern Asia,SA,SA,EMRO,Lower Middle Income,South Asia,,,,2588,529,Total,Reanalyzed,9584.0,5.8,r,14.1,r,10027.0,31.2,,"September,2001-October,2001","Pakistan Institute of Development Economics, Micro-nutrient Laboratories Aga Khan University and Medical Centre Karachi.","National nutrition survey 2001-2002. Islamabad, Pakistan: Planning Commission, Government of Pakistan and UNICEF, 2004",NNS,25064.40234375,Age-Adjusted
PAK,PAKISTAN,2011,2011,Asia,Southern Asia,Central Asia and Southern Asia,SA,SA,EMRO,Lower Middle Income,South Asia,,,,3113,530,Total,Reanalyzed,23046874.0,5.8,r,14.9,r,23946326.0,31.4,,"January,2011-August,2011","Aga Khan University (Pakistan), Pakistan Medical Research Council (PMRC), Nutrition Wing, Cabinet Division, Government of Pakistan and UNICEF.","National nutrition survey Pakistan, 2011. Islamabad, Pakistan: Aga Khan University, PMRC, Government of Pakistan and UNICEF, 2012",NNS,29552.03515625,Age-Adjusted
PAK,PAKISTAN,2012-2013,2013,Asia,Southern Asia,Central Asia and Southern Asia,SA,SA,EMRO,Lower Middle Income,South Asia,,,,3178,531,Total,Reanalyzed,3616.8,3.3,,10.5,,3838.1,31.8,,"October,2012-April,2013",National Institute of Population Studies (NIPS) [Pakistan] and ICF International.,"Pakistan demographic and health survey 2012-13. Demographic and Health Surveys. Islamabad, Pakistan, and Calverton, Maryland, USA: NIPS and ICF International, 2013",DHS,30580.5546875,Age-Adjusted
PAK,PAKISTAN,2017-2018,2018,Asia,Southern Asia,Central Asia and Southern Asia,SA,SA,EMRO,Lower Middle Income,South Asia,,,,3368,2405,Total,Reanalyzed,3547.0,2.4,36,7.1,36,3622.4,23.1,36,"November,2017-April,2018",National Institute of Population Studies (NIPS) [Pakistan] and ICF,"Pakistan Demographic and Health Survey 2017-18. Islamabad, Pakistan, and Rockville, Maryland, USA: NIPS and ICF",DHS,30775.82421875,Age-Adjusted
PAN,PANAMA,1997,1997,Latin America and the Caribbean,Central America,Latin America and the Caribbean,LAC,LAC,AMRO,High Income,Latin America & Caribbean,,,,2113,532,Total,Reanalyzed,273911.2,0.3,r,1.3,r,276728.7,5.0,,"June,1997-October,1997",Ministerio de Planificacion y Politica Economica.,"Encuesta de niveles de vida. 1997 Panama living standards survey (LSMS). Ciudad de Panama, Republica de Panama, 1998",LSMS,330.0264892578125,Age-Adjusted
PAN,PANAMA,2003,2003,Latin America and the Caribbean,Central America,Latin America and the Caribbean,LAC,LAC,AMRO,High Income,Latin America & Caribbean,,,,3111,533,Total,Reanalyzed,300045.9,0.4,r,1.6,r,313164.8,5.3,,"August,2003-November,2003","Republica de Panama, Ministerio de Economia y Finanzas Direccion de Politicas Sociales.","Segunda encuesta de niveles de vida - 2003. Panama City, Republica de Panama, 2006.",LSMS,348.04449462890625,Age-Adjusted
PAN,PANAMA,2008,2008,Latin America and the Caribbean,Central America,Latin America and the Caribbean,LAC,LAC,AMRO,High Income,Latin America & Caribbean,,,,3112,534,Total,Reanalyzed,288852.5,0.3,r,1.2,r,288852.5,3.9,p,"July,2008-August,2008","Ministerio de Salud, Fondo de las Naciones Unidas para la Infancia y Contraloria General de la Republica.","Encuesta de niveles de vida, 2008. Panama City, Republica de Panama, 2009.",LSMS,361.92401123046875,Age-Adjusted
PAN,PANAMA,2019,2019,Latin America and the Caribbean,Central America,Latin America and the Caribbean,LAC,LAC,AMRO,High Income,Latin America & Caribbean,,,,3509,4502,Total,Reanalyzed,441933.7,0.3,rs,1.1,rs,450024.3,2.9,s,"June,2019-December,2019",Ministerio de Salud e Instituto Conmemorativo Gorgas de Estudios de la Salud,Encuesta Nacional de Salud de Panamá 2019,Other,385.1415100097656,Age-Adjusted
PNG,PAPUA NEW GUINEA,1982-1983,1983,Oceania,Melanesia,Oceania excluding Australia and New Zealand,EAP,EAP,WPRO,Lower Middle Income,East Asia & Pacific,,,Small island developing States (SIDS),357,535,Total,Adjusted,27510.0,1.2,d 7,5.5,d 7,27510.0,22.8,d 7,"January,1982-December,1983","Smith T, Keig G, Marks J, Grau R.","Summary results by environmental zone from the 1982/83 National Nutrition Survey of Papua New Guinea. Papua New Guinea Institute of Medical Research. Goroka, Papua New Guinea, 1992",NNS,542.4735107421875,Age-Adjusted
PNG,PAPUA NEW GUINEA,2005,2005,Oceania,Melanesia,Oceania excluding Australia and New Zealand,EAP,EAP,WPRO,Lower Middle Income,East Asia & Pacific,,,Small island developing States (SIDS),2912,536,Total,External Reanalysis,924.0,0.8,b,4.3,b,924.0,17.3,b,"May,2005-November,2005","Department of Health of Papua New Guinea, UNICEF Papua New Guinea, University of Papua New Guinea, US Centers of Disease Control and Prevention.","Papua New Guinea 2005:National Nutrition Survey Final report. Port Moresby, Papua New Guinea, 2009",NNS,950.10498046875,Age-Adjusted
PNG,PAPUA NEW GUINEA,2009-2011,2010,Oceania,Melanesia,Oceania excluding Australia and New Zealand,EAP,EAP,WPRO,Lower Middle Income,East Asia & Pacific,,,Small island developing States (SIDS),3202,537,Total,Reanalyzed,848842.9,6.4,,14.1,,945910.6,27.8,,"July,2009-January,2011",National Statistical Office,"2009-2010 Papua New Guinea household income and expenditure survey: Summary tables. Port Moresby: National Statistical Office, 2013",Other,1054.5355224609375,Age-Adjusted
PRY,PARAGUAY,1990,1990,Latin America and the Caribbean,South America,Latin America and the Caribbean,LAC,LAC,AMRO,Upper Middle Income,Latin America & Caribbean,,,Landlocked developing countries (LLDCs),233,538,Total,Reanalyzed,3411.6,0.2,,0.6,,3450.1,2.8,,"May,1990-August,1990","Carron JM, Loaiza E, Ochoa LH.","Encuesta nacional de demografia y salud 1990. Demographic and Health Surveys. Asuncion, Paraguay, 1991",DHS,645.3159790039062,Age-Adjusted
PRY,PARAGUAY,1997-1998,1998,Latin America and the Caribbean,South America,Latin America and the Caribbean,LAC,LAC,AMRO,Upper Middle Income,Latin America & Caribbean,,,Landlocked developing countries (LLDCs),3544,1591,Total,Reanalyzed,646679.0,0.4,,1.6,,,,,"August,1997-July,1998","La Dirección General de Estadística, Encuestas y Censos (DGEEC)","Paraguay Integrated Household Survey 1997-1998 (Encuesta Integrada de Hogares). Asunción, Paraguay: Department of Statistics, Surveys and Censuses (Paraguay).",Other,683.6865234375,Age-Adjusted
PRY,PARAGUAY,2005,2005,Latin America and the Caribbean,South America,Latin America and the Caribbean,LAC,LAC,AMRO,Upper Middle Income,Latin America & Caribbean,,,Landlocked developing countries (LLDCs),3085,539,Total,Reanalyzed,481956.0,0.3,,1.1,,483194.0,3.4,,"October,2005-December,2005","Department of Statistics, Surveys and Censuses (Paraguay)","Encuesta Permanente de Hogares, Paraguay 2005. Asunción, Paraguay: Department of Statistics, Surveys and Censuses (Paraguay).",Other,631.4080200195312,Age-Adjusted
PRY,PARAGUAY,2011-2012,2012,Latin America and the Caribbean,South America,Latin America and the Caribbean,LAC,LAC,AMRO,Upper Middle Income,Latin America & Caribbean,,,Landlocked developing countries (LLDCs),3272,540,Total,Reanalyzed,554276.0,0.4,s,2.6,s,558648.0,2.6,s,"August,2011-August,2012","General Directorate of Statistics, Surveys and Censuses (Paraguay)",Encuesta de Ingresos y Gastos y de Condiciones de Vida EIGCV 2011/2012,Other,627.5155029296875,Age-Adjusted
PRY,PARAGUAY,2016,2016,Latin America and the Caribbean,South America,Latin America and the Caribbean,LAC,LAC,AMRO,Upper Middle Income,Latin America & Caribbean,,,Landlocked developing countries (LLDCs),3345,1630,Total,Reanalyzed,4388.8,0.4,,1.0,,4427.7,1.3,,"June,2016-September,2016","Dirección General de Estadística, Encuestas y Censos; Ministerio de Salud Pública y Bienestar Social; UNICEF Paraguay",Encuesta de Indicadores Multiples por Conglomerados MICS Paraguay 2016,MICS,661.7005004882812,Age-Adjusted
PER,PERU,1991-1992,1991,Latin America and the Caribbean,South America,Latin America and the Caribbean,LAC,LAC,AMRO,Upper Middle Income,Latin America & Caribbean,,,,363,541,Total,Reanalyzed,7098.1,0.6,,1.9,,7205.2,8.8,,"October,1991-March,1992","Padilla A, Ochoa LH, Marckwardt AM.","Encuesta demografica y de salud familiar 1991/1992. Demographic and Health Surveys. Lima, Peru, 1992",DHS,3165.60595703125,Age-Adjusted
PER,PERU,1996,1996,Latin America and the Caribbean,South America,Latin America and the Caribbean,LAC,LAC,AMRO,Upper Middle Income,Latin America & Caribbean,,,,1757,542,Total,Reanalyzed,13512.7,0.7,,1.6,,13828.7,5.7,,"August,1996-November,1996",Instituto Nacional de Estadística e Informática - INEI/Perú and ORC Macro,"Peru demographic and health survey 1996. Demographic and Health Surveys.  Instituto Nacional de Estadistica e Informacion. Lima, Peru, 1997",DHS,3166.547119140625,Age-Adjusted
PER,PERU,1997,1997,Latin America and the Caribbean,South America,Latin America and the Caribbean,LAC,LAC,AMRO,Upper Middle Income,Latin America & Caribbean,,,,6255,4334,Total,Reanalyzed,1438.0,0.5,,0.9,,1452.0,7.6,,"February,1997-December,1997","Executive Directorate of Food and Nutritional Surveillance (DEVAN) (Peru), Ministry of Health (Peru), National Center for Food and Nutrition, National Institute of Health (Peru), National Institute of Health (Peru), National Institute of Statistics and In",Monitoreo de Indicadores Nutricionales en la Encuesta Nacional de Hogares 1997,Other,3149.446044921875,Age-Adjusted
PER,PERU,1998,1998,Latin America and the Caribbean,South America,Latin America and the Caribbean,LAC,LAC,AMRO,Upper Middle Income,Latin America & Caribbean,,,,6256,4335,Total,Reanalyzed,1819.0,0.4,,0.9,,1817.0,6.3,,"January,1998-December,1998","Executive Directorate of Food and Nutritional Surveillance (DEVAN) (Peru), Ministry of Health (Peru), National Center for Food and Nutrition, National Institute of Health (Peru), National Institute of Health (Peru), National Institute of Statistics and In",Monitoreo de Indicadores Nutricionales en la Encuesta Nacional de Hogares 1998,Other,3130.5634765625,Age-Adjusted
PER,PERU,1999,1999,Latin America and the Caribbean,South America,Latin America and the Caribbean,LAC,LAC,AMRO,Upper Middle Income,Latin America & Caribbean,,,,6257,4336,Total,Reanalyzed,1676.0,0.4,,1.1,,1650.0,7.8,,"January,1999-December,1999","Executive Directorate of Food and Nutritional Surveillance (DEVAN) (Peru), Ministry of Health (Peru), National Center for Food and Nutrition, National Institute of Health (Peru), National Institute of Health (Peru), National Institute of Statistics and In",Monitoreo de Indicadores Nutricionales en la Encuesta Nacional de Hogares 1999,Other,3110.6904296875,Age-Adjusted
PER,PERU,2000,2000,Latin America and the Caribbean,South America,Latin America and the Caribbean,LAC,LAC,AMRO,Upper Middle Income,Latin America & Caribbean,,,,6259,4337,Total,Reanalyzed,1501.0,0.7,,1.7,,1492.0,9.0,,"February,2000-December,2000","Executive Directorate of Food and Nutritional Surveillance (DEVAN) (Peru), Ministry of Health (Peru), National Center for Food and Nutrition, National Institute of Health (Peru), National Institute of Health (Peru), National Institute of Statistics and In",Monitoreo de Indicadores Nutricionales en la Encuesta Nacional de Hogares 2000,Other,3090.468017578125,Age-Adjusted
PER,PERU,2000,2000,Latin America and the Caribbean,South America,Latin America and the Caribbean,LAC,LAC,AMRO,Upper Middle Income,Latin America & Caribbean,,,,2320,543,Total,Reanalyzed,10514.5,0.4,,1.1,,10710.4,5.2,,"July,2000-November,2000",Reyes J and Ochoa LH.,"Encuesta demografica y de salud familiar 2000. Demographic and Health Surveys. Lima, Peru and Calverton, Maryland, USA: Instituto Nacional de Estadistica e Informacion y ORC Macro, 2001",DHS,3090.468017578125,Age-Adjusted
PER,PERU,2001,2001,Latin America and the Caribbean,South America,Latin America and the Caribbean,LAC,LAC,AMRO,Upper Middle Income,Latin America & Caribbean,,,,6260,4338,Total,Reanalyzed,1239.0,0.2,,1.0,,1250.0,6.0,,"January,2001-December,2001","Executive Directorate of Food and Nutritional Surveillance (DEVAN) (Peru), Ministry of Health (Peru), National Center for Food and Nutrition, National Institute of Health (Peru), National Institute of Health (Peru), National Institute of Statistics and In",Monitoreo de Indicadores Nutricionales en la Encuesta Nacional de Hogares 2001,Other,3066.27197265625,Age-Adjusted
PER,PERU,2005,2005,Latin America and the Caribbean,South America,Latin America and the Caribbean,LAC,LAC,AMRO,Upper Middle Income,Latin America & Caribbean,,,,2932,1917,Total,Reanalyzed,1888.6,0.1,,1.0,,1911.5,5.4,,"January,2005-September,2005","Ministry of Economy and Finance (Peru), National Institute of Statistics and Informatics (INEI) (Peru), ORC Macro.","Perú Encuesta Demográfica y de Salud Familiar - ENDES Continua 2005. Lima, Perú: INEI/Peru and ORC Macro",CDHS,2984.073974609375,Age-Adjusted
PER,PERU,2007-2008,2007,Latin America and the Caribbean,South America,Latin America and the Caribbean,LAC,LAC,AMRO,Upper Middle Income,Latin America & Caribbean,,,,3023,545,Total,Reanalyzed,7817.6,0.2,,0.8,,7911.2,4.3,,"January,2007-November,2008","Instituto Nacional de Estadística e Informática (INEI), Agencia de los Estados Unidos Para el Desarrollo Internacional (USAID) y ORC Macro.","Encuesta demografica y de salud familiar. Informe principal: ENDES continua 2007-2008.  Demographic and Health Surveys. Lima, Peru: INEI, USAID y ORC Macro, 2009",CDHS,2975.202392578125,Age-Adjusted
PER,PERU,2009,2009,Latin America and the Caribbean,South America,Latin America and the Caribbean,LAC,LAC,AMRO,Upper Middle Income,Latin America & Caribbean,,,,3190,546,Total,Reanalyzed,9128.9,0.2,,0.6,,9179.9,4.3,,"March,2009-November,2009","Instituto Nacional de Estadística e Informática (INEI), Agencia de los Estados Unidos Para el Desarrollo Internacional (USAID) y ORC Macro.","Encuesta demografica y de salud familiar - ENDES continua 2009.  Demographic and Health Surveys. Lima, Peru: INEI, USAID y ORC Macro, 2010",CDHS,2953.4375,Age-Adjusted
PER,PERU,2010,2010,Latin America and the Caribbean,South America,Latin America and the Caribbean,LAC,LAC,AMRO,Upper Middle Income,Latin America & Caribbean,,,,3191,547,Total,Reanalyzed,8682.1,0.1,,0.7,,8725.8,4.3,,"March,2010-December,2010","Instituto Nacional de Estadística e Informática (INEI), Agencia de los Estados Unidos Para el Desarrollo Internacional (USAID) y ORC Macro.","Encuesta demografica y de salud familiar - ENDES continua 2010.  Demographic and Health Surveys. Lima, Peru: INEI, USAID y ORC Macro, 2011",CDHS,2924.408935546875,Age-Adjusted
PER,PERU,2009-2011,2010,Latin America and the Caribbean,South America,Latin America and the Caribbean,LAC,LAC,AMRO,Upper Middle Income,Latin America & Caribbean,,,,6271,4309,Total,Reanalyzed,2465357.0,0.3,b,1.2,b,2487158.0,5.4,b,"November,2009-April,2011","Executive Directorate of Food and Nutritional Surveillance (DEVAN) (Peru), Ministry of Health (Peru), National Center for Food and Nutrition, National Institute of Health (Peru), National Institute of Health (Peru), National Institute of Statistics and In",Monitoreo de Indicadores Nutricionales en la Encuesta Nacional de Hogares 2009 y 2011,Other,2924.408935546875,Age-Adjusted
PER,PERU,2011,2011,Latin America and the Caribbean,South America,Latin America and the Caribbean,LAC,LAC,AMRO,Upper Middle Income,Latin America & Caribbean,,,,3192,548,Total,Reanalyzed,8850.5,0.1,,0.4,,8869.0,4.2,,"March,2011-December,2011","Instituto Nacional de Estadística e Informática (INEI), Agencia de los Estados Unidos Para el Desarrollo Internacional (USAID) y ORC Macro.","Encuesta demografica y de salud familiar - ENDES continua 2011. Demographic and Health Surveys. Lima, Peru: INEI, USAID y ORC Macro, 2012",CDHS,2892.654541015625,Age-Adjusted
PER,PERU,2011-2012,2012,Latin America and the Caribbean,South America,Latin America and the Caribbean,LAC,LAC,AMRO,Upper Middle Income,Latin America & Caribbean,,,,6273,4310,Total,Reanalyzed,1999572.6,0.1,b,2.0,b,2012121.8,6.6,b,"November,2011-April,2012","Executive Directorate of Food and Nutritional Surveillance (DEVAN) (Peru), Ministry of Health (Peru), National Center for Food and Nutrition, National Institute of Health (Peru), National Institute of Health (Peru), National Institute of Statistics and In","Monitoreo de Indicadores Nutricionales en la Encuesta Nacional de Hogares, Peru 2011 y 2012",Other,2859.62109375,Age-Adjusted
PER,PERU,2012,2012,Latin America and the Caribbean,South America,Latin America and the Caribbean,LAC,LAC,AMRO,Upper Middle Income,Latin America & Caribbean,,,,3193,549,Total,Reanalyzed,9175.2,0.1,,0.6,,9189.9,3.4,,"March,2012-December,2012","Instituto Nacional de Estadística e Informática (INEI), Agencia de los Estados Unidos Para el Desarrollo Internacional (USAID) y ORC Macro.","Encuesta demografica y de salud familiar - ENDES continua 2012. Demographic and Health Surveys. Lima, Peru: INEI, USAID y ORC Macro, 2013",CDHS,2859.62109375,Age-Adjusted
PER,PERU,2013,2013,Latin America and the Caribbean,South America,Latin America and the Caribbean,LAC,LAC,AMRO,Upper Middle Income,Latin America & Caribbean,,,,3312,550,Total,Reanalyzed,8258.9,0.2,,0.4,,8287.1,3.6,,"March,2013-December,2013",Instituto Nacional de Estadística e Informática (INEI).,"Encuesta demografica y de salud familiar - ENDES continua 2013. Demographic and Health Surveys. Lima, Peru: INEI, 2014.",CDHS,2825.48193359375,Age-Adjusted
PER,PERU,2014,2014,Latin America and the Caribbean,South America,Latin America and the Caribbean,LAC,LAC,AMRO,Upper Middle Income,Latin America & Caribbean,,,,3281,551,Total,Reanalyzed,9116.8,0.1,,0.6,,9136.4,3.2,,"March,2014-December,2014",Instituto Nacional de Estadística e Informática - INE/Perú,"Perú Encuesta Demográfica y de Salud Familiar - ENDES 2014. Lima, Perú: INEI/Perú.",CDHS,2794.0419921875,Age-Adjusted
PER,PERU,2015,2015,Latin America and the Caribbean,South America,Latin America and the Caribbean,LAC,LAC,AMRO,Upper Middle Income,Latin America & Caribbean,,,,3346,880,Total,Reanalyzed,11079.7,0.1,,0.6,,11110.1,3.4,,"March,2015-December,2015",Instituto Nacional de Estadística e Informática,Encuesta Demográfica y de Salud Familiar-ENDES 2015 Nacional y Departamental,DHS-Style,2766.85595703125,Age-Adjusted
PER,PERU,2015-2016,2015,Latin America and the Caribbean,South America,Latin America and the Caribbean,LAC,LAC,AMRO,Upper Middle Income,Latin America & Caribbean,,,,10306,9159,Total,Reanalyzed,663276.2,0.2,b,0.4,b,664955.8,2.9,b,"October,2015-January,2016",Instituto Nacional de Salud,Vigilancia Alimentaria y Nutricional por etapas de vida – VIANEV - 2015,Other,2766.85595703125,Age-Adjusted
PER,PERU,2016,2016,Latin America and the Caribbean,South America,Latin America and the Caribbean,LAC,LAC,AMRO,Upper Middle Income,Latin America & Caribbean,,,,10309,9160,Total,Reanalyzed,948326.8,0.2,b,1.3,b,948326.8,4.3,b,"April,2016-July,2016",Instituto Nacional de Salud,Vigilancia Alimentaria y Nutricional por etapas de vida – VIANEV - 2016,Other,2741.73291015625,Age-Adjusted
PER,PERU,2016,2016,Latin America and the Caribbean,South America,Latin America and the Caribbean,LAC,LAC,AMRO,Upper Middle Income,Latin America & Caribbean,,,,3347,1384,Total,Reanalyzed,10517.2,0.1,,0.6,,10541.3,3.2,,"March,2016-December,2016",Instituto Nacional de Estadística e Informática,Encuesta Demográfica y de Salud Familiar-ENDES 2016 Nacional y Departamental,DHS-Style,2741.73291015625,Age-Adjusted
PER,PERU,2017,2017,Latin America and the Caribbean,South America,Latin America and the Caribbean,LAC,LAC,AMRO,Upper Middle Income,Latin America & Caribbean,,,,3369,1986,Total,Reanalyzed,9262.2,0.1,,0.5,,9284.7,3.2,,"March,2017-December,2017",Instituto Nacional de Estadística e Informática,Encuesta Demográfica y de Salud Familiar-ENDES 2017 Nacional y Departamental,DHS-Style,2719.928466796875,Age-Adjusted
PER,PERU,2018,2018,Latin America and the Caribbean,South America,Latin America and the Caribbean,LAC,LAC,AMRO,Upper Middle Income,Latin America & Caribbean,,,,3422,2593,Total,Reanalyzed,8838.7,0.1,,0.5,,8859.3,2.6,,"February,2018-December,2018",Instituto Nacional de Estadística e Informática,Encuesta Demográfica y de Salud Familiar-ENDES 2018 Nacional y Departamental,DHS-Style,2711.265380859375,Age-Adjusted
PER,PERU,2019,2019,Latin America and the Caribbean,South America,Latin America and the Caribbean,LAC,LAC,AMRO,Upper Middle Income,Latin America & Caribbean,,,,3511,3625,Total,Reanalyzed,8290.6,0.1,,0.4,,8301.1,2.4,,"January,2019-December,2019",Instituto Nacional de Estadística e Informática,Encuesta Demográfica y de Salud Familiar-ENDES 2019 Nacional y Departamental,DHS-Style,2708.574462890625,Age-Adjusted
PER,PERU,2019,2019,Latin America and the Caribbean,South America,Latin America and the Caribbean,LAC,LAC,AMRO,Upper Middle Income,Latin America & Caribbean,,,,10307,9161,Total,Reanalyzed,1505.0,0.3,,1.0,,1511.0,3.3,,"August,2019-October,2019",Instituto Nacional de Salud,Vigilancia Alimentaria y Nutricional por etapas de vida – VIANEV 2019,Other,2708.574462890625,Age-Adjusted
PER,PERU,2020-2021,2020,Latin America and the Caribbean,South America,Latin America and the Caribbean,LAC,LAC,AMRO,Upper Middle Income,Latin America & Caribbean,,,,6277,4589,Total,Reanalyzed,6202.9,0.1,,0.4,,6228.0,2.2,,"January,2020-January,2021",Instituto Nacional de Estadística e Informática,Encuesta Demográfica y de Salud Familiar-ENDES 2020 Nacional y Departamental,DHS-Style,2704.135986328125,Age-Adjusted
PER,PERU,2021,2021,Latin America and the Caribbean,South America,Latin America and the Caribbean,LAC,LAC,AMRO,Upper Middle Income,Latin America & Caribbean,,,,7707,5148,Total,Reanalyzed,7677.5,0.1,,0.4,,7698.8,2.1,,"January,2021-December,2021",Instituto Nacional de Estadística e Informática,Encuesta Demográfica y de Salud Familiar-ENDES 2021 Nacional y Departamental,DHS-Style,2700.840087890625,Age-Adjusted
PER,PERU,2022-2023,2022,Latin America and the Caribbean,South America,Latin America and the Caribbean,LAC,LAC,AMRO,Upper Middle Income,Latin America & Caribbean,,,,3222,9108,Total,Reanalyzed,7306.3,0.1,,0.5,,7325.6,2.4,,"January,2022-March,2023",Instituto Nacional de Estadística e Informática,Encuesta Demográfica y de Salud Familiar-ENDES 2022 Nacional y Departamental,DHS-Style,2697.090087890625,Age-Adjusted
PER,PERU,2023-2024,2023,Latin America and the Caribbean,South America,Latin America and the Caribbean,LAC,LAC,AMRO,Upper Middle Income,Latin America & Caribbean,,,,9863,9175,Total,Reanalyzed,6932.6,0.0,,0.6,,6944.2,2.7,,"January,2023-January,2024",Instituto Nacional de Estadística e Informática,Peru Encuesta Demográfica y de Salud Familiar-ENDES 2023 Nacional y Departamental,DHS-Style,2691.867919921875,Age-Adjusted
PHL,PHILIPPINES,1987,1987,Asia,South-Eastern Asia,Eastern Asia and South-eastern Asia,EAP,EAP,WPRO,Lower Middle Income,East Asia & Pacific,,,,417,552,Total,Adjusted,2250.0,,,5.7,c,2250.0,29.3,c,"March,1987-July,1987",Departement of Science and Technology.,"Third National Nutrition Survey Philippines, 1987. Food and Nutrition Research Institute. Manila, Philippines; 1991",NNS,9375.349609375,Age-Adjusted
PHL,PHILIPPINES,1989-1990,1990,Asia,South-Eastern Asia,Eastern Asia and South-eastern Asia,EAP,EAP,WPRO,Lower Middle Income,East Asia & Pacific,,,,416,553,Total,Adjusted,5629.0,,,6.9,c,5629.0,29.9,c,"January,1989-December,1990",National Economics and Statistics Section.,"Regional Updating of Nutritional Status of Filipino Children, 1989-90. Food and Nutrition Research Institute. Manila, Philippines; 1991",NNS,9930.6884765625,Age-Adjusted
PHL,PHILIPPINES,1992,1992,Asia,South-Eastern Asia,Eastern Asia and South-eastern Asia,EAP,EAP,WPRO,Lower Middle Income,East Asia & Pacific,,,,1346,554,Total,Adjusted,5858.0,,,8.8,c,5858.0,29.8,c,"March,1992-July,1992",Food and Nutrition Research Institute,"The Philippines 1992 regional nutrition survey. Food and Nutrition Research Institute. Manila, Philippines; 1994",NNS,10229.923828125,Age-Adjusted
PHL,PHILIPPINES,1993,1993,Asia,South-Eastern Asia,Eastern Asia and South-eastern Asia,EAP,EAP,WPRO,Lower Middle Income,East Asia & Pacific,,,,1510,555,Total,Adjusted,4229.0,,,9.1,c,4229.0,26.3,c,"February,1993-July,1993",Department of Science and Technology.,"The fourth national nutrition survey: Philippines 1993. Food and Nutrition Institute. Manila, Philippines; 1995",NNS,10334.89453125,Age-Adjusted
PHL,PHILIPPINES,1998,1998,Asia,South-Eastern Asia,Eastern Asia and South-eastern Asia,EAP,EAP,WPRO,Lower Middle Income,East Asia & Pacific,,,,2176,556,Total,Adjusted,24308.0,,,8.0,c,24308.0,28.3,c,"June,1998-December,1998",Food and Nutrition Research Institute.,"The 5th national nutrition survey. Philippine nutrition: Facts & figures. Taguig, Metro Manila, Philipines: UNICEF, 2001",NNS,10844.978515625,Age-Adjusted
PHL,PHILIPPINES,2003,2003,Asia,South-Eastern Asia,Eastern Asia and South-eastern Asia,EAP,EAP,WPRO,Lower Middle Income,East Asia & Pacific,,,,2772,557,Total,Reanalyzed,8778337.0,1.3,r,5.8,r 56,8837339.0,20.8,56,"July,2003-December,2003",Food and Nutrition Research Institute,"Sixth National Nutrition Survey: Philippines, 2003.  Food and Nutrition Research Institute, 2004.",NNS,11335.68359375,Age-Adjusted
PHL,PHILIPPINES,2008-2009,2008,Asia,South-Eastern Asia,Eastern Asia and South-eastern Asia,EAP,EAP,WPRO,Lower Middle Income,East Asia & Pacific,,,,3072,558,Total,Reanalyzed,10267771.0,1.7,r,6.6,r,10414185.0,20.6,,"May,2008-April,2009","Food and Nutrition Research Institute, Department of Science and Technology (FNRI-DOST).","7th national nutrition survey. Manila, Philippines: FNRI-DOST, 2010",NNS,11740.7470703125,Age-Adjusted
PHL,PHILIPPINES,2011,2011,Asia,South-Eastern Asia,Eastern Asia and South-eastern Asia,EAP,EAP,WPRO,Lower Middle Income,East Asia & Pacific,,,,3143,559,Total,Reanalyzed,59156792.0,2.0,r,7.0,r,60519772.0,20.2,,"June,2011-November,2011","Department of Health (Philippines), Department of Interior and Local Government (DILG) (Philippines), Department of Science and Technology (Philippines), Food and Nutrition Research Institute, Department of Science and Technology (Philippines), National S",Philippines Updating of Nutritional Status of Filipino Children and Other Population Groups 2011.,NNS,12218.6337890625,Age-Adjusted
PHL,PHILIPPINES,2013-2014,2013,Asia,South-Eastern Asia,Eastern Asia and South-eastern Asia,EAP,EAP,WPRO,Lower Middle Income,East Asia & Pacific,,,,3277,560,Total,Reanalyzed,10049600.0,2.4,r,7.6,r,10243911.0,19.9,,"June,2013-April,2014","Food and Nutrition Research Institute, Department of Science and Technology (Philippines).",8th National nutrition survey Philippines 2013. Manila: FNRI - DOST,NNS,12354.615234375,Age-Adjusted
PHL,PHILIPPINES,2015,2015,Asia,South-Eastern Asia,Eastern Asia and South-eastern Asia,EAP,EAP,WPRO,Lower Middle Income,East Asia & Pacific,,,,3348,1131,Total,Reanalyzed,10206885.0,1.6,r,6.8,r,10432478.0,21.4,,"July,2015-November,2015",Food and Nutrition Research Institute - Department of Science and Technology (FNRI-DOST).,Philippines 2015 National Nutrition Survey - Updating Survey Results,NNS,12128.0380859375,Age-Adjusted
PHL,PHILIPPINES,2018-2019,2018,Asia,South-Eastern Asia,Eastern Asia and South-eastern Asia,EAP,EAP,WPRO,Lower Middle Income,East Asia & Pacific,,,,3423,3548,Total,Reanalyzed,77688176.0,0.9,r,5.5,r,78796560.0,19.0,,"January,2018-February,2019",Food and Nutrition Research Institute (DOST-FNRI),"Philippine Nutrition Facts and Figures: 2018 Expanded National Nutrition Survey (ENNS). FNRI Bldg., DOST Compound, Gen. Santos Avenue, Bicutan, Taguig City, Metro Manila, Philippines.",NNS,11513.2412109375,Age-Adjusted
PHL,PHILIPPINES,2019-2020,2019,Asia,South-Eastern Asia,Eastern Asia and South-eastern Asia,EAP,EAP,WPRO,Lower Middle Income,East Asia & Pacific,,,,6321,4186,Total,Reanalyzed,74856808.0,0.9,r,5.7,r,75369624.0,18.9,,"February,2019-February,2020","Department of Science and Technology, Food and Nutrition Research Institute",Philippines 2019 Expanded National Nutrition Survey (ENNS),NNS,11410.1025390625,Age-Adjusted
PHL,PHILIPPINES,2021-2022,2021,Asia,South-Eastern Asia,Eastern Asia and South-eastern Asia,EAP,EAP,WPRO,Lower Middle Income,East Asia & Pacific,,,,9784,8937,Total,Reanalyzed,57189796.0,0.8,r,5.4,r,57426904.0,16.7,,"July,2021-June,2022",Food and Nutrition Research Institute,Philippines 2021 Expanded National Nutritional Survey,NNS,10639.1318359375,Age-Adjusted
POL,POLAND,2010-2012,2011,Europe,Eastern Europe,Northern America and Europe,ECA,WE,EURO,High Income,Europe & Central Asia,,,,3512,4323,Total,Reanalyzed,3206.0,0.1,b,1.0,b,3222.0,0.9,b,"November,2010-May,2012",Zulaga et al,"The prevalence of overweight and obesity among polish pre-school-aged children. Developmental Period Medicine,2016:XX,2",Other,2047.1705322265625,Age-Adjusted
POL,POLAND,2019-2020,2019,Europe,Eastern Europe,Northern America and Europe,ECA,WE,EURO,High Income,Europe & Central Asia,,,,11343,9233,Total,Reanalyzed,1998.0,0.1,,0.8,,2050.0,0.7,,"July,2019-February,2020",Narodowy Instytut Zdrowia Publicznego PZH – Państwowy Instytut Badawczy,Krajowe badanie sposobu żywienia i stanu odżywienia populacji polskiej,NNS,1905.074462890625,Age-Adjusted
PRT,PORTUGAL,2015-2016,2016,Europe,Southern Europe,Northern America and Europe,ECA,WE,EURO,High Income,Europe & Central Asia,,,,3513,4437,Total,Reanalyzed,315400.7,0.1,b,1.1,b,319966.5,0.9,b,"October,2015-September,2016","Lopes C, Torres D, Oliveira A, Severo M, Alarcão V, Guiomar S, Mota J, Teixeira P, Rodrigues S, Lobato L, Magalhães V, Correia D, Carvalho C, Pizarro A, Marques A, Vilela S, Oliveira L, Nicola P, Soares S, Ramos E.","Inquérito Alimentar Nacional e de Atividade Física, IAN-AF 2015-2016",Other,431.89801025390625,Age-Adjusted
QAT,QATAR,1995,1995,Asia,Western Asia,Western Asia and Northern Africa,MENA,MENA,EMRO,High Income,Middle East & North Africa,,,,1525,561,Total,Adjusted,1180.0,,,2.1,c,1180.0,4.8,c,"October,1995-November,1995",Amine EK.,"Nutritional assessment in Qatar. Assignment report EM/NUT169/E/R/01.96/27. Alexandria: World Health Organization Regional Office, 1996",Other,49.89699935913086,Age-Adjusted
QAT,QATAR,2021,2021,Asia,Western Asia,Western Asia and Northern Africa,MENA,MENA,EMRO,High Income,Middle East & North Africa,,,,11702,9234,Total,Reanalyzed,53279.0,0.2,b,1.2,b,53451.0,2.0,b,"January,2021-December,2021",Primary Health Care Corporation Qatar,Health Center Data from Primary Health Care Corporation Qatar [2021 Extract],Admin,157.17999267578125,Age-Adjusted
QAT,QATAR,2022,2022,Asia,Western Asia,Western Asia and Northern Africa,MENA,MENA,EMRO,High Income,Middle East & North Africa,,,,11703,9235,Total,Reanalyzed,50097.0,0.2,b,1.3,b,50269.0,2.1,b,"January,2022-December,2022",Primary Health Care Corporation Qatar,Health Center Data from Primary Health Care Corporation Qatar [2022 Extract],Admin,155.42649841308594,Age-Adjusted
QAT,QATAR,2023,2023,Asia,Western Asia,Western Asia and Northern Africa,MENA,MENA,EMRO,High Income,Middle East & North Africa,,,,11704,9236,Total,Reanalyzed,50700.0,0.3,b,1.6,b,50875.0,2.3,b,"January,2023-December,2023",Primary Health Care Corporation Qatar,Health Center Data from Primary Health Care Corporation Qatar [2023 Extract],Admin,154.50999450683594,Age-Adjusted
KOR,REPUBLIC OF KOREA,2003,2003,Asia,Eastern Asia,Eastern Asia and South-eastern Asia,EAP,EAP,WPRO,High Income,East Asia & Pacific,,,,2966,562,Total,External Reanalysis,2040.0,0.2,,0.9,,2040.0,0.9,,,"Schwekendiek D, Pak S.",Recent growth of children in the two Koreas: a meta-analysis. Economics and Human Biology 2009;7:109-12.,Other,2846.642578125,Age-Adjusted
KOR,REPUBLIC OF KOREA,2007-2009,2008,Asia,Eastern Asia,Eastern Asia and South-eastern Asia,EAP,EAP,WPRO,High Income,East Asia & Pacific,,,,9398,6857,Total,Reanalyzed,1776106.9,0.1,b,0.7,b,,,,"January,2007-December,2009",Korea Centers for Disease Control and Prevention (KCDC),South Korea National Health and Nutrition Examination Survey 2007-2009,NHANES,2237.278076171875,Age-Adjusted
KOR,REPUBLIC OF KOREA,2010-2012,2011,Asia,Eastern Asia,Eastern Asia and South-eastern Asia,EAP,EAP,WPRO,High Income,East Asia & Pacific,,,,9397,6856,Total,Reanalyzed,1789258.1,0.1,b,0.5,b,1818019.6,0.8,b,"January,2010-December,2012",Korea Centers for Disease Control and Prevention (KCDC),"South Korea National Health and Nutrition Examination Survey, 2010-2012",NHANES,2278.117431640625,Age-Adjusted
KOR,REPUBLIC OF KOREA,2013-2015,2014,Asia,Eastern Asia,Eastern Asia and South-eastern Asia,EAP,EAP,WPRO,High Income,East Asia & Pacific,,,,9400,6859,Total,Reanalyzed,1792816.9,0.1,b,0.6,b,1826616.6,1.0,b,"January,2013-December,2015",Korea Centers for Disease Control and Prevention (KCDC),South Korea National Health and Nutrition Examination Survey 2013-2015,NHANES,2273.135498046875,Age-Adjusted
KOR,REPUBLIC OF KOREA,2016-2018,2017,Asia,Eastern Asia,Eastern Asia and South-eastern Asia,EAP,EAP,WPRO,High Income,East Asia & Pacific,,,,9399,6858,Total,Reanalyzed,1704905.9,0.1,b,0.9,b,1741584.0,0.9,b,"January,2016-December,2018",Korea Centers for Disease Control and Prevention (KCDC),"South Korea National Health and Nutrition Examination Survey, 2016-2018",NHANES,2104.6904296875,Age-Adjusted
KOR,REPUBLIC OF KOREA,2019-2021,2020,Asia,Eastern Asia,Eastern Asia and South-eastern Asia,EAP,EAP,WPRO,High Income,East Asia & Pacific,,,,9830,8940,Total,Reanalyzed,1414207.1,0.1,b,0.2,b,1457620.6,0.4,b,"January,2019-December,2021",Korea Centers for Disease Control and Prevention (KCDC),South Korea National Health and Nutrition Examination Survey 2019-2021,NHANES,1748.560546875,Age-Adjusted
MDA,REPUBLIC OF MOLDOVA,2005,2005,Europe,Eastern Europe,Northern America and Europe,ECA,EECA,EURO,Upper Middle Income,Europe & Central Asia,,,Landlocked developing countries (LLDCs),2788,564,Total,Reanalyzed,1533.5,2.4,62,5.8,62,1581.2,3.2,62,"June,2005-August,2005",National Scientific and Applied Center for Preventive Medicine (NCPM) [Moldova] and ORC Macro.,"Moldova demographic and health survey 2005. Demographic and Health Surveys. Calverton, Maryland: NCPM of the Ministry of Health and Social Protection and ORC Macro, 2006",DHS,231.1024932861328,Age-Adjusted
MDA,REPUBLIC OF MOLDOVA,2012,2012,Europe,Eastern Europe,Northern America and Europe,ECA,EECA,EURO,Upper Middle Income,Europe & Central Asia,,,Landlocked developing countries (LLDCs),3241,565,Total,Reanalyzed,1698.3,0.5,62,1.9,62,1724.4,2.2,62,"April,2012-June,2012","National Centre of Public Health of the Ministry of Health of the Republic of Moldova, United Nations Children's Fund (UNICEF).","2012 Republic of Moldova multiple indicator cluster survey. Final report (MICS4). Chisinau, Republic of Moldova, 2014.",MICS,216.5070037841797,Age-Adjusted
ROU,ROMANIA,1991,1991,Europe,Eastern Europe,Northern America and Europe,ECA,EECA,EURO,High Income,Europe & Central Asia,,,,558,566,Total,Adjusted,10957.0,,,3.3,c,10957.0,5.0,c,"October,1991-November,1991","Centers for Disease Control and Prevention (CDC), Ministry of Health (Romania), United Nations Children's Fund (UNICEF)",Romania National Nutrition Survey 1991,NNS,1682.4415283203125,Age-Adjusted
ROU,ROMANIA,1999,1999,Europe,Eastern Europe,Northern America and Europe,ECA,EECA,EURO,High Income,Europe & Central Asia,,,,2477,2072,Total,Reanalyzed,21027.0,0.8,40,3.6,40,21103.0,3.4,40,"January,1999-December,1999","""Alfred Rusescu"" Institute for Mother and Child Care","National nutritional surveillance programme, 1993-2002. Bukarest, Romania, 2003 [1999 Extract]",Admin,1151.3404541015625,Age-Adjusted
ROU,ROMANIA,2000,2000,Europe,Eastern Europe,Northern America and Europe,ECA,EECA,EURO,High Income,Europe & Central Asia,,,,3592,2073,Total,Reanalyzed,22147.0,1.1,40,4.3,40,22225.0,3.7,40,"January,2000-December,2000","""Alfred Rusescu"" Institute for Mother and Child Care","National nutritional surveillance programme, 1993-2002. Bukarest, Romania, 2003 [2000 Extract]",Admin,1137.24755859375,Age-Adjusted
ROU,ROMANIA,2001,2001,Europe,Eastern Europe,Northern America and Europe,ECA,EECA,EURO,High Income,Europe & Central Asia,,,,3593,2074,Total,Reanalyzed,22550.0,1.0,40,3.9,40,22667.0,3.8,40,"January,2001-December,2001","""Alfred Rusescu"" Institute for Mother and Child Care","National nutritional surveillance programme, 1993-2002. Bukarest, Romania, 2003 [2001 Extract]",Admin,1124.9844970703125,Age-Adjusted
ROU,ROMANIA,2002,2002,Europe,Eastern Europe,Northern America and Europe,ECA,EECA,EURO,High Income,Europe & Central Asia,,,,3594,2075,Total,Reanalyzed,15456.0,0.7,40,3.5,40,15533.0,3.5,40,"January,2002-December,2002","""Alfred Rusescu"" Institute for Mother and Child Care","National nutritional surveillance programme, 1993-2002. Bukarest, Romania, 2003 [2002 Extract]",Admin,1111.41796875,Age-Adjusted
RUS,RUSSIAN FEDERATION,1995,1995,Europe,Eastern Europe,Northern America and Europe,ECA,EECA,EURO,High Income,Europe & Central Asia,,,,6373,4591,Total,Reanalyzed,642.7,1.4,r,4.4,r,,,,"October,1995-December,1995","National Research University Higher School of Economics, ZAO Demoscope, Carolina Population Center, Univeristy of North Carolina at Chapel Hill, Institute of Sociology, Russian Academy of Sciences",Russia Longitudinal Monitoring Survey (RLMS-HSE) Round VI 1995,Other,7902.8740234375,Age-Adjusted
RUS,RUSSIAN FEDERATION,1996,1996,Europe,Eastern Europe,Northern America and Europe,ECA,EECA,EURO,High Income,Europe & Central Asia,,,,6375,4593,Total,Reanalyzed,602.5,1.2,r,3.2,r,,,,"October,1996-December,1996","National Research University Higher School of Economics, ZAO Demoscope, Carolina Population Center, Univeristy of North Carolina at Chapel Hill, Institute of Sociology, Russian Academy of Sciences",Russia Longitudinal Monitoring Survey (RLMS-HSE) Round VII 1996,Other,7361.875,Age-Adjusted
RUS,RUSSIAN FEDERATION,1998-1999,1998,Europe,Eastern Europe,Northern America and Europe,ECA,EECA,EURO,High Income,Europe & Central Asia,,,,6376,4594,Total,Reanalyzed,461.1,1.3,r,4.2,r,,,,"October,1998-January,1999","National Research University Higher School of Economics, ZAO Demoscope, Carolina Population Center, Univeristy of North Carolina at Chapel Hill, Institute of Sociology, Russian Academy of Sciences.",Russia Longitudinal Monitoring Survey (RLMS-HSE) Round VIII 1998,Other,6705.53955078125,Age-Adjusted
RUS,RUSSIAN FEDERATION,2000,2000,Europe,Eastern Europe,Northern America and Europe,ECA,EECA,EURO,High Income,Europe & Central Asia,,,,6378,4595,Total,Reanalyzed,425.3,1.7,r,4.9,r,,,,"September,2000-December,2000","National Research University Higher School of Economics, ZAO Demoscope, Carolina Population Center, Univeristy of North Carolina at Chapel Hill, Institute of Sociology, Russian Academy of Sciences.",Russia Longitudinal Monitoring Survey (RLMS-HSE) Round IX 2000,Other,6381.10107421875,Age-Adjusted
RUS,RUSSIAN FEDERATION,2001,2001,Europe,Eastern Europe,Northern America and Europe,ECA,EECA,EURO,High Income,Europe & Central Asia,,,,6379,4596,Total,Reanalyzed,462.7,1.7,r,4.2,r,,,,"September,2001-December,2001","National Research University Higher School of Economics, ZAO Demoscope, Carolina Population Center, Univeristy of North Carolina at Chapel Hill, Institute of Sociology, Russian Academy of Sciences.",Russia Longitudinal Monitoring Survey (RLMS-HSE) Round X 2001,Other,6321.8681640625,Age-Adjusted
RUS,RUSSIAN FEDERATION,2002,2002,Europe,Eastern Europe,Northern America and Europe,ECA,EECA,EURO,High Income,Europe & Central Asia,,,,6380,4597,Total,Reanalyzed,480.5,2.3,r,4.4,r,,,,"September,2002-December,2002","National Research University Higher School of Economics, ZAO Demoscope, Carolina Population Center, Univeristy of North Carolina at Chapel Hill, Institute of Sociology, Russian Academy of Sciences.",Russia Longitudinal Monitoring Survey (RLMS-HSE) Round XI 2002,Other,6414.646484375,Age-Adjusted
RUS,RUSSIAN FEDERATION,2003,2003,Europe,Eastern Europe,Northern America and Europe,ECA,EECA,EURO,High Income,Europe & Central Asia,,,,6382,4599,Total,Reanalyzed,508.2,1.2,r,2.9,r,,,,"September,2003-December,2003","National Research University Higher School of Economics, ZAO Demoscope, Carolina Population Center, Univeristy of North Carolina at Chapel Hill, Institute of Sociology, Russian Academy of Sciences.",Russia Longitudinal Monitoring Survey (RLMS-HSE) Round XII 2003,Other,6613.21044921875,Age-Adjusted
RUS,RUSSIAN FEDERATION,2004,2004,Europe,Eastern Europe,Northern America and Europe,ECA,EECA,EURO,High Income,Europe & Central Asia,,,,6383,4598,Total,Reanalyzed,384.9,0.5,r,2.5,r,,,,"September,2004-December,2004","National Research University Higher School of Economics, ZAO Demoscope, Carolina Population Center, Univeristy of North Carolina at Chapel Hill, Institute of Sociology, Russian Academy of Sciences.",Russia Longitudinal Monitoring Survey (RLMS-HSE) Round XIII 2004,Other,6832.8818359375,Age-Adjusted
RUS,RUSSIAN FEDERATION,2005,2005,Europe,Eastern Europe,Northern America and Europe,ECA,EECA,EURO,High Income,Europe & Central Asia,,,,6384,4600,Total,Reanalyzed,342.8,1.3,r,3.3,r,,,,"September,2005-December,2005","National Research University Higher School of Economics, ZAO Demoscope, Carolina Population Center, Univeristy of North Carolina at Chapel Hill, Institute of Sociology, Russian Academy of Sciences.",Russia Longitudinal Monitoring Survey (RLMS-HSE) Round XIV 2005,Other,7034.4970703125,Age-Adjusted
RWA,RWANDA,1992,1992,Africa,Eastern Africa,Sub-Saharan Africa,SSA,ESA,AFRO,Low Income,Sub-Saharan Africa,Least Developed Countries (LDCs),Low-Income Food-Deficit (LIFD),Landlocked developing countries (LLDCs),967,571,Total,Reanalyzed,4495.5,1.8,,5.0,,4498.3,24.2,,"June,1992-October,1992","Barrère B, Schoemaker J, Barrère M, Habiyakare T, Kabagwira A, Ngendakumana M.","Enquête démographique et de santé, Rwanda 1992. Demographic and Health Surveys. Kigali, Rwanda, 1994",DHS,1404.074951171875,Age-Adjusted
RWA,RWANDA,1996,1996,Africa,Eastern Africa,Sub-Saharan Africa,SSA,ESA,AFRO,Low Income,Sub-Saharan Africa,Least Developed Countries (LDCs),Low-Income Food-Deficit (LIFD),Landlocked developing countries (LLDCs),2016,572,Total,Adjusted,1115.0,,,11.0,cd,1115.0,22.6,cd,"October,1996-November,1996",Ministère de la Santé.,"National nutrition survey of women and children in Rwanda in 1996. Kigali, République Rwandaise, 1997",NNS,1178.054443359375,Age-Adjusted
RWA,RWANDA,2000,2000,Africa,Eastern Africa,Sub-Saharan Africa,SSA,ESA,AFRO,Low Income,Sub-Saharan Africa,Least Developed Countries (LDCs),Low-Income Food-Deficit (LIFD),Landlocked developing countries (LLDCs),2321,573,Total,Reanalyzed,6727.0,3.8,,8.7,,6792.8,20.3,,"June,2000-November,2000",Office National de la Population (ONAPO) et ORC Macro.,"Enquête démographique et de santé, Rwanda 2000. Demographic and Health Surveys. Kigali, Rwanda et Calverton, Maryland, USA: Ministère de la Santé, Office National de la Population et ORC Macro, 2001",DHS,1374.0804443359375,Age-Adjusted
RWA,RWANDA,2005,2005,Africa,Eastern Africa,Sub-Saharan Africa,SSA,ESA,AFRO,Low Income,Sub-Saharan Africa,Least Developed Countries (LDCs),Low-Income Food-Deficit (LIFD),Landlocked developing countries (LLDCs),2800,574,Total,Reanalyzed,3941.2,1.7,,4.9,,3999.1,17.9,,"February,2005-July,2005",Institut National de la Statistique du Rwanda (INSR) and ORC Macro.,"Rwanda demographic and health survey 2005. Demographic and Health Surveys. Calverton, Maryland, U.S.A.: INSR and ORC Macro, 2006",DHS,1547.7950439453125,Age-Adjusted
RWA,RWANDA,2009,2009,Africa,Eastern Africa,Sub-Saharan Africa,SSA,ESA,AFRO,Low Income,Sub-Saharan Africa,Least Developed Countries (LDCs),Low-Income Food-Deficit (LIFD),Landlocked developing countries (LLDCs),3424,1746,Total,Adjusted,6139.0,2.2,bd,5.1,bd,6139.0,14.3,bd,"February,2009-March,2009",National Institute of Statistics Rwanda - Government of Rwanda;  World Food Programme - United Nations,Rwanda Comprehensive Food Security and Vulnerability Analysis 2009,CFSVA,1650.9305419921875,Age-Adjusted
RWA,RWANDA,2010-2011,2010,Africa,Eastern Africa,Sub-Saharan Africa,SSA,ESA,AFRO,Low Income,Sub-Saharan Africa,Least Developed Countries (LDCs),Low-Income Food-Deficit (LIFD),Landlocked developing countries (LLDCs),3121,575,Total,Reanalyzed,4395.7,0.9,,2.9,,4407.7,11.7,,"September,2010-March,2011","National Institute of Statistics of Rwanda (NISR) [Rwanda], Ministry of Health (MOH) [Rwanda], and ICF International.","Rwanda demographic and health survey 2010. Demographic and Health Surveys. Calverton, Maryland, USA: NISR, MOH, and ICF International, 2012",DHS,1661.8580322265625,Age-Adjusted
RWA,RWANDA,2012,2012,Africa,Eastern Africa,Sub-Saharan Africa,SSA,ESA,AFRO,Low Income,Sub-Saharan Africa,Least Developed Countries (LDCs),Low-Income Food-Deficit (LIFD),Landlocked developing countries (LLDCs),3425,1748,Total,Reanalyzed,4431.9,0.9,b,3.1,b,4457.1,10.9,b,"March,2012-April,2012","Rwandan National Institute of Statistics (NISR), Government of Rwanda; Ministry of Agriculture and Animal Resources (MINAGRI), Government of Rwanda; World Food Programme, United Nations",Rwanda 2012 Comprehensive Food Security and Vulnerability Analysis,CFSVA,1662.6624755859375,Age-Adjusted
RWA,RWANDA,2014-2015,2015,Africa,Eastern Africa,Sub-Saharan Africa,SSA,ESA,AFRO,Low Income,Sub-Saharan Africa,Least Developed Countries (LDCs),Low-Income Food-Deficit (LIFD),Landlocked developing countries (LLDCs),3313,576,Total,Reanalyzed,3845.3,0.7,,2.3,,3881.2,9.6,,"October,2014-April,2015",National Institute of Statistics of Rwanda,"Rwanda Demographic and Health Survey 2014-15. Kigali, Rwanda: National Institute of Statistics of Rwanda, Ministry of Finance and Economic Planning/Rwanda, Ministry of Health/Rwanda, and ICF International",DHS,1702.8475341796875,Age-Adjusted
RWA,RWANDA,2015,2015,Africa,Eastern Africa,Sub-Saharan Africa,SSA,ESA,AFRO,Low Income,Sub-Saharan Africa,Least Developed Countries (LDCs),Low-Income Food-Deficit (LIFD),Landlocked developing countries (LLDCs),3357,1119,Total,Reanalyzed,4014.7,0.5,b,2.1,b,4050.6,8.7,b,"April,2015-May,2015",MINAGI; NISR; WFP,Rwanda 2015 Comprehensive Food Security and Vulnerabilty Analysis,CFSVA,1702.8475341796875,Age-Adjusted
RWA,RWANDA,2018,2018,Africa,Eastern Africa,Sub-Saharan Africa,SSA,ESA,AFRO,Low Income,Sub-Saharan Africa,Least Developed Countries (LDCs),Low-Income Food-Deficit (LIFD),Landlocked developing countries (LLDCs),3514,4251,Total,Reanalyzed,1546624.9,0.4,b,2.1,b,1546624.9,12.3,b,"March,2018-April,2018","National Institute of Statistics of Rwanda, Ministry of Finance and Economic Planning","Comprehensive Food Security and Vulnerability Analysis, Rwanda 2018",CFSVA,1789.2845458984375,Age-Adjusted
RWA,RWANDA,2019-2020,2020,Africa,Eastern Africa,Sub-Saharan Africa,SSA,ESA,AFRO,Low Income,Sub-Saharan Africa,Least Developed Countries (LDCs),Low-Income Food-Deficit (LIFD),Landlocked developing countries (LLDCs),3515,4427,Total,Reanalyzed,4158.2,0.2,,1.1,,4159.8,7.7,,"November,2019-July,2020","National Institute of Statistics of Rwanda (NISR) [Rwanda], Ministry of Health (MOH) [Rwanda], and ICF","Rwanda Demographic and Health Survey 2019-20 Final Report. Kigali, Rwanda, and Rockville, Maryland, USA: NISR and ICF.",DHS,1831.9954833984375,Age-Adjusted
LCA,SAINT LUCIA,2012,2012,Latin America and the Caribbean,Caribbean,Latin America and the Caribbean,LAC,LAC,AMRO,Upper Middle Income,Latin America & Caribbean,,,Small island developing States (SIDS),3209,577,Total,Reanalyzed,278.0,0.7,,3.7,,282.6,2.8,,"April,2012-June,2012","Ministry of Social Transformation, Local Government and Community Empowerment and the Central Statistics Office (CSO).","Saint Lucia multiple indicator cluster survey 2012: Final report. MICS. Castries, Saint Lucia, 2014.",MICS,11.702500343322754,Age-Adjusted
WSM,SAMOA,1999,1999,Oceania,Polynesia,Oceania excluding Australia and New Zealand,EAP,EAP,WPRO,Lower Middle Income,East Asia & Pacific,,,Small island developing States (SIDS),2514,578,Total,Adjusted,1107.0,,,1.3,c,1107.0,1.7,c,"March,1999-August,1999",Ministry of Health (Samoa),"Samoa national nutrition survey 1999. Technical report. Apia, Samoa: Nutrition Centre, 2003",NNS,27.14900016784668,Age-Adjusted
WSM,SAMOA,2014,2014,Oceania,Polynesia,Oceania excluding Australia and New Zealand,EAP,EAP,WPRO,Lower Middle Income,East Asia & Pacific,,,Small island developing States (SIDS),3349,819,Total,Reanalyzed,3047.9,1.3,,3.9,,2960.7,3.2,,"July,2014-August,2014","Census-Surveys and Demography Division - Apia, Samoa: Samoa Bureau of Statistics, Government of Samoa",Samoa Demographic and Health Survey 2014,DHS-Style,28.97599983215332,Age-Adjusted
WSM,SAMOA,2019-2020,2019,Oceania,Polynesia,Oceania excluding Australia and New Zealand,EAP,EAP,WPRO,Lower Middle Income,East Asia & Pacific,,,Small island developing States (SIDS),3545,3201,Total,Reanalyzed,2524.4,1.2,,3.1,,2624.9,3.4,,"October,2019-January,2020","Census-Surveys and Demography Division - Apia, Samoa: Samoa Bureau of Statistics, Government of Samoa",Samoa Demographic and Health Survey - Multiple Indicator Cluster Survey,MICS,29.30150032043457,Age-Adjusted
STP,SAO TOME AND PRINCIPE,1986,1986,Africa,Middle Africa,Sub-Saharan Africa,SSA,WCA,AFRO,Lower Middle Income,Sub-Saharan Africa,,Low-Income Food-Deficit (LIFD),Small island developing States (SIDS),132,579,Total,Adjusted,2155.0,,,6.0,c,2155.0,14.5,c,"August,1986-August,1986",Ministerio de Saude.,"Estado nutricional e cobertura vacinal des criancas menoras de 5 anos na. Seccao de Nutricao. Sao Tome, Republica Democratica de Sao Tome e Principe, 1986",Other,19.155000686645508,Age-Adjusted
STP,SAO TOME AND PRINCIPE,2014,2014,Africa,Middle Africa,Sub-Saharan Africa,SSA,WCA,AFRO,Lower Middle Income,Sub-Saharan Africa,,Low-Income Food-Deficit (LIFD),Small island developing States (SIDS),3285,583,Total,Reanalyzed,1934.9,0.8,,4.0,,1939.2,8.8,,"April,2014-June,2014",National Institute of Statistics.,"Sao Tome and Principe Multiple Indicator Cluster Survey 2014, Final Report. São Tomé, Sao Tome and Principe, 2016.",MICS,30.236000061035156,Age-Adjusted
STP,SAO TOME AND PRINCIPE,2019,2019,Africa,Middle Africa,Sub-Saharan Africa,SSA,WCA,AFRO,Lower Middle Income,Sub-Saharan Africa,,Low-Income Food-Deficit (LIFD),Small island developing States (SIDS),3516,2629,Total,Reanalyzed,1810.2,1.4,,4.1,,1818.7,5.4,,"August,2019-October,2019",INE e UNICEF,"Inquérito de Indicadores Múltiplos 2019, Relatório final. São Tomé, São Tomé e Príncipe: Instituto Nacional de Estatística e Fundo das Nações Unidas para a Infância",MICS,29.73150062561035,Age-Adjusted
SAU,SAUDI ARABIA,1994,1994,Asia,Western Asia,Western Asia and Northern Africa,MENA,MENA,EMRO,High Income,Middle East & North Africa,,,,2613,584,Total,Adjusted,23821.0,,,2.9,c,23821.0,13.5,c,,"Al-Amoud M., Al-Mazrou Y., Khoja T., Al-Turki K. and Tantawi N.",National Study of Growth Monitoring for 0-5 years Saudi Children 1994,Other,2017.0570068359375,Age-Adjusted
SAU,SAUDI ARABIA,2004-2005,2004,Asia,Western Asia,Western Asia and Northern Africa,MENA,MENA,EMRO,High Income,Middle East & North Africa,,,,2809,585,Total,External Reanalysis,15601.0,4.5,,11.8,,15601.0,5.3,,"January,2004-December,2005","El-Mouzan MI, Al-Herbish AS, Al-Salloum AA, Qurachi MM, Al-Omar AA.",Growth charts for Saudi children and adolescents. Saudi Medical Journal 2007;28:1555-68,Other,2212.888916015625,Age-Adjusted
SAU,SAUDI ARABIA,2015,2015,Asia,Western Asia,Western Asia and Northern Africa,MENA,MENA,EMRO,High Income,Middle East & North Africa,,,,9760,8927,Total,Reported,,1.2,b,4.3,b,,5.7,b,"January,2015-December,2015",Saudi Arabia Ministry of Health,Saudi Arabia Ministry of Health Primary Healthcare Centers sited nutritional Surveillance Program [2015 Extract],Admin,2798.404541015625,Age-Adjusted
SAU,SAUDI ARABIA,2016,2016,Asia,Western Asia,Western Asia and Northern Africa,MENA,MENA,EMRO,High Income,Middle East & North Africa,,,,9761,8928,Total,Reported,,0.8,b,3.4,b,,4.6,b,"January,2016-December,2016",Saudi Arabia Ministry of Health,Saudi Arabia Ministry of Health Primary Healthcare Centers sited nutritional Surveillance Program [2016 Extract],Admin,2834.049560546875,Age-Adjusted
SAU,SAUDI ARABIA,2017,2017,Asia,Western Asia,Western Asia and Northern Africa,MENA,MENA,EMRO,High Income,Middle East & North Africa,,,,6493,4557,Total,Reanalyzed,6784.0,1.7,b,4.6,b,6867.0,6.2,b,"January,2017-December,2017","Ministry of Health, Saudi Arabia",Saudi Arabia Ministry of Health Primary Healthcare Centers sited nutritional Surveillance Program [2017 Extract],Admin,2853.507080078125,Age-Adjusted
SAU,SAUDI ARABIA,2018,2018,Asia,Western Asia,Western Asia and Northern Africa,MENA,MENA,EMRO,High Income,Middle East & North Africa,,,,6497,4558,Total,Reanalyzed,5954.0,1.0,b,3.9,b,6012.0,3.3,b,"January,2018-December,2018","Ministry of Health, Saudi Arabia",Saudi Arabia Ministry of Health Primary Healthcare Centers sited nutritional Surveillance Program [2018 Extract],Admin,2843.868896484375,Age-Adjusted
SAU,SAUDI ARABIA,2019,2019,Asia,Western Asia,Western Asia and Northern Africa,MENA,MENA,EMRO,High Income,Middle East & North Africa,,,,9764,8931,Total,Reanalyzed,5181.0,0.9,b,4.5,b,5257.0,4.0,b,"January,2019-December,2019",Saudi Arabia Ministry of Health,Saudi Arabia Ministry of Health Primary Healthcare Centers sited nutritional Surveillance Program [2019 Extract],Admin,2812.3974609375,Age-Adjusted
SAU,SAUDI ARABIA,2020,2020,Asia,Western Asia,Western Asia and Northern Africa,MENA,MENA,EMRO,High Income,Middle East & North Africa,,,,9765,8932,Total,Reanalyzed,2645.0,1.2,b,3.9,b,2662.0,3.5,b,"January,2020-December,2020",Saudi Arabia Ministry of Health,Saudi Arabia Ministry of Health Primary Healthcare Centers sited nutritional Surveillance Program [2020 Extract],Admin,2757.85693359375,Age-Adjusted
SEN,SENEGAL,1986,1986,Africa,Western Africa,Sub-Saharan Africa,SSA,WCA,AFRO,Lower Middle Income,Sub-Saharan Africa,Least Developed Countries (LDCs),Low-Income Food-Deficit (LIFD),,44,586,Total,Reanalyzed,637.0,1.3,rw 31,5.5,rw 31,627.0,16.9,w 31,"April,1986-July,1986","Ndiaye S, Sarr I, Ayad M.","Enquête démographique et de santé au Sénégal, 1986. Demographic and Health Surveys. Dakar, Republique du Sénégal, 1987",DHS,1293.0064697265625,Age-Adjusted
SEN,SENEGAL,1991-1992,1991,Africa,Western Africa,Sub-Saharan Africa,SSA,WCA,AFRO,Lower Middle Income,Sub-Saharan Africa,Least Developed Countries (LDCs),Low-Income Food-Deficit (LIFD),,551,587,Total,Adjusted,,,,9.0,bc,,20.4,bc,"September,1991-January,1992","Agence Nationale de la Statistique et de la Démographie Ex., Direction de la Prévision et de la Statistique","Social Dimensions of Adjustment Household Priority Survey 1991-92. New York: The World Bank, 1993",Priority Survey,1402.5689697265625,Age-Adjusted
SEN,SENEGAL,1992-1993,1993,Africa,Western Africa,Sub-Saharan Africa,SSA,WCA,AFRO,Lower Middle Income,Sub-Saharan Africa,Least Developed Countries (LDCs),Low-Income Food-Deficit (LIFD),,998,588,Total,Reanalyzed,4543.0,3.0,,9.4,,4047.0,19.0,,"November,1992-August,1993","Ndiaye S, Papa Demba Diouf, Ayad M.","Enquête démographique et de santé au Sénégal (EDS-II) 1992/93. Demographic and Health Surveys. Dakar, Sénégal, 1994",DHS,1450.685546875,Age-Adjusted
SEN,SENEGAL,1996,1996,Africa,Western Africa,Sub-Saharan Africa,SSA,WCA,AFRO,Lower Middle Income,Sub-Saharan Africa,Least Developed Countries (LDCs),Low-Income Food-Deficit (LIFD),,1782,589,Total,Reanalyzed,8619.0,2.2,r,8.0,r,8628.0,18.5,p,"March,1996-May,1996","Government of Senegal, United Nations Children's Fund (UNICEF)","Evaluation des objectives intermédiares (MICS). Dakar: UNICEF, September 1996",MICS,1525.3804931640625,Age-Adjusted
SEN,SENEGAL,2000,2000,Africa,Western Africa,Sub-Saharan Africa,SSA,WCA,AFRO,Lower Middle Income,Sub-Saharan Africa,Least Developed Countries (LDCs),Low-Income Food-Deficit (LIFD),,2368,590,Total,Reanalyzed,1236181.5,2.9,,10.0,,1098683.0,17.8,,"May,2000-July,2000",Gouvernement du Sénégal and UNICEF.,"Rapport de l'enquête sur les objectives de la fin de decennie sur l'enfance (MICS-II-2000). Dakar, Senegal, Novembre 2000",MICS,1658.595458984375,Age-Adjusted
SEN,SENEGAL,2005,2005,Africa,Western Africa,Sub-Saharan Africa,SSA,WCA,AFRO,Lower Middle Income,Sub-Saharan Africa,Least Developed Countries (LDCs),Low-Income Food-Deficit (LIFD),,2765,591,Total,Reanalyzed,3028.5,2.3,,8.7,,3010.1,14.5,,"February,2005-May,2005","Salif N, Ayad M.","Enquête démographique et de santé au Sénégal 2005. Demographic and Health Surveys. Calverton, Maryland, USA : Centre de Recherche pour le Développement Humain [Sénégal] et ORC Macro, 2006",DHS,1860.45751953125,Age-Adjusted
SEN,SENEGAL,2010-2011,2011,Africa,Western Africa,Sub-Saharan Africa,SSA,WCA,AFRO,Lower Middle Income,Sub-Saharan Africa,Least Developed Countries (LDCs),Low-Income Food-Deficit (LIFD),,3118,592,Total,Reanalyzed,4245.9,2.3,,9.8,,3925.2,18.4,,"October,2010-May,2011","Agence Nationale de la Statistique et de la Démographie (ANSD) [Sénégal], et ICF International.","Enquête démographique et de santé à indicateurs multiples au Sénégal (EDS-MICS) 2010-2011. Demographic and Health Surveys and MICS. Calverton, Maryland, USA: ANSD et ICF International, 2012",MICS-DHS,2130.1015625,Age-Adjusted
SEN,SENEGAL,2012,2012,Africa,Western Africa,Sub-Saharan Africa,SSA,WCA,AFRO,Lower Middle Income,Sub-Saharan Africa,Least Developed Countries (LDCs),Low-Income Food-Deficit (LIFD),,3141,593,Total,Reanalyzed,27541.6,1.2,rs,8.7,rs,27514.4,14.4,s,"May,2012-June,2012",Cellule de Lutte contre la Malnutrition (CLM).,"Enqeute SMART Nationale SMART 2012. Dakar, Senegal: CLM, 2013",SMART,2192.9599609375,Age-Adjusted
SEN,SENEGAL,2012-2013,2013,Africa,Western Africa,Sub-Saharan Africa,SSA,WCA,AFRO,Lower Middle Income,Sub-Saharan Africa,Least Developed Countries (LDCs),Low-Income Food-Deficit (LIFD),,3205,594,Total,Reanalyzed,6006.0,1.9,,9.0,,5961.4,16.7,,"September,2012-June,2013","Agence Nationale de la Statistique et de la Démographie (ANSD) [Sénégal], et ICF International.","Enquête démographique et de santé continue (EDS-Continue 2012-2013). Demographic and Health Surveys. Calverton, Maryland, USA: ANSD et ICF International., 2013",CDHS,2255.1083984375,Age-Adjusted
SEN,SENEGAL,2013,2013,Africa,Western Africa,Sub-Saharan Africa,SSA,WCA,AFRO,Lower Middle Income,Sub-Saharan Africa,Least Developed Countries (LDCs),Low-Income Food-Deficit (LIFD),,6516,1862,Total,Reanalyzed,10873.7,1.4,rs,9.0,rs,10848.3,14.8,s,"June,2013-June,2013",Secrétariat exécutif du Conseil national à la Sécurité alimentaire (SECNSA) - Primature,"Sénégal Enquête nationale sur la sécurité alimentaire et nutritionnelle (2013), SMART",SMART,2255.1083984375,Age-Adjusted
SEN,SENEGAL,2014,2014,Africa,Western Africa,Sub-Saharan Africa,SSA,WCA,AFRO,Lower Middle Income,Sub-Saharan Africa,Least Developed Countries (LDCs),Low-Income Food-Deficit (LIFD),,3265,595,Total,Reanalyzed,6039.7,0.7,,5.9,,5977.8,12.8,,"January,2014-October,2014","Agence Nationale de la Statistique et de la Démographie (ANSD) [Sénégal], et ICF International.","Sénégal : Enquête Démographique et de Santé Continue (EDS-Continue 2014). Rockville, Maryland, USA : ANSD et ICF International, 2015.",CDHS,2305.672607421875,Age-Adjusted
SEN,SENEGAL,2014,2014,Africa,Western Africa,Sub-Saharan Africa,SSA,WCA,AFRO,Lower Middle Income,Sub-Saharan Africa,Least Developed Countries (LDCs),Low-Income Food-Deficit (LIFD),,6517,1863,Total,Reanalyzed,8542.0,1.3,s,8.0,s,8526.4,12.8,s,"June,2014-July,2014",Cellule de Lutte contre la Malnutrition (CLM) - Primature,"Analyse de la situation nutritionnelle du Sénégal, Rapport Final 2014",SMART,2305.672607421875,Age-Adjusted
SEN,SENEGAL,2015,2015,Africa,Western Africa,Sub-Saharan Africa,SSA,WCA,AFRO,Lower Middle Income,Sub-Saharan Africa,Least Developed Countries (LDCs),Low-Income Food-Deficit (LIFD),,3315,823,Total,Reanalyzed,6103.0,1.5,,7.8,,6096.6,16.1,,"February,2015-November,2015",Agence Nationale de la Statistique et de la Démographie (ANSD); ICF,Sénégal : Enquête Démographique et de Santé Continue (EDS-Continue 2015).  Octobre 2016,CDHS,2342.48193359375,Age-Adjusted
SEN,SENEGAL,2015,2015,Africa,Western Africa,Sub-Saharan Africa,SSA,WCA,AFRO,Lower Middle Income,Sub-Saharan Africa,Least Developed Countries (LDCs),Low-Income Food-Deficit (LIFD),,6520,1864,Total,Reanalyzed,7310.4,1.2,s,8.9,s,7316.9,14.0,s,"September,2015-December,2015",Direction de la santé de la reproduction et de la survie de l’enfant (DSRSE) - Ministère de la santé et de l'action sociale (MSAS),"Enquête nutritionnelle Nationale utilisant la methodologie SMART, Senegal 2015",SMART,2342.48193359375,Age-Adjusted
SEN,SENEGAL,2016,2016,Africa,Western Africa,Sub-Saharan Africa,SSA,WCA,AFRO,Lower Middle Income,Sub-Saharan Africa,Least Developed Countries (LDCs),Low-Income Food-Deficit (LIFD),,3350,1547,Total,Reanalyzed,5813.7,1.2,,7.1,,5749.6,13.8,,"January,2016-October,2016","Agence Nationale de la Statistique et de la Démographie (ANSD), Dakar, Senegal, and The DHS Program, ICF, Rockville, Maryland, USA","Senegal : Enquête Démographique et de Santé Continue (EDS-Continue 2016). Rockville, Maryland, USA : ANSD et ICF",CDHS,2366.2548828125,Age-Adjusted
SEN,SENEGAL,2017,2017,Africa,Western Africa,Sub-Saharan Africa,SSA,WCA,AFRO,Lower Middle Income,Sub-Saharan Africa,Least Developed Countries (LDCs),Low-Income Food-Deficit (LIFD),,3370,2240,Total,Reanalyzed,10979.9,1.5,,9.0,,10910.6,14.4,,"April,2017-December,2017","Agence Nationale de la Statistique et de la Démographie (ANSD), Dakar, Senegal, and The DHS Program, ICF, Rockville, Maryland, USA","Enquête Continue du Sénégal, Cinquième Phase 2017 : Rapport de synthèse. Rockville, Maryland, USA : ANSD et ICF",CDHS,2379.77294921875,Age-Adjusted
SEN,SENEGAL,2018,2018,Africa,Western Africa,Sub-Saharan Africa,SSA,WCA,AFRO,Lower Middle Income,Sub-Saharan Africa,Least Developed Countries (LDCs),Low-Income Food-Deficit (LIFD),,3517,3748,Total,Reanalyzed,6107.8,1.2,,7.8,,6097.0,15.1,,"April,2018-December,2018","Agence Nationale de la Statistique et de la Démographie (ANSD) [Sénégal], et ICF","Sénégal : Enquête Démographique et de Santé Continue (EDS-Continue 2018). Rockville, Maryland, USA : ANSD et ICF.",CDHS,2388.452392578125,Age-Adjusted
SEN,SENEGAL,2019,2019,Africa,Western Africa,Sub-Saharan Africa,SSA,WCA,AFRO,Lower Middle Income,Sub-Saharan Africa,Least Developed Countries (LDCs),Low-Income Food-Deficit (LIFD),,3426,3168,Total,Reanalyzed,9156.5,2.2,rs,8.1,rs,9358.1,13.3,s,"January,2019-February,2019",Secrétariat Exécutif du Conseil national de Sécurité alimentaire (SECNSA) - PRIMATURE - Gouvernement du SENEGAL; Ministere de la Sante et Action Sociale; Cellule de Lutte contre la Malnutrition,"Enquete Nationale de Securite Alimentaire, Nutrition et Resilience, Senegal 2019",SMART,2396.15087890625,Age-Adjusted
SEN,SENEGAL,2019,2019,Africa,Western Africa,Sub-Saharan Africa,SSA,WCA,AFRO,Lower Middle Income,Sub-Saharan Africa,Least Developed Countries (LDCs),Low-Income Food-Deficit (LIFD),,3518,4404,Total,Reanalyzed,5475.7,1.2,,8.1,,5478.3,14.4,,"April,2019-December,2019","Agence Nationale de la Statistique et de la Démographie (ANSD) [Sénégal], et ICF","Sénégal : Enquête Démographique et de Santé Continue (EDS-Continue 2019). Rockville, Maryland, USA : ANSD et ICF",CDHS,2396.15087890625,Age-Adjusted
SEN,SENEGAL,2023,2023,Africa,Western Africa,Sub-Saharan Africa,SSA,WCA,AFRO,Lower Middle Income,Sub-Saharan Africa,Least Developed Countries (LDCs),Low-Income Food-Deficit (LIFD),,10425,9184,Total,Reanalyzed,4695.3,1.1,,10.2,,4635.5,16.2,,"February,2023-August,2023","Agence nationale de la statistique et de la démographie (ANSD) [Sénégal], et ICF","Enquête Démographique et de Santé Continue (Enquête Continue 2023) et Rockville, Maryland, USA : ANSD et ICF",CDHS,2451.638427734375,Age-Adjusted
SRB,SERBIA,2005-2006,2005,Europe,Southern Europe,Northern America and Europe,ECA,EECA,EURO,Upper Middle Income,Europe & Central Asia,,,,2851,596,Total,Reanalyzed,3371.8,1.8,,4.5,,3525.0,1.8,,"October,2005-January,2006",Statistical Office of the Republic of Serbia and Strategic Marketing Research Agency.,"Republic of Serbia multiple indicator cluster survey 2005, final report. Belgrade, Republic of Serbia: Statistical Office of the Republic of Serbia and Strategic Marketing Research Agency, 2006",MICS,356.427490234375,Age-Adjusted
SRB,SERBIA,2010,2010,Europe,Southern Europe,Northern America and Europe,ECA,EECA,EURO,Upper Middle Income,Europe & Central Asia,,,,3155,597,Total,Reanalyzed,2699.0,0.8,,3.5,,3004.3,1.6,,"October,2010-December,2010",Statistical Office of the Republic of Serbia.,"Serbia multiple indicator cluster survey 2010 (MICS). Belgrade, Republic of Serbia: Statistical Office of the Republic of Serbia, 2011",MICS,344.2760009765625,Age-Adjusted
SRB,SERBIA,2014,2014,Europe,Southern Europe,Northern America and Europe,ECA,EECA,EURO,Upper Middle Income,Europe & Central Asia,,,,3230,598,Total,Reanalyzed,2270.0,1.1,,3.9,,2353.1,1.8,,"February,2014-April,2014",Statistical Office of the Republic of Serbia and UNICEF.,"2014 Serbia multiple indicator cluster survey and 2014 Serbia Roma Settlements multiple indicator cluster survey (MICS). Final Report. Belgrade, Serbia: Statistical Office of the Republic of Serbia and UNICEF, 2014.",MICS,336.447998046875,Age-Adjusted
SRB,SERBIA,2019,2019,Europe,Southern Europe,Northern America and Europe,ECA,EECA,EURO,Upper Middle Income,Europe & Central Asia,,,,3519,2497,Total,Reanalyzed,1162.4,0.5,54,2.6,54,1250.7,1.0,54,"September,2019-December,2019",Statistical Office of the Republic of Serbia and UNICEF,"Serbia Multiple Indicator Cluster Survey 2019, Survey Findings Reports. Belgrade, Serbia: Statistical Office of the Republic of Serbia and UNICEF",MICS,325.031005859375,Age-Adjusted
SYC,SEYCHELLES,1987-1988,1988,Africa,Eastern Africa,Sub-Saharan Africa,SSA,ESA,AFRO,High Income,Sub-Saharan Africa,,,Small island developing States (SIDS),139,599,Total,Adjusted,836.0,,,2.7,c,836.0,5.0,c,"January,1987-December,1988",Ministry of Health.,"Nutritional status of Seychellois children (unpublished data). Victoria, Seychelles, 1989",Other,8.225500106811523,Age-Adjusted
SYC,SEYCHELLES,2012,2012,Africa,Eastern Africa,Sub-Saharan Africa,SSA,ESA,AFRO,High Income,Sub-Saharan Africa,,,Small island developing States (SIDS),3223,600,Total,Reanalyzed,5008.0,1.2,r 38,4.3,r 38,5263.0,3.8,38,"January,2012-December,2012",Louis-Marie V.,"The nutritional status and associated risk factors of 0-5 year old children in Seychelles. 7706 Med Health Project (thesis). Queensland, Australia: Griffith University, 2014.",Other,7.666999816894531,Age-Adjusted
SLE,SIERRA LEONE,1989,1989,Africa,Western Africa,Sub-Saharan Africa,SSA,WCA,AFRO,Low Income,Sub-Saharan Africa,Least Developed Countries (LDCs),Low-Income Food-Deficit (LIFD),,583,2076,Total,Adjusted,4424.0,,,8.4,c 48,4424.0,23.7,c 48,"October,1989-October,1989",Ministry of Health,"The Republic of Sierra Leone 1989 National Nutrition Survey. Freetown, Sierra Leone; 1990",NNS,697.95751953125,Age-Adjusted
SLE,SIERRA LEONE,1990,1990,Africa,Western Africa,Sub-Saharan Africa,SSA,WCA,AFRO,Low Income,Sub-Saharan Africa,Least Developed Countries (LDCs),Low-Income Food-Deficit (LIFD),,3595,2077,Total,Adjusted,4595.0,,,10.2,c 34,4595.0,25.4,c 34,"May,1990-May,1990",Ministry of Health,"The Republic of Sierra Leone 1990 National Nutrition Survey. Freetown, Sierra Leone; 1990",NNS,726.1890258789062,Age-Adjusted
SLE,SIERRA LEONE,2000,2000,Africa,Western Africa,Sub-Saharan Africa,SSA,WCA,AFRO,Low Income,Sub-Saharan Africa,Least Developed Countries (LDCs),Low-Income Food-Deficit (LIFD),,2367,603,Total,Reanalyzed,2269.0,3.9,,11.6,,1976.7,23.4,,"March,2000-May,2000","Government of Sierra Leone and UNICEF, UNFPA, UNHCR, Action AID, CCF, CHASL.","The status of women and children in Sierra Leone. A household survey report (MICS-2). Central Statistics Office, Ministry of Development and Economic Planning, November 2000",MICS,776.7935180664062,Age-Adjusted
SLE,SIERRA LEONE,2005,2005,Africa,Western Africa,Sub-Saharan Africa,SSA,WCA,AFRO,Low Income,Sub-Saharan Africa,Least Developed Countries (LDCs),Low-Income Food-Deficit (LIFD),,2867,604,Total,Reanalyzed,4896.0,4.2,,10.2,,4428.5,27.2,,"October,2005-November,2005",Statistics Sierra Leone and UNICEF-Sierra Leone.,"Sierra Leone multiple indicator cluster survey 2005: Final Report. Freetown, Sierra Leone: Statistics Sierra Leone and UNICEF-Sierra Leone, 2007",MICS,945.50048828125,Age-Adjusted
SLE,SIERRA LEONE,2010,2010,Africa,Western Africa,Sub-Saharan Africa,SSA,WCA,AFRO,Low Income,Sub-Saharan Africa,Least Developed Countries (LDCs),Low-Income Food-Deficit (LIFD),,3520,1101,Total,Reanalyzed,13275.0,1.6,s,7.5,s,13285.3,18.5,s,"June,2010-August,2010",UNICEF,Report on The National Situation of Sierra Leone: Nutrition Survey using SMART Methods,SMART,1021.488525390625,Age-Adjusted
SLE,SIERRA LEONE,2014,2014,Africa,Western Africa,Sub-Saharan Africa,SSA,WCA,AFRO,Low Income,Sub-Saharan Africa,Least Developed Countries (LDCs),Low-Income Food-Deficit (LIFD),,3521,1102,Total,Reanalyzed,10967.0,1.0,rs,4.6,rs,10801.0,13.0,s,"June,2014-August,2014",Ministry of Health and Sanitation Sierra Leone and UNICEF Sierra Leone,"Sierra Leone National Nutrition Survey 2014, Freetown, Sierra Leone.",SMART,1077.469970703125,Age-Adjusted
SLE,SIERRA LEONE,2017,2017,Africa,Western Africa,Sub-Saharan Africa,SSA,WCA,AFRO,Low Income,Sub-Saharan Africa,Least Developed Countries (LDCs),Low-Income Food-Deficit (LIFD),,3427,2136,Total,Reanalyzed,11424.1,2.3,s,6.8,s,11637.4,15.6,s,"May,2017-August,2017",Statistics Sierra Leone,"Sierra Leone Multiple Indicator Cluster Survey 2017, Survey Findings Report. Freetown, Sierra Leone: Statistics Sierra Leone",MICS,1095.510986328125,Age-Adjusted
SLE,SIERRA LEONE,2017,2017,Africa,Western Africa,Sub-Saharan Africa,SSA,WCA,AFRO,Low Income,Sub-Saharan Africa,Least Developed Countries (LDCs),Low-Income Food-Deficit (LIFD),,3428,2398,Total,Reanalyzed,11292.1,0.8,b,5.1,b,11299.3,11.9,b,"August,2017-October,2017","The Ministry of Health and Sanitation (MoHS), Directorate of Food and Nutrition (DFN); Action Against Hunger; Irish Aid",Sierra Leone National Nutrition Survey 2017,SMART,1095.510986328125,Age-Adjusted
SLE,SIERRA LEONE,2019,2019,Africa,Western Africa,Sub-Saharan Africa,SSA,WCA,AFRO,Low Income,Sub-Saharan Africa,Least Developed Countries (LDCs),Low-Income Food-Deficit (LIFD),,3429,3685,Total,Reanalyzed,4823.9,1.1,,5.4,,4870.3,13.5,,"May,2019-August,2019",Statistics Sierra Leone (Stats SL) and ICF,"Sierra Leone Demographic and Health Survey 2019. Freetown, Sierra Leone, and Rockville, Maryland, USA: Stats SL and ICF",DHS,1115.0780029296875,Age-Adjusted
SLE,SIERRA LEONE,2021,2021,Africa,Western Africa,Sub-Saharan Africa,SSA,WCA,AFRO,Low Income,Sub-Saharan Africa,Least Developed Countries (LDCs),Low-Income Food-Deficit (LIFD),,7307,5039,Total,Reanalyzed,9381.7,2.4,s,6.3,s,9413.0,12.0,s,"August,2021-August,2021",Ministry of Health and Sanitation Sierra Leone and UNICEF Sierra Leone.,"Sierra Leone Nationla Nutrition Survey 2021. Freetown: UNICEF, 2021",SMART,1141.864501953125,Age-Adjusted
SGP,SINGAPORE,2000,2000,Asia,South-Eastern Asia,Eastern Asia and South-eastern Asia,EAP,EAP,WPRO,High Income,East Asia & Pacific,,,Small island developing States (SIDS),2536,608,Total,Reanalyzed,15822.0,0.5,r,3.6,r,15846.0,3.3,,"March,2000-May,2000",Singapore National Healthcare Group,"National healthcare group polyclinics' anthropometric growth charts for Singapore preschool children 2000. Singapore Health Booklet, revised edition April 2003",Other,245.95050048828125,Age-Adjusted
SLB,SOLOMON ISLANDS,1989,1989,Oceania,Melanesia,Oceania excluding Australia and New Zealand,EAP,EAP,WPRO,Lower Middle Income,East Asia & Pacific,Least Developed Countries (LDCs),,Small island developing States (SIDS),1609,609,Total,Reanalyzed,3954.0,2.0,r,7.4,r,3980.0,16.3,,"May,1989-September,1989","Statistics Unit, Statistics Office, MoFEP","Solomon Islands national nutrition survey 1989. Honiara, Solomon Islands, 1990",NNS,56.59049987792969,Age-Adjusted
SLB,SOLOMON ISLANDS,2006-2007,2007,Oceania,Melanesia,Oceania excluding Australia and New Zealand,EAP,EAP,WPRO,Lower Middle Income,East Asia & Pacific,Least Developed Countries (LDCs),,Small island developing States (SIDS),2947,610,Total,Reported,2029.0,1.4,,4.3,,2029.0,11.8,,"October,2006-April,2007","National Statistics Office (SISO), SPC and Macro International Inc.","Solomon Islands 2006-2007 demographic and health survey. DHS. Noumea, New Caledonia: SISO, SPC and Macro International Inc., 2007",DHS-Style,77.97550201416016,Age-Adjusted
SLB,SOLOMON ISLANDS,2015,2015,Oceania,Melanesia,Oceania excluding Australia and New Zealand,EAP,EAP,WPRO,Lower Middle Income,East Asia & Pacific,Least Developed Countries (LDCs),,Small island developing States (SIDS),3351,1392,Total,Reanalyzed,3713.4,3.6,,8.5,,3766.9,16.2,,"April,2015-September,2015","Solomon Islands National Statistics Office, Solomon Islands Ministry of Health and Medical Services and the Pacific Community","Solomon Islands Demographic and Health Survey, 2015. Solomon Islands Ministry of Health and Medical Services and the Pacific Community. 2017.",DHS-Style,96.03150177001953,Age-Adjusted
SOM,SOMALIA,1999,1999,Africa,Eastern Africa,Sub-Saharan Africa,SSA,ESA,EMRO,Low Income,Sub-Saharan Africa,Least Developed Countries (LDCs),Low-Income Food-Deficit (LIFD),,2219,611,Total,Adjusted,3582.0,,,19.3,c,3582.0,22.8,c,,UNICEF Somalia.,"Somalia end-decade multiple indicator cluster survey. Full technical report. Nairobi: UNICEF Somilia, 2001",MICS,1727.5035400390625,Age-Adjusted
SOM,SOMALIA,2006,2006,Africa,Eastern Africa,Sub-Saharan Africa,SSA,ESA,EMRO,Low Income,Sub-Saharan Africa,Least Developed Countries (LDCs),Low-Income Food-Deficit (LIFD),,2852,612,Total,Reanalyzed,5676.0,4.4,,13.3,,5695.6,32.8,,"August,2006-September,2006",UNICEF,"Monitoring the situation of women and children. Somalia multiple indicator cluster survey 2006. New York: UNICEF, 2007.",MICS,2200.91357421875,Age-Adjusted
SOM,SOMALIA,2009,2009,Africa,Eastern Africa,Sub-Saharan Africa,SSA,ESA,EMRO,Low Income,Sub-Saharan Africa,Least Developed Countries (LDCs),Low-Income Food-Deficit (LIFD),,3274,613,Total,Reanalyzed,1121.8,4.3,rs,14.3,rs,1137.1,22.5,ps,"March,2009-August,2009","Food Security and Nutrition Analysis Unit, Food and Agricultural Organisation (FSNAU) and Centre for International Health and Development, Institute of Child Health (CIHD)",National Micronutrient and Anthropometric Survey Somalia 2009,Other,2365.06005859375,Age-Adjusted
ZAF,SOUTH AFRICA,1994-1995,1994,Africa,Southern Africa,Sub-Saharan Africa,SSA,ESA,AFRO,Upper Middle Income,Sub-Saharan Africa,,,,1520,615,Total,Adjusted,9807.0,,,3.3,c,9807.0,8.0,c,"July,1994-January,1995",The South African Vitamin A Consultative Group.,"Children aged 6 to 71 months in South Africa, 1994: their anthropometric, vitamin A, iron and immunisation coverage status. Johannesburg, South Africa, 1995",Other,5478.67431640625,Age-Adjusted
ZAF,SOUTH AFRICA,1999,1999,Africa,Southern Africa,Sub-Saharan Africa,SSA,ESA,AFRO,Upper Middle Income,Sub-Saharan Africa,,,,2266,616,Total,Adjusted,1556.0,,,4.5,bc,1556.0,9.8,bc,"February,1999-July,1999","Labadarios D, Steyn NP, Maunder E, MacIntryre U, Gericke G, Swart R, et al.","The National Food Consumption Survey (NFCS): South Africa, 1999. Public Health Nutrition 2005;8:533-43",Other,5241.77685546875,Age-Adjusted
ZAF,SOUTH AFRICA,2008,2008,Africa,Southern Africa,Sub-Saharan Africa,SSA,ESA,AFRO,Upper Middle Income,Sub-Saharan Africa,,,,3051,618,Total,Reanalyzed,2782667.8,3.2,b,5.4,b,3151808.8,9.1,b,"January,2008-December,2008",Southern Africa Labour and Development Research Unit - University of Cape Town,South Africa 2008 National Income Dynamics Survey,Other,5345.62890625,Age-Adjusted
ZAF,SOUTH AFRICA,2014-2015,2015,Africa,Southern Africa,Sub-Saharan Africa,SSA,ESA,AFRO,Upper Middle Income,Sub-Saharan Africa,,,,3522,906,Total,Reanalyzed,4970236.5,1.1,b,3.4,b,5116509.5,5.7,b,"September,2014-August,2015",Southern Africa Labour and Development Research Unit - University of Cape Town,"South Africa National Income Dynamics Study 2014-15, Wave 4",Other,5710.271484375,Age-Adjusted
ZAF,SOUTH AFRICA,2016,2016,Africa,Southern Africa,Sub-Saharan Africa,SSA,ESA,AFRO,Upper Middle Income,Sub-Saharan Africa,,,,3353,1352,Total,Reanalyzed,1383.7,0.6,,2.5,,1416.0,5.9,,"June,2016-November,2016","National Department of Health (NDoH), Statistics South Africa (Stats SA), South African Medical Research Council (SAMRC), and ICF","South Africa Demographic and Health Survey 2016. Pretoria, South Africa, and Rockville, Maryland, USA: NDoH, Stats SA, SAMRC, and ICF",DHS,5730.1083984375,Age-Adjusted
ZAF,SOUTH AFRICA,2017,2017,Africa,Southern Africa,Sub-Saharan Africa,SSA,ESA,AFRO,Upper Middle Income,Sub-Saharan Africa,,,,3523,2529,Total,Reanalyzed,4641133.0,1.7,b,3.6,b,4828863.0,4.9,b,"February,2017-December,2017",Southern Africa Labour and Development Research Unit - University of Cape Town,"South Africa National Income Dynamics Study 2017, Wave 5",Other,5664.07958984375,Age-Adjusted
SSD,SOUTH SUDAN,2006,2006,Africa,Eastern Africa,Sub-Saharan Africa,SSA,ESA,AFRO,Low Income,Sub-Saharan Africa,Least Developed Countries (LDCs),Low-Income Food-Deficit (LIFD),Landlocked developing countries (LLDCs),3150,619,Total,External Reanalysis,1329786.0,12.9,,24.6,,1329786.0,32.5,,"March,2006-June,2006",Government of National Unity and Government of Southern Sudan.,"Sudan household health survey (SHHS) - 2006.  Khartoum and Juba: Government of National Unity, Government of Southern Sudan, December 2007 (South Sudan extract)",PAPFAM,1471.887939453125,Age-Adjusted
SSD,SOUTH SUDAN,2010,2010,Africa,Eastern Africa,Sub-Saharan Africa,SSA,ESA,AFRO,Low Income,Sub-Saharan Africa,Least Developed Countries (LDCs),Low-Income Food-Deficit (LIFD),Landlocked developing countries (LLDCs),3224,620,Total,Reanalyzed,5925.6,9.9,s,22.7,s,6378.0,27.7,s,"March,2010-May,2010",Ministry of Health and National Bureau of Statistics.,"South Sudan Household Survey 2010. Final Report (MICS4). Juba, South Sudan, 2013.",MICS,1674.824462890625,Age-Adjusted
LKA,SRI LANKA,1987,1987,Asia,Southern Asia,Central Asia and Southern Asia,SA,SA,SEARO,Lower Middle Income,South Asia,,,,303,621,Total,Reanalyzed,2000.2,1.7,rw 24,13.3,rw 24,2002.7,29.5,w 24,"January,1987-March,1987",Ministry of Plan Implementation.,"Sri Lanka demographic and health survey 1987. Demographic and Health Surveys. Colombo, Sri Lanka, 1987",DHS,1716.4114990234375,Age-Adjusted
LKA,SRI LANKA,1993,1993,Asia,Southern Asia,Central Asia and Southern Asia,SA,SA,SEARO,Lower Middle Income,South Asia,,,,1548,622,Total,Reanalyzed,3077474048.0,2.8,b,15.2,b,3088622080.0,29.1,b,"July,1993-September,1993","Department of Census and Statistics, Ministry of Finance, Planning, Ethnic Affairs and National Integration.","Sri Lanka demographic and health survey 1993. Colombo, Sri Lanka, 1995",DHS-Style,1635.447021484375,Age-Adjusted
LKA,SRI LANKA,1995,1995,Asia,Southern Asia,Central Asia and Southern Asia,SA,SA,SEARO,Lower Middle Income,South Asia,,,,1986,623,Total,Adjusted,2782.0,,,15.3,c,2782.0,29.3,c,"July,1995-August,1995",Ramanujam P and Nestel P.,"Preliminary report on the fourth national nutrition and health survey July - August, 1995. The Ceylon Journal of Medical Science 1997;40:13-24",Other,1667.8275146484375,Age-Adjusted
LKA,SRI LANKA,2000,2000,Asia,Southern Asia,Central Asia and Southern Asia,SA,SA,SEARO,Lower Middle Income,South Asia,,,,2634,624,Total,Reanalyzed,2373.9,2.2,r 57,15.9,r 57,2512.6,22.9,57,"May,2000-August,2000","Department of Census and Statistics and Ministry of Health, Nutrition and Welfare.","Sri Lanka demographic and health survey 2000. Colombo, Sri Lanka, 2001",DHS-Style,1723.406005859375,Age-Adjusted
LKA,SRI LANKA,2006-2007,2007,Asia,Southern Asia,Central Asia and Southern Asia,SA,SA,SEARO,Lower Middle Income,South Asia,,,,2922,625,Total,Reanalyzed,6737.9,3.1,60,15.2,60,7047.8,22.1,60,"August,2006-October,2007","Department of Census and Statistics, Ministry of Health Care and Nutrition.","Sri Lanka Demographic and Health Survey 2006-07. Colombo, Sri Lanka: DCS and MOH, 2009",DHS,1817.6114501953125,Age-Adjusted
LKA,SRI LANKA,2009,2009,Asia,Southern Asia,Central Asia and Southern Asia,SA,SA,SEARO,Lower Middle Income,South Asia,,,,2989,626,Total,External Reanalysis,2589.0,1.9,,11.8,,2589.0,21.6,,"January,2009-April,2009","Medical Research Institute (Sri Lanka), United Nations Children's Fund (UNICEF), World Food Programme (WFP)","Nutrition and food security survey 2009. Colombo, Sri Lanka: Medical Research Institute, 2010.",NNS,1828.303955078125,Age-Adjusted
LKA,SRI LANKA,2012,2012,Asia,Southern Asia,Central Asia and Southern Asia,SA,SA,SEARO,Lower Middle Income,South Asia,,,,3196,627,Total,Reanalyzed,7305.0,3.0,s,21.3,s,7306.0,26.1,s,"August,2012-November,2012","Jayatissa R, Gunathilaka MM, Fernando DN, Herath P.",Sri Lanka National Nutrition and Micronutrient Survey 2012,Other,1812.1175537109375,Age-Adjusted
LKA,SRI LANKA,2016,2016,Asia,Southern Asia,Central Asia and Southern Asia,SA,SA,SEARO,Lower Middle Income,South Asia,,,,3354,1727,Total,Reanalyzed,7822.9,3.1,,15.1,,7988.1,20.5,,"May,2016-December,2016","Department of Census and Statistics (DCS) and Ministry of Health, Nutrition and Indigenous Medicine",Sri Lanka Demographic and Health Survey 2016,DHS-Style,1761.779541015625,Age-Adjusted
LKA,SRI LANKA,2019,2019,Asia,Southern Asia,Central Asia and Southern Asia,SA,SA,SEARO,Lower Middle Income,South Asia,,,,7578,5015,Total,Reported,,1.5,,9.9,,,14.0,,"June,2019-June,2019",Ministry of Health,Sri Lanka 2019 Nutrition Month Survey,NNS,1695.2535400390625,Age-Adjusted
LKA,SRI LANKA,2020,2020,Asia,Southern Asia,Central Asia and Southern Asia,SA,SA,SEARO,Lower Middle Income,South Asia,,,,7579,5016,Total,Reported,,1.2,,8.6,,,13.1,,"June,2020-June,2020",Ministry of Health,Sri Lanka 2020 Nutrition Month Survey,NNS,1676.501953125,Age-Adjusted
LKA,SRI LANKA,2021,2021,Asia,Southern Asia,Central Asia and Southern Asia,SA,SA,SEARO,Lower Middle Income,South Asia,,,,9795,9180,Total,Reported,,1.1,,8.2,,,12.2,,"June,2021-June,2021",Ministry of Health,Sri Lanka 2021 Nutrition Month Survey,NNS,1661.1839599609375,Age-Adjusted
LKA,SRI LANKA,2022,2022,Asia,Southern Asia,Central Asia and Southern Asia,SA,SA,SEARO,Lower Middle Income,South Asia,,,,9960,9057,Total,Reported,,1.4,,10.1,,,15.3,,"June,2022-June,2022",Ministry of Health,Sri Lanka 2022 Nutrition Month Survey,NNS,1647.73095703125,Age-Adjusted
LKA,SRI LANKA,2022,2022,Asia,Southern Asia,Central Asia and Southern Asia,SA,SA,SEARO,Lower Middle Income,South Asia,,,,9794,8988,Total,Reanalyzed,1346.0,2.7,b,19.9,b,1346.0,21.9,b,"May,2022-October,2022","Department of Nutrition, Medical Research Institute; UNICEF; WFP",National Nutrition and Micronutrient Survey in  Sri Lanka: 2022,NNS,1647.73095703125,Age-Adjusted
LKA,SRI LANKA,2023,2023,Asia,Southern Asia,Central Asia and Southern Asia,SA,SA,SEARO,Lower Middle Income,South Asia,,,,10760,9237,Total,Reported,,1.2,,10.0,,,17.1,,"June,2023-June,2023",Ministry of Health,Sri Lanka 2023 Nutrition Month Survey,NNS,1635.0555419921875,Age-Adjusted
LKA,SRI LANKA,2024,2024,Asia,Southern Asia,Central Asia and Southern Asia,SA,SA,SEARO,Lower Middle Income,South Asia,,,,11383,9238,Total,Reported,,0.8,,9.3,,,17.1,,"June,2024-June,2024",Ministry of Health,Sri Lanka 2024 Nutrition Month Survey,NNS,1621.487060546875,Age-Adjusted
PSE,STATE OF PALESTINE,1996,1996,Asia,Western Asia,Western Asia and Northern Africa,MENA,MENA,EMRO,Lower Middle Income,Middle East & North Africa,,,,1795,766,Total,Reanalyzed,3960.5,0.9,,3.0,,4019.8,2.5,,"June,1996-July,1996",Palestinian Bureau of Statistics,"The health survey in the West Bank and Gaza Strip: main findings (MICS). Palestinian Central Bureau of Statistics. Ramallah, Palestine, 1996",MICS,528.510009765625,Age-Adjusted
PSE,STATE OF PALESTINE,2000,2000,Asia,Western Asia,Western Asia and Northern Africa,MENA,MENA,EMRO,Lower Middle Income,Middle East & North Africa,,,,3524,993,Total,Reanalyzed,549510.2,0.7,,2.0,,560195.5,2.2,,"April,2000-May,2000",Palestinian Central Bureau of Statistics,Palestine Health Survey 2000 - Main Findings,MICS,560.3200073242188,Age-Adjusted
PSE,STATE OF PALESTINE,2002,2002,Asia,Western Asia,Western Asia and Northern Africa,MENA,MENA,EMRO,Lower Middle Income,Middle East & North Africa,,,,6767,1471,Total,Reanalyzed,3292.4,0.8,b,2.4,b,3325.7,2.4,b,"March,2002-June,2002","Birzeit University, Palestinian Central Bureau of Statistics","Palestine Nutrition Survey 2002. Ramallah, Palestine: Palestinian Central Bureau of Statistics.",NNS,570.5900268554688,Age-Adjusted
PSE,STATE OF PALESTINE,2004,2004,Asia,Western Asia,Western Asia and Northern Africa,MENA,MENA,EMRO,Lower Middle Income,Middle East & North Africa,,,,3430,1576,Total,Reanalyzed,5211.0,1.4,,3.2,,5341.5,3.3,p,"May,2004-July,2004",Palestinian National Authority,Palestine Demographic and health Survey 2004,DHS-Style,577.093017578125,Age-Adjusted
PSE,STATE OF PALESTINE,2006-2007,2006,Asia,Western Asia,Western Asia and Northern Africa,MENA,MENA,EMRO,Lower Middle Income,Middle East & North Africa,,,,2914,768,Total,Reanalyzed,9067.2,0.7,,1.8,,9359.5,2.6,,"November,2006-February,2007",Palestinian Central Bureau of Statistics.,"Palestinian family health survey, 2006: Final report. Ramallah, Palestine, 2007",PAPFAM,587.906982421875,Age-Adjusted
PSE,STATE OF PALESTINE,2010,2010,Asia,Western Asia,Western Asia and Northern Africa,MENA,MENA,EMRO,Lower Middle Income,Middle East & North Africa,,,,3220,769,Total,Reanalyzed,8831.0,1.0,,3.3,,9157.1,3.7,,"May,2010-September,2010",Palestinian Central Bureau of Statistics.,"Final report of the Palestinian family survey 2010 (MICS). Ramallah, State of Palestine: Palestinian Central Bureau of Statistics, 2013.",MICS,623.58349609375,Age-Adjusted
PSE,STATE OF PALESTINE,2014,2014,Asia,Western Asia,Western Asia and Northern Africa,MENA,MENA,EMRO,Lower Middle Income,Middle East & North Africa,,,,3240,770,Total,Reanalyzed,6906.4,0.3,,1.2,,7222.0,1.4,,"March,2014-April,2014",Palestinian Central Bureau of Statistics.,"Palestinian Multiple Indicator Cluster Survey 2014,  Final Report, Ramallah, Palestine",MICS,675.77099609375,Age-Adjusted
PSE,STATE OF PALESTINE,2019-2020,2020,Asia,Western Asia,Western Asia and Northern Africa,MENA,MENA,EMRO,Lower Middle Income,Middle East & North Africa,,,,3525,3568,Total,Reanalyzed,5714.1,0.6,,1.3,,5837.5,2.1,,"December,2019-January,2020",Palestinian Central Bureau of Statistics,"Palestinian Multiple Indicator Cluster Survey 2019-2020,  Survey Findings Report, Ramallah, Palestine.",MICS,725.3045043945312,Age-Adjusted
SDN,SUDAN,2006,2006,Africa,Northern Africa,Western Asia and Northern Africa,SSA,ESA,EMRO,Low Income,Sub-Saharan Africa,Least Developed Countries (LDCs),Low-Income Food-Deficit (LIFD),,3151,628,Total,External Reanalysis,4151294.0,5.7,,14.5,,4151294.0,27.0,,"March,2006-June,2006",Government of National Unity and Government of Southern Sudan.,"Sudan household health survey (SHHS) - 2006.  Khartoum and Juba: Government of National Unity, Government of Southern Sudan, December 2007 (Sudan extract)",PAPFAM,5559.89697265625,Age-Adjusted
SDN,SUDAN,2010,2010,Africa,Northern Africa,Western Asia and Northern Africa,SSA,ESA,EMRO,Low Income,Sub-Saharan Africa,Least Developed Countries (LDCs),Low-Income Food-Deficit (LIFD),,3314,629,Total,Reanalyzed,11899.2,4.1,s,15.4,s,12187.8,29.8,s,"March,2010-May,2010","National Ministry of Health, Central Bureau of Statistics.","Sudan household health survey, second round 2010.",MICS,5989.21240234375,Age-Adjusted
SDN,SUDAN,2014,2014,Africa,Northern Africa,Western Asia and Northern Africa,SSA,ESA,EMRO,Low Income,Sub-Saharan Africa,Least Developed Countries (LDCs),Low-Income Food-Deficit (LIFD),,3259,630,Total,Reanalyzed,12549.4,4.5,s,16.3,s,11712.3,33.0,s,"August,2014-November,2014","Central Bureau of Statistics (CBS), UNICEF Sudan.","Multiple Indicator Cluster Survey 2014 of Sudan, Final Report. Khartoum, Sudan: UNICEF and Central Bureau of Statistics (CBS), February 2016.",MICS,6333.625,Age-Adjusted
SUR,SURINAME,1999-2000,2000,Latin America and the Caribbean,South America,Latin America and the Caribbean,LAC,LAC,AMRO,Upper Middle Income,Latin America & Caribbean,,,Small island developing States (SIDS),2352,631,Total,Reanalyzed,1756.6,2.0,,7.0,,1768.2,11.1,,"November,1999-April,2000",Government of Suriname.,"Suriname multiple indicator cluster survey (MICS) 2000. Paramaribo, Suriname, March 2001",MICS,55.21849822998047,Age-Adjusted
SUR,SURINAME,2006,2006,Latin America and the Caribbean,South America,Latin America and the Caribbean,LAC,LAC,AMRO,Upper Middle Income,Latin America & Caribbean,,,Small island developing States (SIDS),3040,632,Total,Reanalyzed,1914.6,1.0,,4.9,,1980.6,7.5,,"April,2006-May,2006","General Bureau of Statistics, Ministry of Planning and Development Cooperation and Ministry of Social Affairs and Housing.","Suriname multiple indicator cluster survey 2006, Final Report (MICS3). Paramaribo, Suriname, 2009",MICS,55.949501037597656,Age-Adjusted
SUR,SURINAME,2010,2010,Latin America and the Caribbean,South America,Latin America and the Caribbean,LAC,LAC,AMRO,Upper Middle Income,Latin America & Caribbean,,,Small island developing States (SIDS),3152,633,Total,Reanalyzed,2725.6,0.8,s,5.0,s,2870.3,5.8,s,"July,2010-September,2010","Ministry of Social Affairs and Housing, and General Bureau of Statistics.","Suriname multiple indicator cluster survey 2010, Final Report (MICS). Paramaribo, Suriname, 2012",MICS,55.53850173950195,Age-Adjusted
SUR,SURINAME,2018,2018,Latin America and the Caribbean,South America,Latin America and the Caribbean,LAC,LAC,AMRO,Upper Middle Income,Latin America & Caribbean,,,Small island developing States (SIDS),3526,1571,Total,Reanalyzed,3248.1,1.0,54,5.5,54,3352.9,6.7,54,"March,2018-September,2018",Ministry of Social Affairs and Public Housing,"Suriname Multiple Indicator Cluster Survey 2018, Survey Findings Report. Paramaribo, Suriname: Ministry of Social Affairs and Public Housing",MICS,54.81800079345703,Age-Adjusted
SYR,SYRIAN ARAB REPUBLIC,1993,1993,Asia,Western Asia,Western Asia and Northern Africa,MENA,MENA,EMRO,Low Income,Middle East & North Africa,,Low-Income Food-Deficit (LIFD),,1508,639,Total,Reanalyzed,4008.0,4.5,r,10.0,r,4154.0,11.5,p,"June,1993-July,1993",UNPF; League of Arab States Population Research Unit,"Syrian maternal and child health survey (SMCHS). PAPCHILD surveys. Cairo: The League of Arab States, 1994",PAPFAM,2281.070068359375,Age-Adjusted
SYR,SYRIAN ARAB REPUBLIC,1995,1995,Asia,Western Asia,Western Asia and Northern Africa,MENA,MENA,EMRO,Low Income,Middle East & North Africa,,Low-Income Food-Deficit (LIFD),,1789,640,Total,Adjusted,2425.0,,,10.4,c,2425.0,11.3,c,"July,1995-December,1995",Prime Minister's Council.,"Multiple indicator cluster survey in the Syrian Arab Republic (MICS). Central Bureau of Statistics. Damascus, The Syrian Arab Republic, 1996.",MICS,2333.8134765625,Age-Adjusted
SYR,SYRIAN ARAB REPUBLIC,2000,2000,Asia,Western Asia,Western Asia and Northern Africa,MENA,MENA,EMRO,Low Income,Middle East & North Africa,,Low-Income Food-Deficit (LIFD),,2386,641,Total,Adjusted,6262.0,,,4.9,c,6262.0,6.0,c,,"Council of Ministers, Central Office of Statistics, Arab Republic of Syria, and UNICEF","Multiple Indicator Cluster Survey II (MICS II) concerning Child Health and Welfare. Main report. Damascus, Syrian Arab Republic: UNICEF, 2002",MICS,2464.902587890625,Age-Adjusted
SYR,SYRIAN ARAB REPUBLIC,2001,2001,Asia,Western Asia,Western Asia and Northern Africa,MENA,MENA,EMRO,Low Income,Middle East & North Africa,,Low-Income Food-Deficit (LIFD),,2875,642,Total,Reanalyzed,5788.0,5.3,,10.2,,6260.0,11.5,,"November,2001-December,2001","League of Arab States (PAPFAM) and Syrian Arab Republic, Office of the Prime Minister, Central Bureau of Statistics.","The family health survey in the Syrian Arab Republic. Principal Report. Cairo: The League of Arab States, 2002",PAPFAM,2490.14306640625,Age-Adjusted
SYR,SYRIAN ARAB REPUBLIC,2006,2006,Asia,Western Asia,Western Asia and Northern Africa,MENA,MENA,EMRO,Low Income,Middle East & North Africa,,Low-Income Food-Deficit (LIFD),,2880,643,Total,Reanalyzed,10066.0,4.8,,10.3,,10595.0,10.0,,"April,2006-May,2006","Central Bureau of Statistics, Ministry of Health, State Planning Commission, UNICEF and PAPFAM/League of Arab States.",Syrian Arab Republic multiple indicator cluster survey 2006. February 2008.,MICS,2643.408935546875,Age-Adjusted
SYR,SYRIAN ARAB REPUBLIC,2009-2010,2010,Asia,Western Asia,Western Asia and Northern Africa,MENA,MENA,EMRO,Low Income,Middle East & North Africa,,Low-Income Food-Deficit (LIFD),,3068,644,Total,Reanalyzed,13602.4,5.5,,11.5,,14335.0,10.4,,"November,2009-April,2010",League of Arab States and Syrian Arab Republic.,"Family health survey of the Arab Republic of Syria 2009: Principal report (PAPFAM). Cairo: The League of Arab States, 2011",PAPFAM,3027.199462890625,Age-Adjusted
TJK,TAJIKISTAN,1999,1999,Asia,Central Asia,Central Asia and Southern Asia,ECA,EECA,EURO,Lower Middle Income,Europe & Central Asia,,Low-Income Food-Deficit (LIFD),Landlocked developing countries (LLDCs),2553,645,Total,Adjusted,3599.0,,,11.4,c,,,,"September,1999-September,1999",McBurney R and Mason F.,"National nutrition survey, Tajikistan (September/October 1999). London, UK: Action Against Hunger UK, 2000",NNS,912.7630004882812,Age-Adjusted
TJK,TAJIKISTAN,2000,2000,Asia,Central Asia,Central Asia and Southern Asia,ECA,EECA,EURO,Lower Middle Income,Europe & Central Asia,,Low-Income Food-Deficit (LIFD),Landlocked developing countries (LLDCs),2554,646,Total,Adjusted,5657.0,,,9.4,c,,,,"September,2000-October,2000",McLachlan E.,"National nutrition survey of Tajikistan (September/October 2000). London, UK: Action Against Hunger UK, 2001",NNS,894.4089965820312,Age-Adjusted
TJK,TAJIKISTAN,2001,2001,Asia,Central Asia,Central Asia and Southern Asia,ECA,EECA,EURO,Lower Middle Income,Europe & Central Asia,,Low-Income Food-Deficit (LIFD),Landlocked developing countries (LLDCs),2555,647,Total,Adjusted,3704.0,,,19.4,c,,,,"October,2001-November,2001","Walters T, Brown R.","Representative national nutrition survey Tajikistan (Sughd, RRS, Kouliab and Kurgan Teppe regions), October/November 2001. London, UK: Action Against Hunger UK, 2002",NNS,884.1480102539062,Age-Adjusted
TJK,TAJIKISTAN,2002,2002,Asia,Central Asia,Central Asia and Southern Asia,ECA,EECA,EURO,Lower Middle Income,Europe & Central Asia,,Low-Income Food-Deficit (LIFD),Landlocked developing countries (LLDCs),2383,648,Total,Adjusted,4543.0,,,6.1,c,,,,"May,2002-July,2002",Moloney G and Brown R.,"National nutrition survey Tajikistan, May/June 2002. Action against Hunger and European Community Humanitarian Office, 2002",NNS,882.4644775390625,Age-Adjusted
TJK,TAJIKISTAN,2003,2003,Asia,Central Asia,Central Asia and Southern Asia,ECA,EECA,EURO,Lower Middle Income,Europe & Central Asia,,Low-Income Food-Deficit (LIFD),Landlocked developing countries (LLDCs),2551,649,Total,Adjusted,4654.0,,,5.9,c,,,,"October,2003-November,2003","Baronina E, Brasell-Jones T, Petersen J, Purves M.","National nutrition and water & sanitation survey, Tajikistan, October 2003. Dushanbe, Tajikistan: Action Against Hunger (lead agency nutrition) and Mercy Corps (lead agency wat/san), 2004",Other,882.4240112304688,Age-Adjusted
TJK,TAJIKISTAN,2005,2005,Asia,Central Asia,Central Asia and Southern Asia,ECA,EECA,EURO,Lower Middle Income,Europe & Central Asia,,Low-Income Food-Deficit (LIFD),Landlocked developing countries (LLDCs),2862,650,Total,Reanalyzed,4123.0,3.5,,8.7,,4219.2,14.9,,"September,2005-October,2005",State Committee on Statistics of the Republic of Tajikistan.,"Tajikistan multiple indicator cluster survey 2005, Final Report. Dushanbe, Tajikistan: State Committee on Statistics of the Republic of Tajikistan, 2007",MICS,906.2365112304688,Age-Adjusted
TJK,TAJIKISTAN,2007,2007,Asia,Central Asia,Central Asia and Southern Asia,ECA,EECA,EURO,Lower Middle Income,Europe & Central Asia,,Low-Income Food-Deficit (LIFD),Landlocked developing countries (LLDCs),3069,651,Total,Reanalyzed,5237764.0,3.0,s,6.9,s,5148057.0,15.1,s,"September,2007-November,2007",State Committee on Statistics [Republic of Tajikistan] and UNICEF.,"Tajikistan living standards measurement survey 2007 (TLSS): Indicators at a glance. Dushanbe, Republic of Tajikistan: State Committee on Statistics and UNICEF, 2009",LSMS,951.2050170898438,Age-Adjusted
TJK,TAJIKISTAN,2009,2009,Asia,Central Asia,Central Asia and Southern Asia,ECA,EECA,EURO,Lower Middle Income,Europe & Central Asia,,Low-Income Food-Deficit (LIFD),Landlocked developing countries (LLDCs),3170,652,Total,Reanalyzed,7418531.5,1.2,b,4.2,b,7516356.0,8.2,b,"October,2009-November,2009",Ministry of Health and UNICEF [Tajikistan].,"Micronutrient status survey in Tajikistan, 2009. Dushanbe, Republic of Tajikistan: Ministry of Health and UNICEF, 2010",Other,1013.5609741210938,Age-Adjusted
TJK,TAJIKISTAN,2012,2012,Asia,Central Asia,Central Asia and Southern Asia,ECA,EECA,EURO,Lower Middle Income,Europe & Central Asia,,Low-Income Food-Deficit (LIFD),Landlocked developing countries (LLDCs),3164,653,Total,Reanalyzed,5186.7,4.1,,9.9,,5348.4,13.3,,"July,2012-September,2012","Statistical Agency under the President of the Republic of Tajikistan (SA), Ministry of Health [Tajikistan], and ICF International.","Tajikistan demographic and health survey 2012. Demographic and Health Surveys. Dushanbe, Tajikistan, and Calverton, Maryland, USA: SA, MOH, and ICF International, 2013",DHS,1137.029052734375,Age-Adjusted
TJK,TAJIKISTAN,2016,2016,Asia,Central Asia,Central Asia and Southern Asia,ECA,EECA,EURO,Lower Middle Income,Europe & Central Asia,,Low-Income Food-Deficit (LIFD),Landlocked developing countries (LLDCs),3431,2393,Total,Reanalyzed,8439054.0,1.2,r,3.5,r,8516492.0,6.4,,"October,2016-November,2016",Ministry of Health and Social Protection of the Republic of Tajikistan; The World Bank; UNICEF,National Micronutrient Status Survey in Tajikistan 2016,Other,1267.6304931640625,Age-Adjusted
TJK,TAJIKISTAN,2017,2017,Asia,Central Asia,Central Asia and Southern Asia,ECA,EECA,EURO,Lower Middle Income,Europe & Central Asia,,Low-Income Food-Deficit (LIFD),Landlocked developing countries (LLDCs),3371,2025,Total,Reanalyzed,6683.6,1.8,,5.6,,6716.0,7.6,,"August,2017-November,2017","Statistical Agency under the President of the Republic of Tajikistan, Ministry of Health and Social Protection of Population of the Republic of Tajikistan [Tajikistan], and ICF","Tajikistan Demographic and Health Survey 2017. Dushanbe, Republic of Tajikistan, and Rockville, Maryland, USA: Statistical Agency under the President of the Republic of Tajikistan (SA)",DHS,1296.5689697265625,Age-Adjusted
TJK,TAJIKISTAN,2023,2023,Asia,Central Asia,Central Asia and Southern Asia,ECA,EECA,EURO,Lower Middle Income,Europe & Central Asia,,Low-Income Food-Deficit (LIFD),Landlocked developing countries (LLDCs),11079,9181,Total,Reported,5293.0,1.6,,6.4,,5345.0,5.2,,"August,2023-November,2023","Statistical Agency under the President of the Republic of Tajikistan, Dushanbe, Republic of Tajikistan, Ministry of Health and Social Protection of Population of the Republic of Tajikistan, Dushanbe, Republic of Tajikistan, and The DHS Program, ICF, Rockville, Maryland, USA","Tajikistan Demographic and Health Survey 2023: Key Indicators Report. Dushanbe, Republic of Tajikistan, and Rockville, Maryland, USA",DHS,1333.5679931640625,Age-Adjusted
THA,THAILAND,1987,1987,Asia,South-Eastern Asia,Eastern Asia and South-eastern Asia,EAP,EAP,SEARO,Upper Middle Income,East Asia & Pacific,,,,309,654,Total,Reanalyzed,1886.4,0.9,rw 23,6.1,rw 23,1872.0,17.2,w 23,"March,1987-June,1987","Chayovan N, Kamnuansilpa P, Knodel J.","Thailand demographic and health survey 1987. Demographic and Health Surveys. Institute of Population Studies, Chulalongkorn University. Bangkok, Thailand, 1988",DHS,5326.13232421875,Age-Adjusted
THA,THAILAND,1993,1993,Asia,South-Eastern Asia,Eastern Asia and South-eastern Asia,EAP,EAP,SEARO,Upper Middle Income,East Asia & Pacific,,,,2010,655,Total,Adjusted,11748.0,,,7.3,c,11748.0,16.3,c,"May,1993-July,1993","Kitvorapat W, Chaotilittakul N, Sinawat S, Wanaratana L.",Random survey on nutritional status of children of ages under five. Thailand Journal of Health Promotion and Environmental Health 1996;19:57-66,Other,5185.93603515625,Age-Adjusted
THA,THAILAND,1995,1995,Asia,South-Eastern Asia,Eastern Asia and South-eastern Asia,EAP,EAP,SEARO,Upper Middle Income,East Asia & Pacific,,,,2178,656,Total,Adjusted,4178.0,,,6.7,c,4178.0,15.4,c,"May,1995-June,1995",Ministry of Public Health.,"The fourth national nutrition survey of Thailand 1995. Department of Health. Bangkok, Thailand 1998",NNS,5129.5927734375,Age-Adjusted
THA,THAILAND,2005-2006,2006,Asia,South-Eastern Asia,Eastern Asia and South-eastern Asia,EAP,EAP,SEARO,Upper Middle Income,East Asia & Pacific,,,,2481,657,Total,Reanalyzed,4627557.5,1.4,,4.7,,4711296.0,7.0,,"December,2005-April,2006",Thailand National Statistical Office.,"Thailand multiple indicator cluster survey December 2005 - February 2006, Final report. Bangkok, Thailand: National Statistical Office, 2006",MICS,4507.29736328125,Age-Adjusted
THA,THAILAND,2012-2013,2012,Asia,South-Eastern Asia,Eastern Asia and South-eastern Asia,EAP,EAP,SEARO,Upper Middle Income,East Asia & Pacific,,,,3207,658,Total,Reanalyzed,8874.2,2.2,,6.7,,9203.0,9.2,,"August,2012-January,2013","National Statistical Office (NSO); UNICEF, Ministry of Public Health (MOPH); National Health Security Office (NHSO); Thai Health Promotion Foundation; International Health Policy Program (IHPP)","Thailand multiple indicator cluster survey 2012.  MICS. Bangkok, Thailand: NSO, UNICEF, MOPH, NHSO, THPF, IHPP, 2013.",MICS,4128.92138671875,Age-Adjusted
THA,THAILAND,2015-2016,2016,Asia,South-Eastern Asia,Eastern Asia and South-eastern Asia,EAP,EAP,SEARO,Upper Middle Income,East Asia & Pacific,,,,3323,1443,Total,Reanalyzed,10942.1,1.4,,5.4,,11189.1,6.7,,"November,2015-March,2016",National Statistical Office and United Nations Children’s Fund,"Thailand Multiple Indicator Cluster Survey 2015- 2016, Final Report, NSO and UNICEF, Bangkok, 2016",MICS,3872.140380859375,Age-Adjusted
THA,THAILAND,2019,2019,Asia,South-Eastern Asia,Eastern Asia and South-eastern Asia,EAP,EAP,SEARO,Upper Middle Income,East Asia & Pacific,,,,3527,2941,Total,Reanalyzed,12137.8,2.7,54,7.7,54,12558.7,7.7,54,"May,2019-December,2019",National Statistical Office of Thailand,"Thailand Multiple Indicator Cluster Survey 2019, Survey Findings Report. Bangkok, Thailand: National Statistical Office of Thailand.",MICS,3516.673095703125,Age-Adjusted
THA,THAILAND,2022,2022,Asia,South-Eastern Asia,Eastern Asia and South-eastern Asia,EAP,EAP,SEARO,Upper Middle Income,East Asia & Pacific,,,,10069,9036,Total,Reanalyzed,9503.6,2.5,,7.2,,9907.1,6.7,,"June,2022-October,2022",National Statistical Office of Thailand.,"Thailand Multiple Indicator Cluster Survey 2022, Survey Findings Report. Bangkok, Thailand: National Statistical Office of Thailand",MICS,3187.635009765625,Age-Adjusted
TLS,TIMOR-LESTE,2002,2002,Asia,South-Eastern Asia,Eastern Asia and South-eastern Asia,EAP,EAP,SEARO,Lower Middle Income,East Asia & Pacific,Least Developed Countries (LDCs),,Small island developing States (SIDS),2529,662,Total,Reanalyzed,4261.3,4.9,,13.7,,4140.9,40.6,,"August,2002-September,2002",National Statistics Office,"Multiple indicator cluster survey (MICS - 2002). UNICEF, Dili, Timor-Leste, 2003",MICS-Style,145.87550354003906,Age-Adjusted
TLS,TIMOR-LESTE,2003,2003,Asia,South-Eastern Asia,Eastern Asia and South-eastern Asia,EAP,EAP,SEARO,Lower Middle Income,East Asia & Pacific,Least Developed Countries (LDCs),,Small island developing States (SIDS),2662,663,Total,Adjusted,5255.0,,,14.3,c,5255.0,41.5,c,"April,2003-August,2003","Ministry of Health (MOH) Timor Leste, University of Newcastle, Australian National University and ACIL.","Timor Leste 2003 demographic and health survey. Newcastle, NSW, Australia: MOH and University of Newcastle, 2003",Other,152.3455047607422,Age-Adjusted
TLS,TIMOR-LESTE,2007-2008,2007,Asia,South-Eastern Asia,Eastern Asia and South-eastern Asia,EAP,EAP,SEARO,Lower Middle Income,East Asia & Pacific,Least Developed Countries (LDCs),,Small island developing States (SIDS),3109,664,Total,Reanalyzed,145298.0,4.5,,21.3,,145252.6,49.5,,"January,2007-January,2008",National Statistics Directorate (Direcçao Nacional de Estatística) and World Bank.,Timor-Leste Survey of Living Standards 2007 and Extension 2008,LSMS,160.27450561523438,Age-Adjusted
TLS,TIMOR-LESTE,2009-2010,2009,Asia,South-Eastern Asia,Eastern Asia and South-eastern Asia,EAP,EAP,SEARO,Lower Middle Income,East Asia & Pacific,Least Developed Countries (LDCs),,Small island developing States (SIDS),3066,665,Total,Reanalyzed,8470.0,7.6,,18.9,,9113.6,44.9,,"August,2009-February,2010","National Statistics Directorate (NSD) [Timor-Leste], Ministry of Finance [Timor-Leste], and ICF Macro.","Timor-Leste demographic and health survey 2009-10. Demographic and Health Surveys. Dili, Timor-Leste: NSD [Timor-Leste] and ICF Macro, 2010",DHS,159.4810028076172,Age-Adjusted
TLS,TIMOR-LESTE,2013,2013,Asia,South-Eastern Asia,Eastern Asia and South-eastern Asia,EAP,EAP,SEARO,Lower Middle Income,East Asia & Pacific,Least Developed Countries (LDCs),,Small island developing States (SIDS),3286,666,Total,Reanalyzed,1435709.9,2.1,s,9.9,s,1451857.8,37.5,s,"May,2013-September,2013",Ministry of Health Democratic Republic of Timor-Leste.,"Timor-Leste food and nutrition survey, Final report 2015. Dili, Timor Leste: Ministry of Health, 2015.",NNS,156.52349853515625,Age-Adjusted
TLS,TIMOR-LESTE,2014-2015,2014,Asia,South-Eastern Asia,Eastern Asia and South-eastern Asia,EAP,EAP,SEARO,Lower Middle Income,East Asia & Pacific,Least Developed Countries (LDCs),,Small island developing States (SIDS),6853,1391,Total,Reported,,2.6,,12.2,,,32.4,,"April,2014-May,2015",World Bank,"Poverty in Timor-Leste: results from the Timor-Leste 2014 Survey of Living Standards. Washington, D.C. : World Bank Group.",Other,155.94949340820312,Age-Adjusted
TLS,TIMOR-LESTE,2020,2020,Asia,South-Eastern Asia,Eastern Asia and South-eastern Asia,EAP,EAP,SEARO,Lower Middle Income,East Asia & Pacific,Least Developed Countries (LDCs),,Small island developing States (SIDS),6856,4424,Total,Reanalyzed,11259.3,1.5,s,8.3,s,11441.6,31.9,s,"June,2020-September,2020",Ministry of Health,Timor-Leste Food and Nutrition Survey 2020,NNS,165.30499267578125,Age-Adjusted
TGO,TOGO,1988,1988,Africa,Western Africa,Sub-Saharan Africa,SSA,WCA,AFRO,Low Income,Sub-Saharan Africa,Least Developed Countries (LDCs),Low-Income Food-Deficit (LIFD),,439,667,Total,Reanalyzed,1698.0,1.6,rw 15,6.4,rw 15,1425.0,19.2,w 15,"June,1988-November,1988","Agounké A, Assogba M, Anipah K.","Enquête démographique et de santé au Togo 1988. Demographic and Health Surveys. Direction Generale de la Santé. Lomé, Togo, 1989",DHS,669.0994873046875,Age-Adjusted
TGO,TOGO,1996,1996,Africa,Western Africa,Sub-Saharan Africa,SSA,WCA,AFRO,Low Income,Sub-Saharan Africa,Least Developed Countries (LDCs),Low-Income Food-Deficit (LIFD),,1781,668,Total,Adjusted,,,,,,3761.0,16.7,c,"March,1996-March,1996","Department of Statistics (Togo), Ministry of Interior and Security (Togo), Ministry of Planning and Territorial Development (Togo), United Nations Children's Fund (UNICEF)","Enquête national sur la situation des enfants au Togo en 1996 (MICS -Togo -96). Lomé, République Togolaise: Ministère du Plan et de l'Amenagement du Territoire et UNICEF, September 1996.",MICS,766.2205200195312,Age-Adjusted
TGO,TOGO,1998,1998,Africa,Western Africa,Sub-Saharan Africa,SSA,WCA,AFRO,Low Income,Sub-Saharan Africa,Least Developed Countries (LDCs),Low-Income Food-Deficit (LIFD),,1929,669,Total,Reanalyzed,3501.3,3.4,b,12.0,b,3394.9,22.8,b,"February,1998-May,1998","Anipah K, Mboup G, Ouro-Gnao AM, Boukpessi B, Messan PA, Salami-Odjo R.","Enquete démographique et de santé, Togo 1998. Demographic and Health Surveys. Ministère de la Planification et du Développement Economique, Direction de la Statistique. Lomé, Togo, 1999",DHS,797.5800170898438,Age-Adjusted
TGO,TOGO,2008,2008,Africa,Western Africa,Sub-Saharan Africa,SSA,WCA,AFRO,Low Income,Sub-Saharan Africa,Least Developed Countries (LDCs),Low-Income Food-Deficit (LIFD),,2956,671,Total,Reported,,0.7,q,6.0,q,,20.5,,"December,2008-December,2008",Ministère de la Santé et UNICEF.,"Rapport d'enquête nationale nutrition et survie des enfants de 0 à 59 mois, pratique d'alimentation de nourrisson et du jeune enfants. SMART. Togo, décembre 2008.",SMART,1031.9635009765625,Age-Adjusted
TGO,TOGO,2009,2009,Africa,Western Africa,Sub-Saharan Africa,SSA,WCA,AFRO,Low Income,Sub-Saharan Africa,Least Developed Countries (LDCs),Low-Income Food-Deficit (LIFD),,3528,3112,Total,Reanalyzed,2965.9,1.0,rs,6.1,rs,2970.6,16.6,ps,"June,2009-July,2009","Ministere de la Sante, La Republique du Togo; UNICEF","Enquete Nutritionnelle Nationale Utilisant La Methodologie SMART, Togo 2009",SMART,1067.3134765625,Age-Adjusted
TGO,TOGO,2010,2010,Africa,Western Africa,Sub-Saharan Africa,SSA,WCA,AFRO,Low Income,Sub-Saharan Africa,Least Developed Countries (LDCs),Low-Income Food-Deficit (LIFD),,3148,672,Total,Reanalyzed,4667.5,1.0,s,4.8,s,4625.0,16.6,s,"September,2010-November,2010",Direction Générale de la Statistique et de la Comptabilité Nationale (DGSCN).,"Enquête par grappes à indicateurs multiples MICS Togo, 2010: Rapport final. Lomé, Togo: DGSCN, 2010",MICS,1103.511962890625,Age-Adjusted
TGO,TOGO,2010,2010,Africa,Western Africa,Sub-Saharan Africa,SSA,WCA,AFRO,Low Income,Sub-Saharan Africa,Least Developed Countries (LDCs),Low-Income Food-Deficit (LIFD),,3529,3113,Total,Reanalyzed,819997.0,0.8,rs,4.7,rs,820093.9,15.1,s,"December,2010-December,2010","Ministere de la Sante, La Republique du Togo; UNICEF","Enquete Nutritionnelle Nationale Utilisant La Methodologie SMART, Togo 12 au 30 Decembre 2010",SMART,1103.511962890625,Age-Adjusted
TGO,TOGO,2012,2012,Africa,Western Africa,Sub-Saharan Africa,SSA,WCA,AFRO,Low Income,Sub-Saharan Africa,Least Developed Countries (LDCs),Low-Income Food-Deficit (LIFD),,3432,1047,Total,Reanalyzed,2553.4,0.7,rs,5.5,rs,2563.5,16.5,s,"June,2012-July,2012","Ministere de la Sante, La Republique du Togo; UNICEF","Enquette Nutritionnelle Nationale Utilisant La Methodologie SMART, Togo 20 Juin-7 Juillet 2012",SMART,1162.032470703125,Age-Adjusted
TGO,TOGO,2013-2014,2014,Africa,Western Africa,Sub-Saharan Africa,SSA,WCA,AFRO,Low Income,Sub-Saharan Africa,Least Developed Countries (LDCs),Low-Income Food-Deficit (LIFD),,3264,673,Total,Reanalyzed,3300.0,1.5,,6.6,,3324.6,16.1,,"October,2013-April,2014","Ministère de la Planification, du Développement et de l'Aménagement du Territoire (MPDAT), Ministère de la Santé (MS) et ICF International.","Enquête démographique et de santé au Togo 2013-2014. Demographic and Health Surveys. Rockville, Maryland, USA : MPDAT, MS et ICF International, 2015.",DHS,1197.155517578125,Age-Adjusted
TGO,TOGO,2017,2017,Africa,Western Africa,Sub-Saharan Africa,SSA,WCA,AFRO,Low Income,Sub-Saharan Africa,Least Developed Countries (LDCs),Low-Income Food-Deficit (LIFD),,3433,2607,Total,Reanalyzed,4912.1,1.1,,5.7,,4919.3,15.2,,"July,2017-October,2017","Institut National de la Statistique et des Etudes Economiques et Démographiques (INSEED),","MICS6 TOGO, 2017, Rapport final. Lomé, Togo",MICS,1240.7674560546875,Age-Adjusted
TON,TONGA,1986,1986,Oceania,Polynesia,Oceania excluding Australia and New Zealand,EAP,EAP,WPRO,Upper Middle Income,East Asia & Pacific,,,Small island developing States (SIDS),1625,674,Total,Adjusted,1094.0,,,1.3,c,,,,"May,1986-December,1986","Maclean E, Badcock J, Bach F.","The 1986 national nutrition survey of the Kingdom of Tonga. Technical report National Food and Nutrition Committee. Nuku'alofa: Government of the Kingdom of Tonga, 1987",NNS,15.048999786376953,Age-Adjusted
TON,TONGA,2012,2012,Oceania,Polynesia,Oceania excluding Australia and New Zealand,EAP,EAP,WPRO,Upper Middle Income,East Asia & Pacific,,,Small island developing States (SIDS),3255,675,Total,Reported,,2.1,,5.2,,,1.8,,"September,2012-November,2012","Tonga Department of Statistics and Tonga Ministry of Health, SPC and UNFPA.","Tonga demographic and health survey 2012. Noumea, New Caledonia: Secretariat of the Pacific Community, 2013.",DHS-Style,14.054499626159668,Age-Adjusted
TON,TONGA,2019,2019,Oceania,Polynesia,Oceania excluding Australia and New Zealand,EAP,EAP,WPRO,Upper Middle Income,East Asia & Pacific,,,Small island developing States (SIDS),3530,4244,Total,Reanalyzed,1270.5,0.4,,1.1,,1308.9,0.8,,"October,2019-December,2019",Tonga Statistics Department,"Tonga Multiple Indicator Cluster Survey 2019, Survey Findings Report. Nuku’alofa, Tonga: Tonga Statistics Department",MICS,12.60099983215332,Age-Adjusted
TTO,TRINIDAD AND TOBAGO,1987,1987,Latin America and the Caribbean,Caribbean,Latin America and the Caribbean,LAC,LAC,AMRO,High Income,Latin America & Caribbean,,,Small island developing States (SIDS),222,676,Total,Reanalyzed,841.0,1.2,rw 23,3.6,rw 23,850.0,4.9,w 23,"May,1987-August,1987","Heath K, Da Costa-Martinez D, Sheon AR.","Trinidad and Tobago demographic and health survey 1987. Demographic and Health Surveys. Family Planning Association of Trinidad and Tobago. Port-of-Spain, Trinidad, 1988",DHS,155.0240020751953,Age-Adjusted
TTO,TRINIDAD AND TOBAGO,2000,2000,Latin America and the Caribbean,Caribbean,Latin America and the Caribbean,LAC,LAC,AMRO,High Income,Latin America & Caribbean,,,Small island developing States (SIDS),2526,677,Total,Reanalyzed,767.0,0.9,,5.2,,761.0,4.3,,"February,2000-March,2000","Central Statistical Office (Trinidad and Tobago), United Nations Children's Fund (UNICEF)","Trinidad and Tobago Multiple Indicator Cluster Survey 2000. New York, United States: United Nations Children's Fund (UNICEF)",MICS,97.30500030517578,Age-Adjusted
TTO,TRINIDAD AND TOBAGO,2011,2011,Latin America and the Caribbean,Caribbean,Latin America and the Caribbean,LAC,LAC,AMRO,High Income,Latin America & Caribbean,,,Small island developing States (SIDS),3355,1763,Total,Reanalyzed,1061.0,2.1,,6.4,,1094.8,4.9,,"November,2011-December,2011","Ministry of Social Development and Family Services, Central Statistical Office and UNICEF","Trinidad and Tobago Multiple Indicator Cluster Survey 2011, Key Findings & Tables. Port of Spain, Trinidad and Tobago: Ministry of Social Development and Familyvices, Central Statistical Office and UNICEF. 2017",MICS,95.21600341796875,Age-Adjusted
TUN,TUNISIA,1988,1988,Africa,Northern Africa,Western Asia and Northern Africa,MENA,MENA,EMRO,Lower Middle Income,Middle East & North Africa,,,,702,678,Total,Reanalyzed,2026.0,1.0,rw 23,4.4,rw 23,2014.0,8.5,w 23,"June,1988-October,1988","Aloui T, Ayad M, Fourati H.","Enquête démographique et de santé en Tunisie 1988. Demographic and Health Surveys. Office National de la Famille et de la Population. Tunis, Tunisie, 1989",DHS,1095.9420166015625,Age-Adjusted
TUN,TUNISIA,1996-1997,1997,Africa,Northern Africa,Western Asia and Northern Africa,MENA,MENA,EMRO,Lower Middle Income,Middle East & North Africa,,,,1969,679,Total,Adjusted,891.0,,,7.2,c,891.0,3.3,c,"June,1996-December,1997","Ministère de la Santé Publique, Institut National de Nutrition et de Technologie Alimentaire.","Enquête nationale 1996-1997. Evaluation de l'état nutritionnel de la population Tunisienne: Rapport national. Tunis, Tunisia: Sotepa Grafic, 1998",NNS,949.885986328125,Age-Adjusted
TUN,TUNISIA,2000,2000,Africa,Northern Africa,Western Asia and Northern Africa,MENA,MENA,EMRO,Lower Middle Income,Middle East & North Africa,,,,2373,680,Total,Adjusted,10553.0,,,2.9,c,10553.0,3.5,c,"June,2000-August,2000","Ministere de la Sante Publique, Republique Tunisienne","Tunisia multiple indicator cluster survey II 2000 (MICS II). Tunis, Tunisia: 2000",MICS,879.8375244140625,Age-Adjusted
TUN,TUNISIA,2006,2006,Africa,Northern Africa,Western Asia and Northern Africa,MENA,MENA,EMRO,Lower Middle Income,Middle East & North Africa,,,,2924,681,Total,External Reanalysis,2842.0,1.2,,3.4,,2842.0,3.3,,"June,2006-August,2006","Ministère de la Santé Publique, Office National de la Famille et de la Population et UNICEF.","Enquête sur la santé et le bien être de la mère et l'enfant: MICS 3. Tunis, Tunisia, 2008",MICS,834.9639892578125,Age-Adjusted
TUN,TUNISIA,2011-2012,2012,Africa,Northern Africa,Western Asia and Northern Africa,MENA,MENA,EMRO,Lower Middle Income,Middle East & North Africa,,,,3208,682,Total,Reanalyzed,2529.0,1.7,s,2.8,s,2677.3,2.3,s,"December,2011-April,2012","Ministère du Développement et de la Coopération Internationale (MDCI), Institut National de la Statistique (INS) et UNICEF.","Suivi de la situation des enfants et des femmes en Tunisie- Enquête par grappes à indicateurs multiples 2011-2012: Rapport Final. MICS. Tunis, Tunisie: MDCI, INS, UNICEF, 2013.",MICS,986.1815185546875,Age-Adjusted
TUN,TUNISIA,2018,2018,Africa,Northern Africa,Western Asia and Northern Africa,MENA,MENA,EMRO,Lower Middle Income,Middle East & North Africa,,,,3434,2651,Total,Reanalyzed,3281.1,0.9,,2.1,,3340.1,1.6,,"March,2018-June,2018",Institut National de la Statistique et UNICEF,"Enquête par grappes à indicateurs multiples (MICS), 2018, Rapport Final. Tunisie: le Ministère du Développement de l’Investissement et de la Coopération Internationale (MDICI)",MICS,1069.31201171875,Age-Adjusted
TKM,TURKMENISTAN,2000,2000,Asia,Central Asia,Central Asia and Southern Asia,ECA,EECA,EURO,Upper Middle Income,Europe & Central Asia,,,Landlocked developing countries (LLDCs),2304,689,Total,Reanalyzed,2979.3,3.1,,8.0,,3055.5,11.0,,"July,2000-October,2000","Gurbansoltan Eje Clinical Research Center for MCH (GECRCMCH), Ministry of Health & Medical Industry.","Turkmenistan demographic and health survey  2000. Demographic and Health Surveys. Calverton, Maryland, USA: GECRCMCH and ORC Macro, 2001",DHS,527.3795166015625,Age-Adjusted
TKM,TURKMENISTAN,2006,2006,Asia,Central Asia,Central Asia and Southern Asia,ECA,EECA,EURO,Upper Middle Income,Europe & Central Asia,,,Landlocked developing countries (LLDCs),3283,690,Total,Reanalyzed,2019.8,2.1,,7.2,,2039.5,9.2,,"June,2006-July,2006",National Institute of State Statistics and Information [Turkmenistan].,"Turkmenistan multiple indicator cluster survey 2006, Final Report. Ashgabat, Turkmenistan: Turkmenmillihasabat, 2006",MICS,539.9244995117188,Age-Adjusted
TKM,TURKMENISTAN,2015-2016,2015,Asia,Central Asia,Central Asia and Southern Asia,ECA,EECA,EURO,Upper Middle Income,Europe & Central Asia,,,Landlocked developing countries (LLDCs),3316,820,Total,Reanalyzed,3705.9,1.1,,4.2,,3718.4,3.2,,"September,2015-January,2016",The State Committee of Statistics of Turkmenistan and UNICEF,Turkmenistan 2015-16 Multiple Indicator Cluster Survey,MICS,745.7160034179688,Age-Adjusted
TKM,TURKMENISTAN,2019,2019,Asia,Central Asia,Central Asia and Southern Asia,ECA,EECA,EURO,Upper Middle Income,Europe & Central Asia,,,Landlocked developing countries (LLDCs),3531,2611,Total,Reanalyzed,3641.1,1.1,,4.1,,3653.3,3.1,,"May,2019-August,2019",The State Committee of Turkmenistan for Statistics and UNICEF,"Multiple Indicator Cluster Survey, 2019. Survey Report. Ashgabat, Turkmenistan, State Committee for Statistics of Turkmenistan and UNICEF.",MICS,820.1525268554688,Age-Adjusted
TCA,TURKS AND CAICOS ISLANDS,2019-2020,2020,Latin America and the Caribbean,Caribbean,Latin America and the Caribbean,LAC,LAC,AMRO,High Income,Latin America & Caribbean,,,,6943,2601,Total,Reanalyzed,279.7,0.1,,1.2,,282.7,0.4,,"October,2019-July,2020",Department of Statistics,"Turks & Caicos Islands Multiple Indicator Cluster Survey 2019-2020, Survey  Findings Report. Grand Turk, Turks & Caicos Islands: Department of Statistics",MICS,2.568000078201294,Age-Adjusted
TUV,TUVALU,2007,2007,Oceania,Polynesia,Oceania excluding Australia and New Zealand,EAP,EAP,WPRO,Upper Middle Income,East Asia & Pacific,Least Developed Countries (LDCs),,Small island developing States (SIDS),2945,691,Total,Reported,430.0,0.9,,3.3,,430.0,1.6,,"June,2007-October,2007","Central Statistics Division (TCSD), SPC and Macro International Inc.","Tuvalu demographic and health survey. DHS. Noumea, New Caledonia: TCSD, SPC and Macro International Inc, 2007",DHS-Style,1.1510000228881836,Age-Adjusted
TUV,TUVALU,2019-2020,2019,Oceania,Polynesia,Oceania excluding Australia and New Zealand,EAP,EAP,WPRO,Upper Middle Income,East Asia & Pacific,Least Developed Countries (LDCs),,Small island developing States (SIDS),6951,3303,Total,Reanalyzed,478.6,1.3,,2.8,,494.7,2.9,,"November,2019-February,2020","Central Statistics Division (TCSD), SPC","Tuvalu Multiple Indicator Cluster Survey 2019-20, Survey Findings Report. Funafuti, Tuvalu: Central Statistics Division",MICS,1.1714999675750732,Age-Adjusted
TUR,TüRKIYE,1993,1993,Asia,Western Asia,Western Asia and Northern Africa,ECA,EECA,EURO,Upper Middle Income,Europe & Central Asia,,,,1387,683,Total,Reanalyzed,3164.7,1.0,,3.9,,3255.1,8.7,,"August,1993-October,1993","Ministry of Health [Turkey], Hacettepe University Institute of Population Studies, and Macro International Inc.","Turkey demographic and health survey, 1993. Demographic and Health Surveys. Ankara, Turkey, 1994",DHS,6758.3017578125,Age-Adjusted
TUR,TüRKIYE,1995,1995,Asia,Western Asia,Western Asia and Northern Africa,ECA,EECA,EURO,Upper Middle Income,Europe & Central Asia,,,,1656,684,Total,Adjusted,,,,,,2871.0,9.0,c,"October,1995-November,1995",Ministry of Health.,"Multiple indicator cluster survey in Turkey 1995. Ankara: National Bureau of Statistics, 1996",MICS,6763.24365234375,Age-Adjusted
TUR,TüRKIYE,1998,1998,Asia,Western Asia,Western Asia and Northern Africa,ECA,EECA,EURO,Upper Middle Income,Europe & Central Asia,,,,1996,685,Total,Reanalyzed,2693.3,0.8,,3.0,,2866.8,7.0,,"August,1998-November,1998","Hacettepe University, Institute of Population Studies/Turkey and Macro International","Turkish demographic and health survey 1998. Demographic and Health Surveys. Hacettepe University, Institute of Population Studies. Ankara, Turkey, 1999",DHS,6784.0419921875,Age-Adjusted
TUR,TüRKIYE,2003-2004,2004,Asia,Western Asia,Western Asia and Northern Africa,ECA,EECA,EURO,Upper Middle Income,Europe & Central Asia,,,,2781,686,Total,Reanalyzed,3678.7,0.4,,1.1,,3771.7,3.5,,"December,2003-May,2004","Hacettepe University Institute of Population Studies, Turkey.","Demographic and health survey, 2003.  Ankara, Turkey: Hacettepe University Institute of Population Studies, MoH General Directorate of Mother and Child Health and Family Planning, State Planning Organization and the EU, 2004",DHS,6502.24609375,Age-Adjusted
TUR,TüRKIYE,2008,2008,Asia,Western Asia,Western Asia and Northern Africa,ECA,EECA,EURO,Upper Middle Income,Europe & Central Asia,,,,3203,687,Total,Reanalyzed,2485.4,0.3,,1.0,,2693.6,1.9,,"October,2008-December,2008","Hacettepe University Institute of Population Studies, Ministry of Health General Directorate of Mother and Child Health and Family Planning, T.R. Prime Minister Undersecretary of State Planning Organization and TÜBITAK","Turkey Demographic and Health Survey 2008. Ankara, Turkey: Institute of Population Studies, Hacettepe University.",DHS,6272.78369140625,Age-Adjusted
TUR,TüRKIYE,2013-2014,2013,Asia,Western Asia,Western Asia and Northern Africa,ECA,EECA,EURO,Upper Middle Income,Europe & Central Asia,,,,3227,688,Total,Reanalyzed,2534.3,0.5,,1.9,,2651.4,2.3,,"September,2013-January,2014",Hacettepe University Institute of Population Studies; ICF,"2013 Turkey Demographic and Health Survey Ankara, Turkey: Hacettepe University Institute of Population Studies, T.R. Ministry of Development and TÜBYTAK, 2014.",DHS,6296.52392578125,Age-Adjusted
TUR,TüRKIYE,2018-2019,2018,Asia,Western Asia,Western Asia and Northern Africa,ECA,EECA,EURO,Upper Middle Income,Europe & Central Asia,,,,3435,3744,Total,Reanalyzed,1935.3,0.6,,1.7,,2014.5,1.5,,"October,2018-February,2019",Hacettepe University Institute of Population Studies,"2018 Turkey Demographic and Health Survey. Hacettepe University Institute of Population Studies, T.R. Presidency of Turkey Directorate of Strategy and Budget and TÜBİTAK, Ankara, Turkey.",DHS-Style,6924.978515625,Age-Adjusted
UGA,UGANDA,1988-1989,1988,Africa,Eastern Africa,Sub-Saharan Africa,SSA,ESA,AFRO,Low Income,Sub-Saharan Africa,Least Developed Countries (LDCs),Low-Income Food-Deficit (LIFD),Landlocked developing countries (LLDCs),95,692,Total,Reanalyzed,3805.1,0.9,r,3.1,r,3819.2,19.7,p,"September,1988-February,1989","Kaijuka EM, Kaija EZA, Cross AR, Loaiza E.","Uganda demographic and health survey 1988/89. Demographic and Health Surveys. Ministry of Health. Entebbe, Uganda, 1989",DHS,3260.8369140625,Age-Adjusted
UGA,UGANDA,1995,1995,Africa,Eastern Africa,Sub-Saharan Africa,SSA,ESA,AFRO,Low Income,Sub-Saharan Africa,Least Developed Countries (LDCs),Low-Income Food-Deficit (LIFD),Landlocked developing countries (LLDCs),1648,693,Total,Reanalyzed,4925.4,2.0,b,6.0,b,4939.8,21.3,b,"March,1995-August,1995",Statistics Department [Uganda] and Macro International Inc.,"Uganda demographic and health survey 1995. Demographic and Health Surveys. Calverton, Maryland: Statistics Department and Macro International Inc., 1996",DHS,4204.72314453125,Age-Adjusted
UGA,UGANDA,2000-2001,2000,Africa,Eastern Africa,Sub-Saharan Africa,SSA,ESA,AFRO,Low Income,Sub-Saharan Africa,Least Developed Countries (LDCs),Low-Income Food-Deficit (LIFD),Landlocked developing countries (LLDCs),2313,694,Total,Reanalyzed,6363.1,1.5,5,5.0,5,6314.9,19.2,5,"August,2000-March,2001",Uganda Bureau of Statistics (UBOS) and ORC Macro.,"Uganda demographic and health survey 2000-2001. Demographic and Health Surveys. Calverton, Maryland, USA: UBOS and ORC Macro, 2001",DHS,4815.83837890625,Age-Adjusted
UGA,UGANDA,2006,2006,Africa,Eastern Africa,Sub-Saharan Africa,SSA,ESA,AFRO,Low Income,Sub-Saharan Africa,Least Developed Countries (LDCs),Low-Income Food-Deficit (LIFD),Landlocked developing countries (LLDCs),2885,695,Total,Reanalyzed,2755.5,2.2,,6.2,,2742.2,16.3,,"May,2006-October,2006",Uganda Bureau of Statistics (UBOS) and Macro International Inc.,"Uganda demographic and health survey 2006. Demographic and Health Surveys. Calverton, Maryland, USA: UBOS and Macro International Inc., 2007",DHS,5653.36767578125,Age-Adjusted
UGA,UGANDA,2009-2010,2009,Africa,Eastern Africa,Sub-Saharan Africa,SSA,ESA,AFRO,Low Income,Sub-Saharan Africa,Least Developed Countries (LDCs),Low-Income Food-Deficit (LIFD),Landlocked developing countries (LLDCs),3436,735,Total,Reanalyzed,3322709.0,1.4,s,4.4,s,3086438.2,15.7,s,"May,2009-April,2010",Uganda Bureau of Statistics,The Uganda National Panel Survey (UNPS) 2009/10,LSMS,6034.4501953125,Age-Adjusted
UGA,UGANDA,2010-2011,2011,Africa,Eastern Africa,Sub-Saharan Africa,SSA,ESA,AFRO,Low Income,Sub-Saharan Africa,Least Developed Countries (LDCs),Low-Income Food-Deficit (LIFD),Landlocked developing countries (LLDCs),6975,732,Total,Reanalyzed,3018119.2,1.7,b,3.8,b,3020753.0,12.6,b,"November,2010-October,2011",Uganda Bureau of Statistics,Uganda National Panel Survey 2010/11,LSMS,6286.9755859375,Age-Adjusted
UGA,UGANDA,2011,2011,Africa,Eastern Africa,Sub-Saharan Africa,SSA,ESA,AFRO,Low Income,Sub-Saharan Africa,Least Developed Countries (LDCs),Low-Income Food-Deficit (LIFD),Landlocked developing countries (LLDCs),3131,696,Total,Reanalyzed,2426.2,1.5,,4.6,,2395.3,14.1,,"June,2011-December,2011",Uganda Bureau of Statistics (UBOS) and ICF International Inc.,"Uganda demographic and health survey 2011. Demographic and Health Surveys. Kampala, Uganda: UBOS and Calverton, Maryland: ICF International Inc., 2012",DHS,6286.9755859375,Age-Adjusted
UGA,UGANDA,2011-2012,2012,Africa,Eastern Africa,Sub-Saharan Africa,SSA,ESA,AFRO,Low Income,Sub-Saharan Africa,Least Developed Countries (LDCs),Low-Income Food-Deficit (LIFD),Landlocked developing countries (LLDCs),3320,697,Total,Reanalyzed,2886091.0,0.3,s,4.2,s,2947915.0,11.9,s,"November,2011-November,2012",Uganda Bureau of Statistics (UBOS).,"Uganda National Panel Survey (UNPS) - Wave III. Kampala, Uganda: UBOS, 2013",LSMS,6410.1015625,Age-Adjusted
UGA,UGANDA,2013-2014,2014,Africa,Eastern Africa,Sub-Saharan Africa,SSA,ESA,AFRO,Low Income,Sub-Saharan Africa,Least Developed Countries (LDCs),Low-Income Food-Deficit (LIFD),Landlocked developing countries (LLDCs),3437,731,Total,Reanalyzed,3685525.8,0.9,s,3.8,s,3537401.8,11.7,s,"September,2013-August,2014",Uganda Bureau of Statistics,The Uganda National Panel Survey (UNPS) 2013/14,LSMS,6635.1640625,Age-Adjusted
UGA,UGANDA,2015-2016,2015,Africa,Eastern Africa,Sub-Saharan Africa,SSA,ESA,AFRO,Low Income,Sub-Saharan Africa,Least Developed Countries (LDCs),Low-Income Food-Deficit (LIFD),Landlocked developing countries (LLDCs),6990,2643,Total,Reanalyzed,2365773.5,1.8,b,5.7,b,2375710.0,8.8,b,"March,2015-March,2016","UBOS, World Bank",Uganda National Panel Survey 2015-16,LSMS,6735.8212890625,Age-Adjusted
UGA,UGANDA,2016,2016,Africa,Eastern Africa,Sub-Saharan Africa,SSA,ESA,AFRO,Low Income,Sub-Saharan Africa,Least Developed Countries (LDCs),Low-Income Food-Deficit (LIFD),Landlocked developing countries (LLDCs),3356,1389,Total,Reanalyzed,5190.7,1.3,,3.5,,5136.2,10.4,,"June,2016-December,2016",Uganda Bureau of Statistics (UBOS); ICF,"Uganda Demographic and Health Survey 2016. Kampala, Uganda and Rockville, Maryland, USA: UBOS and ICF. 2018",DHS,6839.2294921875,Age-Adjusted
UGA,UGANDA,2018-2019,2018,Africa,Eastern Africa,Sub-Saharan Africa,SSA,ESA,AFRO,Low Income,Sub-Saharan Africa,Least Developed Countries (LDCs),Low-Income Food-Deficit (LIFD),Landlocked developing countries (LLDCs),7001,4376,Total,Reanalyzed,5471695.0,0.7,s,2.8,s,5605239.5,7.7,s,"February,2018-February,2019",Uganda Bureau of Statistics,Uganda National Panel Survey 2018-2019,LSMS,7096.84521484375,Age-Adjusted
UGA,UGANDA,2019-2020,2020,Africa,Eastern Africa,Sub-Saharan Africa,SSA,ESA,AFRO,Low Income,Sub-Saharan Africa,Least Developed Countries (LDCs),Low-Income Food-Deficit (LIFD),Landlocked developing countries (LLDCs),7003,4624,Total,Reanalyzed,4664971.5,1.0,s,3.6,s,4791740.0,7.6,s,"March,2019-December,2020",Uganda Bureau of Statistics,Uganda National Panel Survey 2019-2020,LSMS,7431.130859375,Age-Adjusted
UGA,UGANDA,2022,2022,Africa,Eastern Africa,Sub-Saharan Africa,SSA,ESA,AFRO,Low Income,Sub-Saharan Africa,Least Developed Countries (LDCs),Low-Income Food-Deficit (LIFD),Landlocked developing countries (LLDCs),10074,9239,Total,Reported,5031.0,1.0,,3.2,,5042.0,9.7,,"May,2022-December,2022",Uganda Bureau of Statistics,"Uganda Demographic and Health Survey 2022. Kampala, Uganda: UBOS. 2023",DHS,7786.40185546875,Age-Adjusted
UKR,UKRAINE,2000,2000,Europe,Eastern Europe,Northern America and Europe,ECA,EECA,EURO,Upper Middle Income,Europe & Central Asia,,,,2288,698,Total,Reanalyzed,3850.0,3.8,r,8.2,r,4247.0,4.1,,"June,2000-August,2000",State Statistics Committee of Ukraine.,Ukraine Multiple Indicator Cluster Survey 2000,MICS,2149.7265625,Age-Adjusted
GBR,UNITED KINGDOM OF GREAT BRITAIN AND NORTHERN IRELAND,2006-2007,2007,Europe,Northern Europe,Northern America and Europe,ECA,WE,EURO,High Income,Europe & Central Asia,,,,11613,9240,Total,Reanalyzed,132006.0,0.1,b,0.6,b,132968.0,0.7,b,"September,2006-August,2007",Information Centre for Health and Social Care.,"National Child Measurement Programme, 2006-2007. [data collection]. 2nd Edition. UK Data Service. SN: 6787, DOI: http://doi.org/10.5255/UKDA-SN-6787-2",Admin,3663.887939453125,Age-Adjusted
GBR,UNITED KINGDOM OF GREAT BRITAIN AND NORTHERN IRELAND,2007-2008,2008,Europe,Northern Europe,Northern America and Europe,ECA,WE,EURO,High Income,Europe & Central Asia,,,,11614,9241,Total,Reanalyzed,198798.0,0.1,b,0.6,b,200364.0,0.6,b,"September,2007-August,2008",Information Centre for Health and Social Care,"National Child Measurement Programme, 2007-2008. [data collection]. 2nd Edition. UK Data Service. SN: 6788, DOI: http://doi.org/10.5255/UKDA-SN-6788-2",Admin,3764.907958984375,Age-Adjusted
GBR,UNITED KINGDOM OF GREAT BRITAIN AND NORTHERN IRELAND,2008-2009,2009,Europe,Northern Europe,Northern America and Europe,ECA,WE,EURO,High Income,Europe & Central Asia,,,,11615,9242,Total,Reanalyzed,225979.0,0.1,b,0.5,b,227577.0,0.6,b,"September,2008-August,2009",Information Centre for Health and Social Care,"National Child Measurement Programme, 2008-2009. [data collection]. 3rd Edition. UK Data Service. SN: 6577, DOI: http://doi.org/10.5255/UKDA-SN-6577-2",Admin,3851.75,Age-Adjusted
GBR,UNITED KINGDOM OF GREAT BRITAIN AND NORTHERN IRELAND,2009-2010,2010,Europe,Northern Europe,Northern America and Europe,ECA,WE,EURO,High Income,Europe & Central Asia,,,,11616,9243,Total,Reanalyzed,247875.0,0.1,b,0.4,b,249752.0,0.6,b,"September,2009-August,2010",Information Centre for Health and Social Care.,"National Child Measurement Programme, 2009-2010. [data collection]. 2nd Edition. UK Data Service. SN: 6789, DOI: http://doi.org/10.5255/UKDA-SN-6789-2",Admin,3923.392578125,Age-Adjusted
GBR,UNITED KINGDOM OF GREAT BRITAIN AND NORTHERN IRELAND,2008-2012,2010,Europe,Northern Europe,Northern America and Europe,ECA,WE,EURO,High Income,Europe & Central Asia,,,,534,8959,Total,Reanalyzed,211.0,0.0,b,0.2,b,,,,"February,2008-August,2012","NatCen Social Research, MRC Elsie Widdowson Laboratory, University College London. Medical School","National Diet and Nutrition Survey Years 1-4, 2008/09-2011/12. UK Data Service. SN: 6533, http://doi.org/10.5255/UKDA-SN-6533-7",NNS,3923.392578125,Age-Adjusted
GBR,UNITED KINGDOM OF GREAT BRITAIN AND NORTHERN IRELAND,2010-2011,2011,Europe,Northern Europe,Northern America and Europe,ECA,WE,EURO,High Income,Europe & Central Asia,,,,11617,9244,Total,Reanalyzed,267763.0,0.1,b,0.4,b,269674.0,0.6,b,"September,2010-August,2011",Information Centre for Health and Social Care,"National Child Measurement Programme, 2010-2011. [data collection]. UK Data Service. SN: 7189, DOI: http://doi.org/10.5255/UKDA-SN-7189-1",Admin,3986.366943359375,Age-Adjusted
GBR,UNITED KINGDOM OF GREAT BRITAIN AND NORTHERN IRELAND,2011,2011,Europe,Northern Europe,Northern America and Europe,ECA,WE,EURO,High Income,Europe & Central Asia,,,,7048,1077,Total,Reanalyzed,2581.0,0.3,b,1.3,b,2611.6,0.1,b,"January,2011-August,2011","NatCen Social Research, Medical Research Council. Resource Centre for Human Nutrition Research, Medical Research Council. Epidemiology and Medical Care Unit, University of Newcastle upon Tyne. Institute for Ageing and Health. HMRC","Diet and Nutrition Survey of Infants and Young Children, 2011. [data collection]. 2nd Edition. UK Data Service. SN: 7263, http://doi.org/10.5255/UKDA-SN-7263-2",Other,3986.366943359375,Age-Adjusted
GBR,UNITED KINGDOM OF GREAT BRITAIN AND NORTHERN IRELAND,2011-2012,2012,Europe,Northern Europe,Northern America and Europe,ECA,WE,EURO,High Income,Europe & Central Asia,,,,11618,9245,Total,Reanalyzed,291229.0,0.1,b,0.4,b,293232.0,0.6,b,"September,2011-August,2012",Information Centre for Health and Social Care.,"National Child Measurement Programme, 2011-2012. [data collection]. UK Data Service. SN: 7395, DOI: http://doi.org/10.5255/UKDA-SN-7395-1",Admin,4036.92138671875,Age-Adjusted
GBR,UNITED KINGDOM OF GREAT BRITAIN AND NORTHERN IRELAND,2012-2013,2013,Europe,Northern Europe,Northern America and Europe,ECA,WE,EURO,High Income,Europe & Central Asia,,,,11619,9246,Total,Reanalyzed,300791.0,0.1,b,0.4,b,302872.0,0.6,b,"September,2012-July,2013",Health and Social Care Information Centre,"National Child Measurement Programme, 2012-2013. [data collection]. UK Data Service. SN: 7567, DOI: http://doi.org/10.5255/UKDA-SN-7567-1",Admin,4062.907958984375,Age-Adjusted
GBR,UNITED KINGDOM OF GREAT BRITAIN AND NORTHERN IRELAND,2012-2014,2013,Europe,Northern Europe,Northern America and Europe,ECA,WE,EURO,High Income,Europe & Central Asia,,,,9807,8960,Total,Reanalyzed,90.5,0.0,b,0.2,b,,,,"April,2012-June,2014","NatCen Social Research, MRC Elsie Widdowson Laboratory","United Kingdom National Diet and Nutrition Survey Years 5-6, 2012/13-2013/14",NNS,4062.907958984375,Age-Adjusted
GBR,UNITED KINGDOM OF GREAT BRITAIN AND NORTHERN IRELAND,2013-2014,2014,Europe,Northern Europe,Northern America and Europe,ECA,WE,EURO,High Income,Europe & Central Asia,,,,11634,9247,Total,Reanalyzed,302111.0,0.1,b,0.4,b,304278.0,0.6,b,"September,2013-August,2014",Health and Social Care Information Centre,"National Child Measurement Programme - England, 2013-14",Admin,4070.180908203125,Age-Adjusted
GBR,UNITED KINGDOM OF GREAT BRITAIN AND NORTHERN IRELAND,2014-2015,2015,Europe,Northern Europe,Northern America and Europe,ECA,WE,EURO,High Income,Europe & Central Asia,,,,11633,9248,Total,Reanalyzed,329133.0,0.1,b,0.4,b,330696.0,0.6,b,"September,2014-August,2015",Health and Social Care Information Centre,"National Child Measurement Programme - England, 2014-15",Admin,4066.576904296875,Age-Adjusted
GBR,UNITED KINGDOM OF GREAT BRITAIN AND NORTHERN IRELAND,2014-2016,2015,Europe,Northern Europe,Northern America and Europe,ECA,WE,EURO,High Income,Europe & Central Asia,,,,9806,8961,Total,Reanalyzed,86.9,0.1,b,0.4,b,,,,"April,2014-June,2016","NatCen Social Research, MRC Elsie Widdowson Laboratory","United Kingdom National Diet and Nutrition Survey Years 7-8, 2014/15-2015/16",NNS,4066.576904296875,Age-Adjusted
GBR,UNITED KINGDOM OF GREAT BRITAIN AND NORTHERN IRELAND,2015-2016,2016,Europe,Northern Europe,Northern America and Europe,ECA,WE,EURO,High Income,Europe & Central Asia,,,,11632,9249,Total,Reanalyzed,327366.0,0.1,b,0.4,b,328994.0,0.6,b,"September,2015-August,2016",Health and Social Care Information Centre,"National Child Measurement Programme - England, 2015-16",Admin,4044.3544921875,Age-Adjusted
GBR,UNITED KINGDOM OF GREAT BRITAIN AND NORTHERN IRELAND,2016-2017,2017,Europe,Northern Europe,Northern America and Europe,ECA,WE,EURO,High Income,Europe & Central Asia,,,,11631,9250,Total,Reanalyzed,337404.0,0.1,b,0.4,b,339069.0,0.5,b,"September,2016-August,2017",Health and Social Care Information Centre,"National Child Measurement Programme - England, 2016-17",Admin,4000.989013671875,Age-Adjusted
GBR,UNITED KINGDOM OF GREAT BRITAIN AND NORTHERN IRELAND,2016-2019,2017,Europe,Northern Europe,Northern America and Europe,ECA,WE,EURO,High Income,Europe & Central Asia,,,,9805,8962,Total,Reanalyzed,111.0,0.3,b,0.4,b,,,,"April,2016-June,2019","NatCen Social Research, MRC Elsie Widdowson Laboratory","United Kingdom National Diet and Nutrition Survey Years 9-11, 2016/17-2018/19",NNS,4000.989013671875,Age-Adjusted
GBR,UNITED KINGDOM OF GREAT BRITAIN AND NORTHERN IRELAND,2017-2018,2018,Europe,Northern Europe,Northern America and Europe,ECA,WE,EURO,High Income,Europe & Central Asia,,,,11630,9251,Total,Reanalyzed,310533.0,0.1,b,0.4,b,312181.0,0.6,b,"September,2017-August,2018",Health and Social Care Information Centre,"National Child Measurement Programme, England - 2017/18 School Year [PAS]",Admin,3946.426513671875,Age-Adjusted
GBR,UNITED KINGDOM OF GREAT BRITAIN AND NORTHERN IRELAND,2018-2019,2019,Europe,Northern Europe,Northern America and Europe,ECA,WE,EURO,High Income,Europe & Central Asia,,,,11629,9252,Total,Reanalyzed,309088.0,0.1,b,0.4,b,310667.0,0.6,b,"September,2018-August,2019",Health and Social Care Information Centre,"National Child Measurement Programme, England 2018/19 School Year [NS]",Admin,3882.678955078125,Age-Adjusted
TZA,UNITED REPUBLIC OF TANZANIA,1991-1992,1991,Africa,Eastern Africa,Sub-Saharan Africa,SSA,ESA,AFRO,Lower Middle Income,Sub-Saharan Africa,Least Developed Countries (LDCs),Low-Income Food-Deficit (LIFD),,473,700,Total,Reanalyzed,6517.1,2.8,,7.8,,6399.7,24.8,,"October,1991-March,1992","Ngallaba S, Kapiga SH, Ruyobya I, Boerma JT.","Tanzania demographic and health survey 1991/92. Demographic and Health Surveys. Dar es Salaam, United Republic of Tanzania, 1992",DHS,4758.326171875,Age-Adjusted
TZA,UNITED REPUBLIC OF TANZANIA,1996,1996,Africa,Eastern Africa,Sub-Saharan Africa,SSA,ESA,AFRO,Lower Middle Income,Sub-Saharan Africa,Least Developed Countries (LDCs),Low-Income Food-Deficit (LIFD),,1752,701,Total,Reanalyzed,5520.0,2.9,,8.5,,5561.4,26.8,,"July,1996-November,1996",Bureau of Statistics [Tanzania] and Macro International Inc.,"Tanzania demographic and health survey 1996. Demographic and Health Surveys. Calverton, Maryland: Bureau of Statistics and Macro International Inc., 1997",DHS,5335.9580078125,Age-Adjusted
TZA,UNITED REPUBLIC OF TANZANIA,1999,1999,Africa,Eastern Africa,Sub-Saharan Africa,SSA,ESA,AFRO,Lower Middle Income,Sub-Saharan Africa,Least Developed Countries (LDCs),Low-Income Food-Deficit (LIFD),,2182,702,Total,Reanalyzed,2617.3,2.0,,5.6,,2648.5,25.3,,"September,1999-November,1999",National Bureau of Statistics (NBS) [Tanzania] and ORC Macro.,"Tanzania reproductive and child health survey 1999. Demographic and Health Surveys. Calverton, Maryland: National Bureau of Statistics [Tanzania] and Macro International Inc., 2000",DHS,5827.330078125,Age-Adjusted
TZA,UNITED REPUBLIC OF TANZANIA,2004-2005,2004,Africa,Eastern Africa,Sub-Saharan Africa,SSA,ESA,AFRO,Lower Middle Income,Sub-Saharan Africa,Least Developed Countries (LDCs),Low-Income Food-Deficit (LIFD),,2766,703,Total,Reanalyzed,8118.4,1.0,,3.5,,8168.2,16.7,,"October,2004-February,2005",National Bureau of Statistics (NBS) [Tanzania] and ORC Macro.,"Tanzania demographic and health survey  2004-05. Demographic and Health Surveys. Dar es Salaam, Tanzania: National Bureau of Statistics and ORC Macro, 2005",DHS,6712.06396484375,Age-Adjusted
TZA,UNITED REPUBLIC OF TANZANIA,2008-2009,2009,Africa,Eastern Africa,Sub-Saharan Africa,SSA,ESA,AFRO,Lower Middle Income,Sub-Saharan Africa,Least Developed Countries (LDCs),Low-Income Food-Deficit (LIFD),,3167,704,Total,Reanalyzed,5728513.0,0.8,,2.9,,5211950.5,16.4,p,"October,2008-September,2009",National Bureau of Statistics (NBS) [Tanzania].,"Tanzania National Panel Survey Report (NPS) - Wave 2, 2008 - 2009. Dar es Salaam, Tanzania: NBS",LSMS,7691.3203125,Age-Adjusted
TZA,UNITED REPUBLIC OF TANZANIA,2009-2010,2010,Africa,Eastern Africa,Sub-Saharan Africa,SSA,ESA,AFRO,Lower Middle Income,Sub-Saharan Africa,Least Developed Countries (LDCs),Low-Income Food-Deficit (LIFD),,3076,705,Total,Reanalyzed,7559.7,1.3,,4.9,,7675.9,16.1,,"December,2009-May,2010",National Bureau of Statistics (NBS) [Tanzania] and ICF Macro.,"Tanzania demographic and health survey  2010. Demographic and Health Surveys. Dar es Salaam, Tanzania: NBS and ICF Macro, 2011",DHS,7828.0078125,Age-Adjusted
TZA,UNITED REPUBLIC OF TANZANIA,2010-2011,2011,Africa,Eastern Africa,Sub-Saharan Africa,SSA,ESA,AFRO,Lower Middle Income,Sub-Saharan Africa,Least Developed Countries (LDCs),Low-Income Food-Deficit (LIFD),,3447,706,Total,Reanalyzed,6801409.0,1.7,,6.2,,6497374.5,14.1,p,"October,2010-September,2011",National Bureau of Statistics (NBS) [Tanzania].,"Tanzania National Panel Survey Report (NPS) - Wave 2, 2010 - 2011. Dar es Salaam, Tanzania: NBS, 2012.",LSMS,7958.19677734375,Age-Adjusted
TZA,UNITED REPUBLIC OF TANZANIA,2012-2013,2013,Africa,Eastern Africa,Sub-Saharan Africa,SSA,ESA,AFRO,Lower Middle Income,Sub-Saharan Africa,Least Developed Countries (LDCs),Low-Income Food-Deficit (LIFD),,3317,707,Total,Reanalyzed,6565672.5,1.5,,4.4,,6352019.0,13.1,p,"October,2012-November,2013",National Bureau of Statistics (NBS) [Tanzania].,"Tanzania National Panel Survey Report (NPS) - Wave 3, 2012 - 2013. Dar es Salaam, Tanzania: NBS, 2014",LSMS,8289.66796875,Age-Adjusted
TZA,UNITED REPUBLIC OF TANZANIA,2014,2014,Africa,Eastern Africa,Sub-Saharan Africa,SSA,ESA,AFRO,Lower Middle Income,Sub-Saharan Africa,Least Developed Countries (LDCs),Low-Income Food-Deficit (LIFD),,3318,708,Total,Reported,,0.9,q,3.8,q,,13.4,,"September,2014-November,2014","Tanzania Food and Nutrition Centre, Ministry of Health and Social Welfare.","Tanzania national nutrition survey 2014: Final report. United Republic of Tanzania, December 2014.",SMART,8513.73828125,Age-Adjusted
TZA,UNITED REPUBLIC OF TANZANIA,2015-2016,2015,Africa,Eastern Africa,Sub-Saharan Africa,SSA,ESA,AFRO,Lower Middle Income,Sub-Saharan Africa,Least Developed Countries (LDCs),Low-Income Food-Deficit (LIFD),,3319,709,Total,Reanalyzed,9815.9,1.2,,4.5,,9885.6,13.7,,"August,2015-February,2016",National Bureau of Statistics (NBS) [Tanzania].,"Tanzania demographic and health survey  2015-16. Demographic and Health Surveys. Dar es Salaam, Tanzania: NBS and ICF International, 2016",DHS,8753.49609375,Age-Adjusted
TZA,UNITED REPUBLIC OF TANZANIA,2018,2018,Africa,Eastern Africa,Sub-Saharan Africa,SSA,ESA,AFRO,Lower Middle Income,Sub-Saharan Africa,Least Developed Countries (LDCs),Low-Income Food-Deficit (LIFD),,3438,3581,Total,Reported,,0.4,q,3.5,q,,14.6,,"September,2018-November,2018","Ministry of Health, Community Development, Gender, Elderly and Children (MoHCDGEC) [Tanzania Mainland], Ministry of Health (MoH) [Zanzibar], Tanzania Food and Nutrition Centre (TFNC), National Bureau of Statistics (NBS), Office of the Chief Government Sta","Tanzania National Nutrition Survey using SMART Methodology (TNNS) 2018. Dar es Salaam, Tanzania: MoHCDGEC, MoH, TFNC, NBS, OCGS, and UNICEF.",SMART,9591.0146484375,Age-Adjusted
TZA,UNITED REPUBLIC OF TANZANIA,2020-2022,2021,Africa,Eastern Africa,Sub-Saharan Africa,SSA,ESA,AFRO,Lower Middle Income,Sub-Saharan Africa,Least Developed Countries (LDCs),Low-Income Food-Deficit (LIFD),,9837,8971,Total,Reanalyzed,8654908.0,0.9,,3.6,,8741232.0,10.8,p,"December,2020-January,2022",National Bureau of Statistics,"Tanzania 2020-2022 National Panel Survey, Wave 5",LSMS,10365.478515625,Age-Adjusted
TZA,UNITED REPUBLIC OF TANZANIA,2022,2022,Africa,Eastern Africa,Sub-Saharan Africa,SSA,ESA,AFRO,Lower Middle Income,Sub-Saharan Africa,Least Developed Countries (LDCs),Low-Income Food-Deficit (LIFD),,9842,8957,Total,Reanalyzed,5537.0,0.9,,3.1,,5550.7,11.4,,"March,2022-July,2022","Ministry of Health (MoH) [Tanzania Mainland], Ministry of Health (MoH) [Zanzibar], National Bureau of Statistics (NBS), Office of the Chief Government Statistician (OCGS), and ICF. 2022","Tanzania Demographic and Health Survey and Malaria Indicator Survey 2022 Final Report. Dodoma, Tanzania, and Rockville, Maryland, USA: MoH, NBS, OCGS, and ICF.",DHS,10595.9228515625,Age-Adjusted
USA,UNITED STATES OF AMERICA,1988-1994,1991,Northern America,Northern America,Northern America and Europe,,,AMRO,High Income,North America,,,,1766,710,Total,External Reanalysis,,0.1,v 3,0.5,v 3,,0.8,v 3,"January,1988-December,1994","National Center for Health Statistics, Centers for Disease Control and Prevention.","Third national health and nutrition examination survey, 1988-94 (NHANES III). Vital Health Statistics 1994;32:1-2",NHANES,19663.1484375,Age-Adjusted
USA,UNITED STATES OF AMERICA,1999-2000,2000,Northern America,Northern America,Northern America and Europe,,,AMRO,High Income,North America,,,,3532,1202,Total,External Reanalysis,,0.1,,0.5,,,1.1,,"January,1999-December,2000","National Center for Health Statistics (NCHS), Centers for Disease Control and Prevention (CDC)","United States National Health and Nutrition Examination Survey 1999-2000. Hyattsville, United States: National Center for Health Statistics (NCHS), Centers for Disease Control and Prevention (CDC).",NHANES,19054.650390625,Age-Adjusted
USA,UNITED STATES OF AMERICA,2001-2002,2002,Northern America,Northern America,Northern America and Europe,,,AMRO,High Income,North America,,,,3533,711,Total,External Reanalysis,,0.0,,0.3,,,0.8,,"January,2001-December,2002","National Center for Health Statistics (NCHS), Centers for Disease Control and Prevention (CDC)","United States National Health and Nutrition Examination Survey 2001-2002. Hyattsville, United States: National Center for Health Statistics (NCHS), Centers for Disease Control and Prevention (CDC).",NHANES,19369.1875,Age-Adjusted
USA,UNITED STATES OF AMERICA,2003-2004,2004,Northern America,Northern America,Northern America and Europe,,,AMRO,High Income,North America,,,,3534,712,Total,External Reanalysis,,0.0,,0.7,,,1.3,,"January,2003-December,2004",Centers for Disease Control and Prevention (CDC). National Center for Health Statistics (NCHS).,"National Health and Nutrition Examination Survey Data. Hyattsville, MD: U.S. Department of Health and Human Services, CDC, [2003-04]",NHANES,19718.26953125,Age-Adjusted
USA,UNITED STATES OF AMERICA,2005-2006,2006,Northern America,Northern America,Northern America and Europe,,,AMRO,High Income,North America,,,,3535,1340,Total,External Reanalysis,,0.2,,0.9,,,0.7,,"January,2005-December,2006",Centers for Disease Control and Prevention (CDC). National Center for Health Statistics (NCHS).,"National Health and Nutrition Examination Survey Data. Hyattsville, MD: U.S. Department of Health and Human Services, CDC, [2005-06]",NHANES,20027.0546875,Age-Adjusted
USA,UNITED STATES OF AMERICA,2007-2008,2008,Northern America,Northern America,Northern America and Europe,,,AMRO,High Income,North America,,,,3536,713,Total,External Reanalysis,,0.1,,0.6,,,0.7,,"January,2007-December,2008",Centers for Disease Control and Prevention (CDC). National Center for Health Statistics (NCHS).,"National Health and Nutrition Examination Survey Data. Hyattsville, MD: U.S. Department of Health and Human Services, CDC, [2007-08]",NHANES,20559.240234375,Age-Adjusted
USA,UNITED STATES OF AMERICA,2009-2010,2010,Northern America,Northern America,Northern America and Europe,,,AMRO,High Income,North America,,,,3537,1341,Total,External Reanalysis,,0.0,,0.1,,,1.0,,"January,2009-December,2010",Centers for Disease Control and Prevention (CDC). National Center for Health Statistics (NCHS).,"National Health and Nutrition Examination Survey Data. Hyattsville, MD: U.S. Department of Health and Human Services, CDC, [2009-10]",NHANES,20705.171875,Age-Adjusted
USA,UNITED STATES OF AMERICA,2011-2012,2012,Northern America,Northern America,Northern America and Europe,,,AMRO,High Income,North America,,,,3188,714,Total,External Reanalysis,,0.0,,0.3,,,0.5,,"January,2011-December,2012",Centers for Disease Control and Prevention (CDC). National Center for Health Statistics (NCHS).,"National Health and Nutrition Examination Survey Data. Hyattsville, MD: U.S. Department of Health and Human Services, CDC, [2011-12]",NHANES,20384.259765625,Age-Adjusted
USA,UNITED STATES OF AMERICA,2013-2014,2014,Northern America,Northern America,Northern America and Europe,,,AMRO,High Income,North America,,,,3372,1339,Total,External Reanalysis,,0.0,,0.3,,,0.7,,"January,2013-December,2014",Centers for Disease Control and Prevention (CDC). National Center for Health Statistics (NCHS).,"National Health and Nutrition Examination Survey Data. Hyattsville, MD: U.S. Department of Health and Human Services, CDC, [2013-14]",NHANES,20012.552734375,Age-Adjusted
USA,UNITED STATES OF AMERICA,2015-2016,2016,Northern America,Northern America,Northern America and Europe,,,AMRO,High Income,North America,,,,3373,1338,Total,External Reanalysis,,0.1,,0.4,,,1.4,,"January,2015-December,2016","National Center for Health Statistics (NCHS), Centers for Disease Control and Prevention (CDC)","United States National Health and Nutrition Examination Survey 2015-2016. Hyattsville, United States: National Center for Health Statistics (NCHS), Centers for Disease Control and Prevention (CDC).",NHANES,19995.275390625,Age-Adjusted
USA,UNITED STATES OF AMERICA,2017-2018,2018,Northern America,Northern America,Northern America and Europe,,,AMRO,High Income,North America,,,,3538,1826,Total,External Reanalysis,,0.0,,0.1,,,0.4,,"January,2017-December,2018","National Center for Health Statistics (NCHS), Centers for Disease Control and Prevention (CDC)","United States National Health and Nutrition Examination Survey 2017-2018. Hyattsville, United States: National Center for Health Statistics (NCHS), Centers for Disease Control and Prevention (CDC)",NHANES,19892.591796875,Age-Adjusted
USA,UNITED STATES OF AMERICA,2021-2023,2022,Northern America,Northern America,Northern America and Europe,,,AMRO,High Income,North America,,,,9429,6888,Total,External Reanalysis,,,,0.1,,,,,"August,2021-August,2023","National Center for Health Statistics (NCHS), Centers for Disease Control and Prevention (CDC)","United States National Health and Nutrition Examination Survey August 2021- August 2023. Hyattsville, United States: National Center for Health Statistics (NCHS), Centers for Disease Control and Prevention (CDC)",NHANES,18785.091796875,Age-Adjusted
URY,URUGUAY,1987,1987,Latin America and the Caribbean,South America,Latin America and the Caribbean,LAC,LAC,AMRO,High Income,Latin America & Caribbean,,,,198,715,Total,Adjusted,,,,,,3471.0,6.5,c,,Instituto Nacional de Alimentacion (I.N.D.A),"Evaluacion del  Programa Nacional de Complementacion Alimentaria (P.N.C.A), 1987",Other,259.0555114746094,Age-Adjusted
URY,URUGUAY,1999,1999,Latin America and the Caribbean,South America,Latin America and the Caribbean,LAC,LAC,AMRO,High Income,Latin America & Caribbean,,,,3127,2081,Total,Reanalyzed,2617.0,0.5,b,1.6,b,2643.0,4.7,b,"January,1999-September,1999","MSP, MIDES, RUANDI, UNICEF","Encuesta nacional sobre estado nutricional, prácticas de alimentación y anemia. Montevideo, Uruguay 1999",Other,268.7334899902344,Age-Adjusted
URY,URUGUAY,2002,2002,Latin America and the Caribbean,South America,Latin America and the Caribbean,LAC,LAC,AMRO,High Income,Latin America & Caribbean,,,,2778,717,Total,External Reanalysis,7091.0,0.5,40,2.4,40,7091.0,5.4,40,,Ministerio de Salud Publica.,"Sistema de vigilancia del estado nutricional (SISVEN), 2002. Programa Nacional de Nutrición. Montevideo, Uruguay, 2007.",Surveillance,257.48150634765625,Age-Adjusted
URY,URUGUAY,2003,2003,Latin America and the Caribbean,South America,Latin America and the Caribbean,LAC,LAC,AMRO,High Income,Latin America & Caribbean,,,,3596,2080,Total,Reanalyzed,2768.0,0.4,b,1.7,b,2787.0,5.0,b,"May,2003-June,2003","MSP, MIDES, RUANDI, UNICEF","Encuesta nacional sobre estado nutricional, prácticas de alimentación y anemia. Montevideo, Uruguay 2003",Other,253.73500061035156,Age-Adjusted
URY,URUGUAY,2004,2004,Latin America and the Caribbean,South America,Latin America and the Caribbean,LAC,LAC,AMRO,High Income,Latin America & Caribbean,,,,2777,719,Total,External Reanalysis,7012.0,0.7,40,3.0,40,7012.0,6.0,40,,Ministerio de Salud Publica.,"Sistema de vigilancia del estado nutricional (SISVEN), 2004. Programa Nacional de Nutrición. Montevideo, Uruguay, 2007.",Surveillance,249.9759979248047,Age-Adjusted
URY,URUGUAY,2006-2007,2007,Latin America and the Caribbean,South America,Latin America and the Caribbean,LAC,LAC,AMRO,High Income,Latin America & Caribbean,,,,3597,2079,Total,Reanalyzed,2974.0,0.4,b,1.4,b,3004.0,3.9,b,"October,2006-June,2007","MSP, MIDES, RUANDI, UNICEF","Encuesta nacional sobre estado nutricional, prácticas de alimentación y anemia. Montevideo, Uruguay 2007",Other,241.82899475097656,Age-Adjusted
URY,URUGUAY,2010-2011,2011,Latin America and the Caribbean,South America,Latin America and the Caribbean,LAC,LAC,AMRO,High Income,Latin America & Caribbean,,,,3598,2078,Total,Reanalyzed,2938.0,0.0,b,0.6,b,2979.0,3.9,b,"August,2010-June,2011","MSP, MIDES, RUANDI, UNICEF","Encuesta nacional sobre estado nutricional, prácticas de alimentación y anemia. Montevideo, Uruguay 2011",Other,234.2205047607422,Age-Adjusted
URY,URUGUAY,2013-2014,2013,Latin America and the Caribbean,South America,Latin America and the Caribbean,LAC,LAC,AMRO,High Income,Latin America & Caribbean,,,,3539,1012,Total,Reanalyzed,155473.0,0.3,b,1.1,b,156333.0,1.1,b,"October,2013-February,2014",Integrantes del Grupo de Estudios de Famillia,"Salud, Nutrición y Desarrollo en la Primera Infancia en Uruguay Primeros Resultados de la ENDIS",Other,233.08099365234375,Age-Adjusted
URY,URUGUAY,2015-2016,2016,Latin America and the Caribbean,South America,Latin America and the Caribbean,LAC,LAC,AMRO,High Income,Latin America & Caribbean,,,,3540,1657,Total,Reanalyzed,131386.8,0.3,b,0.8,b,133912.5,3.3,b,"November,2015-May,2016","Instituto Nacional de Estadística, División Estadísticas Sociodemográficas; Ministerio de Desarrollo Social, Uruguay Crece Contigo; Universidad de la República","Encuesta de Nutrición, Desarrollo Infantil y Salud 2015-2016, Informe de la Segunda ronda  Mayo de 2018",Other,234.8094940185547,Age-Adjusted
URY,URUGUAY,2018,2018,Latin America and the Caribbean,South America,Latin America and the Caribbean,LAC,LAC,AMRO,High Income,Latin America & Caribbean,,,,3541,3736,Total,Reanalyzed,188627.0,0.2,,1.4,,189520.6,1.8,,"July,2018-November,2018","Instituto Nacional de Estadística. División Estadísticas Sociodemográficas; Ministerio de Desarrollo Social, Uruguay Crece Contigo; Ministerio de Salud Pública; Ministerio de Educación y Cultura; Instituto del Niño y Adolescente del Uruguay; Universidad d","Encuesta de Nutrición, Desarrollo Infantil y Salud (ENDIS), Tercera Ola Uruguay 2018",Other,226.6649932861328,Age-Adjusted
UZB,UZBEKISTAN,1996,1996,Asia,Central Asia,Central Asia and Southern Asia,ECA,EECA,EURO,Lower Middle Income,Europe & Central Asia,,Low-Income Food-Deficit (LIFD),Landlocked developing countries (LLDCs),1758,722,Total,Reanalyzed,1049.9,6.6,b,12.7,b,1147.7,15.4,b,"June,1996-October,1996",Institute of Obstetrics and Gynecology [Uzbekistan] and Macro International Inc.,"Uzbekistan demographic and health survey 1996. Demographic and Health Surveys. Calverton, Maryland: Institute of Obstetrics and Gynecology and Macro International Inc., 1997",DHS,3203.716064453125,Age-Adjusted
UZB,UZBEKISTAN,2002,2002,Asia,Central Asia,Central Asia and Southern Asia,ECA,EECA,EURO,Lower Middle Income,Europe & Central Asia,,Low-Income Food-Deficit (LIFD),Landlocked developing countries (LLDCs),2629,723,Total,Reanalyzed,2480.4,3.9,,9.0,,2523.9,7.4,,"September,2002-December,2002","Analytical and Information Center, Ministry of Health of the Republic of Uzbekistan, State Department of Statistics, Ministry of Macroeconomics and Statistics [Uzbekistan], and ORC Macro.","Uzbekistan health examination survey 2002. Demographic and Health Surveys. Calverton, Maryland, USA: Analytical and Information Center, State Department of Statistics, and ORC Macro, 2004.",SDHS,2620.985107421875,Age-Adjusted
UZB,UZBEKISTAN,2006,2006,Asia,Central Asia,Central Asia and Southern Asia,ECA,EECA,EURO,Lower Middle Income,Europe & Central Asia,,Low-Income Food-Deficit (LIFD),Landlocked developing countries (LLDCs),2783,724,Total,Reanalyzed,4743.5,1.6,,4.4,,4882.7,4.4,,"March,2006-May,2006",UNICEF and State Statistical Committee of the Republic of Uzbekistan.,"Uzbekistan multiple indicator cluster survey 2006, Final report. Tashkent, Uzbekistan: UNICEF, 2007",MICS,2552.23291015625,Age-Adjusted
UZB,UZBEKISTAN,2017,2017,Asia,Central Asia,Central Asia and Southern Asia,ECA,EECA,EURO,Lower Middle Income,Europe & Central Asia,,Low-Income Food-Deficit (LIFD),Landlocked developing countries (LLDCs),3439,2271,Total,Reanalyzed,2047.8,0.3,s,1.8,s,2061.5,2.9,s,"October,2017-November,2017",Ministry of Health of the Republic of Uzbekistan; Groundwork; UNICEF Uzbekistan,"Uzbekistan 2017 Nutrition Survey, Tashkent, Uzbekistan, UNICEF 2019",NNS,3498.37060546875,Age-Adjusted
UZB,UZBEKISTAN,2021-2022,2021,Asia,Central Asia,Central Asia and Southern Asia,ECA,EECA,EURO,Lower Middle Income,Europe & Central Asia,,Low-Income Food-Deficit (LIFD),Landlocked developing countries (LLDCs),7136,4002,Total,Reanalyzed,5555.9,1.1,,2.4,,5560.5,1.8,,"April,2021-February,2022",State Committee of the Republic of Uzbekistan on Statistics and United Nations Children’s Fund (UNICEF),"2021-2022 Uzbekistan Multiple Indicator Cluster Survey, Survey Findings Report. Republic of Uzbekistan,  Tashkent: State Committee of the Republic of Uzbekistan on Statistics and United Nations Children’s Fund  (UNICEF)",MICS,3953.1474609375,Age-Adjusted
VUT,VANUATU,1996,1996,Oceania,Melanesia,Oceania excluding Australia and New Zealand,EAP,EAP,WPRO,Lower Middle Income,East Asia & Pacific,,,Small island developing States (SIDS),2491,725,Total,Adjusted,1297.0,,,6.8,c,1297.0,10.6,c,"June,1996-July,1996",Department of Health [Vanuatu] and Australian Agency for International Development (AusAID).,"Report of the second national nutrition survey 1996. Government of the Republic of Vanuatu, Department of Health and AusAID, 1998",NNS,28.249500274658203,Age-Adjusted
VUT,VANUATU,2007-2008,2008,Oceania,Melanesia,Oceania excluding Australia and New Zealand,EAP,EAP,WPRO,Lower Middle Income,East Asia & Pacific,,,Small island developing States (SIDS),3028,726,Total,Reanalyzed,1309.1,1.9,,5.9,,1342.0,11.5,,"October,2007-April,2008","Ministry of Health, Government of Vanuatu.","Vanuatu multiple indicator cluster survey 2007 (MICS). Final Report. Port Vila, Vanuatu: Ministry of Health, Government of Vanuatu, 2008",MICS,32.53049850463867,Age-Adjusted
VUT,VANUATU,2013,2013,Oceania,Melanesia,Oceania excluding Australia and New Zealand,EAP,EAP,WPRO,Lower Middle Income,East Asia & Pacific,,,Small island developing States (SIDS),3253,727,Total,Reanalyzed,1291.1,1.5,s,4.7,s,1327.7,11.7,s,"September,2013-December,2013",Vanuatu  National  Statistics  Office (VNSO) and Secretariat of the Pacific  Community (SPC).,"Vanuatu demographic and health survey 2013. Port Vila, Vanuatu, 2014.",DHS-Style,38.60900115966797,Age-Adjusted
VEN,VENEZUELA (BOLIVARIAN REPUBLIC OF),1987,1987,Latin America and the Caribbean,South America,Latin America and the Caribbean,LAC,LAC,AMRO,,Latin America & Caribbean,,,,1550,728,Total,Adjusted,18023.0,,,2.2,c,18023.0,3.9,c,,Centro de estudios sobre crecimiento y desarrollo de la poblacion venezolana,"Proyecto Venezuela 1987. Caracas: Centro de estudios sobre crecimiento y desarrollo de la poblacion venezolana, 1995",Other,2612.2265625,Age-Adjusted
VEN,VENEZUELA (BOLIVARIAN REPUBLIC OF),1990,1990,Latin America and the Caribbean,South America,Latin America and the Caribbean,LAC,LAC,AMRO,,Latin America & Caribbean,,,,1562,2082,Total,Adjusted,180709.0,,,5.7,c,180709.0,6.7,c,,Oficina SISVAN,"Resultados de la evalucion antropométrica del componente menores de 5 anos del Sistema de Vigilancia Alimentaria y Nutricional (SISVAN): Venezuela 1990-1993. Caracas: Instituto Nacional de Nutricion, 1996 (1990 Extract)",Surveillance,2732.521484375,Age-Adjusted
VEN,VENEZUELA (BOLIVARIAN REPUBLIC OF),1991,1991,Latin America and the Caribbean,South America,Latin America and the Caribbean,LAC,LAC,AMRO,,Latin America & Caribbean,,,,3599,2083,Total,Adjusted,261095.0,,,4.5,c,261095.0,5.4,c,,Oficina SISVAN,"Resultados de la evalucion antropométrica del componente menores de 5 anos del Sistema de Vigilancia Alimentaria y Nutricional (SISVAN): Venezuela 1990-1993. Caracas: Instituto Nacional de Nutricion, 1996 (1991 Extract)",Surveillance,2760.70751953125,Age-Adjusted
VEN,VENEZUELA (BOLIVARIAN REPUBLIC OF),1992,1992,Latin America and the Caribbean,South America,Latin America and the Caribbean,LAC,LAC,AMRO,,Latin America & Caribbean,,,,3600,2084,Total,Adjusted,257491.0,,,4.3,c,257491.0,4.5,c,,Oficina SISVAN,"Resultados de la evalucion antropométrica del componente menores de 5 anos del Sistema de Vigilancia Alimentaria y Nutricional (SISVAN): Venezuela 1990-1993. Caracas: Instituto Nacional de Nutricion, 1996 (1992 Extract)",Surveillance,2779.5791015625,Age-Adjusted
VEN,VENEZUELA (BOLIVARIAN REPUBLIC OF),1993,1993,Latin America and the Caribbean,South America,Latin America and the Caribbean,LAC,LAC,AMRO,,Latin America & Caribbean,,,,3601,2085,Total,Adjusted,256344.0,,,4.0,c,256344.0,4.0,c,,Oficina SISVAN,"Resultados de la evalucion antropométrica del componente menores de 5 anos del Sistema de Vigilancia Alimentaria y Nutricional (SISVAN): Venezuela 1990-1993. Caracas: Instituto Nacional de Nutricion, 1996 (1993 Extract)",Surveillance,2791.8134765625,Age-Adjusted
VEN,VENEZUELA (BOLIVARIAN REPUBLIC OF),1994,1994,Latin America and the Caribbean,South America,Latin America and the Caribbean,LAC,LAC,AMRO,,Latin America & Caribbean,,,,1616,730,Total,Adjusted,235552.0,,,3.8,c,235552.0,3.9,c,,Oficina SISVAN.,"Clasificacion antropometrica nutricional, Venezuela 1994. INN-SISVAN componente menores de 5 anos. Caracas: Instituto Nacional de Nutricion, 1996",Surveillance,2799.70947265625,Age-Adjusted
VEN,VENEZUELA (BOLIVARIAN REPUBLIC OF),1995,1995,Latin America and the Caribbean,South America,Latin America and the Caribbean,LAC,LAC,AMRO,,Latin America & Caribbean,,,,1854,2086,Total,Adjusted,341155.0,,,3.8,c,341155.0,4.1,c,,Oficina SISVAN,"Evaluacion antropometrica nutricional de los menores de cinco anos, para comparacion internacional: Venezuela 1995-1997. Caracas: Instituto Nacional de Nutricion, 1998 (1995 Extract)",Surveillance,2805.103515625,Age-Adjusted
VEN,VENEZUELA (BOLIVARIAN REPUBLIC OF),1996,1996,Latin America and the Caribbean,South America,Latin America and the Caribbean,LAC,LAC,AMRO,,Latin America & Caribbean,,,,3602,2087,Total,Adjusted,344701.0,,,3.8,c,344701.0,4.4,c,,Oficina SISVAN,"Evaluacion antropometrica nutricional de los menores de cinco anos, para comparacion internacional: Venezuela 1995-1997. Caracas: Instituto Nacional de Nutricion, 1998 (1996 Extract)",Surveillance,2809.592041015625,Age-Adjusted
VEN,VENEZUELA (BOLIVARIAN REPUBLIC OF),1997,1997,Latin America and the Caribbean,South America,Latin America and the Caribbean,LAC,LAC,AMRO,,Latin America & Caribbean,,,,3603,2088,Total,Adjusted,291749.0,,,3.8,c,291749.0,4.5,c,,Oficina SISVAN,"Evaluacion antropometrica nutricional de los menores de cinco anos, para comparacion internacional: Venezuela 1995-1997. Caracas: Instituto Nacional de Nutricion, 1998 (1997 Extract)",Surveillance,2815.04150390625,Age-Adjusted
VEN,VENEZUELA (BOLIVARIAN REPUBLIC OF),1998,1998,Latin America and the Caribbean,South America,Latin America and the Caribbean,LAC,LAC,AMRO,,Latin America & Caribbean,,,,2020,737,Total,Adjusted,299531.0,,,4.4,c,299531.0,4.6,c,,Oficina SISVAN.,"Evaluacion antropometrica nutricional de los menores de cinco años, para comparacion internacional. Venezuela 1990-1998. Caracas: Instituto Nacional de Nutricion, 1999",Surveillance,2822.1865234375,Age-Adjusted
VEN,VENEZUELA (BOLIVARIAN REPUBLIC OF),1999,1999,Latin America and the Caribbean,South America,Latin America and the Caribbean,LAC,LAC,AMRO,,Latin America & Caribbean,,,,2149,738,Total,Adjusted,377496.0,,,4.0,c,377496.0,4.1,c,,Oficina SISVAN.,"Evaluacion antropometrica nutricional de los menores de cinco anos, para comparacion internacional. Venezuela 1990-1999. Caracas: Instituto Nacional de Nutricion, 2000",Surveillance,2830.58642578125,Age-Adjusted
VEN,VENEZUELA (BOLIVARIAN REPUBLIC OF),2000,2000,Latin America and the Caribbean,South America,Latin America and the Caribbean,LAC,LAC,AMRO,,Latin America & Caribbean,,,,2247,739,Total,Adjusted,321257.0,,,3.9,c,321257.0,3.9,c,,Oficina SISVAN.,"Evaluacion antropometrica nutricional de los menores de cinco años, para comparacion internacional. Venezuela 2000. Caracas: Instituto Nacional de Nutrition, 2001",Surveillance,2838.340576171875,Age-Adjusted
VEN,VENEZUELA (BOLIVARIAN REPUBLIC OF),2001,2001,Latin America and the Caribbean,South America,Latin America and the Caribbean,LAC,LAC,AMRO,,Latin America & Caribbean,,,,3128,2090,Total,Adjusted,,,,4.4,c,,4.0,c,,"Gobierno Bolivariano de Venezuela, Ministerio del Poder Popular para la Salud, Instituto Nacional de Nutrición (INN).","Ficha técnica: Evaluación antropométrica nutricional en menores de 5 años según criterios internacionales. Caracas, Venezuela: Gobierno Bolivariano de Venezuela, Ministerio del Poder Popular para la Salud, INN, 2012 (2001 Extract)",Surveillance,2848.510986328125,Age-Adjusted
VEN,VENEZUELA (BOLIVARIAN REPUBLIC OF),2002,2002,Latin America and the Caribbean,South America,Latin America and the Caribbean,LAC,LAC,AMRO,,Latin America & Caribbean,,,,3604,2091,Total,Adjusted,,,,4.8,c,,4.2,c,,"Gobierno Bolivariano de Venezuela, Ministerio del Poder Popular para la Salud, Instituto Nacional de Nutrición (INN).","Ficha técnica: Evaluación antropométrica nutricional en menores de 5 años según criterios internacionales. Caracas, Venezuela: Gobierno Bolivariano de Venezuela, Ministerio del Poder Popular para la Salud, INN, 2012 (2002 Extract)",Surveillance,2862.486083984375,Age-Adjusted
VEN,VENEZUELA (BOLIVARIAN REPUBLIC OF),2003,2003,Latin America and the Caribbean,South America,Latin America and the Caribbean,LAC,LAC,AMRO,,Latin America & Caribbean,,,,3605,2092,Total,Adjusted,,,,5.2,c,,4.6,c,,"Gobierno Bolivariano de Venezuela, Ministerio del Poder Popular para la Salud, Instituto Nacional de Nutrición (INN).","Ficha técnica: Evaluación antropométrica nutricional en menores de 5 años según criterios internacionales. Caracas, Venezuela: Gobierno Bolivariano de Venezuela, Ministerio del Poder Popular para la Salud, INN, 2012 (2003 Extract)",Surveillance,2876.596923828125,Age-Adjusted
VEN,VENEZUELA (BOLIVARIAN REPUBLIC OF),2004,2004,Latin America and the Caribbean,South America,Latin America and the Caribbean,LAC,LAC,AMRO,,Latin America & Caribbean,,,,3606,2093,Total,Adjusted,,,,5.2,c,,4.5,c,,"Gobierno Bolivariano de Venezuela, Ministerio del Poder Popular para la Salud, Instituto Nacional de Nutrición (INN).","Ficha técnica: Evaluación antropométrica nutricional en menores de 5 años según criterios internacionales. Caracas, Venezuela: Gobierno Bolivariano de Venezuela, Ministerio del Poder Popular para la Salud, INN, 2012 (2004 Extract)",Surveillance,2887.95556640625,Age-Adjusted
VEN,VENEZUELA (BOLIVARIAN REPUBLIC OF),2005,2005,Latin America and the Caribbean,South America,Latin America and the Caribbean,LAC,LAC,AMRO,,Latin America & Caribbean,,,,3607,2094,Total,Adjusted,,,,4.8,c,,4.1,c,,"Gobierno Bolivariano de Venezuela, Ministerio del Poder Popular para la Salud, Instituto Nacional de Nutrición (INN).","Ficha técnica: Evaluación antropométrica nutricional en menores de 5 años según criterios internacionales. Caracas, Venezuela: Gobierno Bolivariano de Venezuela, Ministerio del Poder Popular para la Salud, INN, 2012 (2005 Extract)",Surveillance,2901.77197265625,Age-Adjusted
VEN,VENEZUELA (BOLIVARIAN REPUBLIC OF),2006,2006,Latin America and the Caribbean,South America,Latin America and the Caribbean,LAC,LAC,AMRO,,Latin America & Caribbean,,,,3608,2095,Total,Adjusted,,,,4.8,c,,3.9,c,,"Gobierno Bolivariano de Venezuela, Ministerio del Poder Popular para la Salud, Instituto Nacional de Nutrición (INN).","Ficha técnica: Evaluación antropométrica nutricional en menores de 5 años según criterios internacionales. Caracas, Venezuela: Gobierno Bolivariano de Venezuela, Ministerio del Poder Popular para la Salud, INN, 2012 (2006 Extract)",Surveillance,2917.426513671875,Age-Adjusted
VEN,VENEZUELA (BOLIVARIAN REPUBLIC OF),2007,2007,Latin America and the Caribbean,South America,Latin America and the Caribbean,LAC,LAC,AMRO,,Latin America & Caribbean,,,,3024,746,Total,Adjusted,242775.0,,,5.0,c,242775.0,3.7,c,,Instituto Nacional de Nutrición.,"Sistema de vigilancia alimentaria y nutricional Venezuela 2007. Caracas, Venezuela: Instituto Nacional de Nutrición, 2009",Surveillance,2924.79248046875,Age-Adjusted
VEN,VENEZUELA (BOLIVARIAN REPUBLIC OF),2008,2008,Latin America and the Caribbean,South America,Latin America and the Caribbean,LAC,LAC,AMRO,,Latin America & Caribbean,,,,3609,2096,Total,Adjusted,,,,4.5,c,,3.2,c,,"Gobierno Bolivariano de Venezuela, Ministerio del Poder Popular para la Salud, Instituto Nacional de Nutrición (INN).","Ficha técnica: Evaluación antropométrica nutricional en menores de 5 años según criterios internacionales. Caracas, Venezuela: Gobierno Bolivariano de Venezuela, Ministerio del Poder Popular para la Salud, INN, 2012 (2008 Extract)",Surveillance,2924.12451171875,Age-Adjusted
VEN,VENEZUELA (BOLIVARIAN REPUBLIC OF),2009,2009,Latin America and the Caribbean,South America,Latin America and the Caribbean,LAC,LAC,AMRO,,Latin America & Caribbean,,,,3610,2097,Total,Adjusted,,,,4.1,c,,2.9,c,,"Gobierno Bolivariano de Venezuela, Ministerio del Poder Popular para la Salud, Instituto Nacional de Nutrición (INN).","Ficha técnica: Evaluación antropométrica nutricional en menores de 5 años según criterios internacionales. Caracas, Venezuela: Gobierno Bolivariano de Venezuela, Ministerio del Poder Popular para la Salud, INN, 2012 (2009 Extract)",Surveillance,2918.97998046875,Age-Adjusted
VNM,VIET NAM,1987-1989,1988,Asia,South-Eastern Asia,Eastern Asia and South-eastern Asia,EAP,EAP,WPRO,Lower Middle Income,East Asia & Pacific,,,,349,749,Total,Adjusted,7044.0,,,11.1,c,7044.0,40.7,c,"January,1987-December,1989",Ministry of Health.,"Report on re-analyzed data collected by the General Nutrition Survey 1987-89. Department of Planning. Hanoi, Viet Nam, 1991",NNS,8850.943359375,Age-Adjusted
VNM,VIET NAM,1992-1993,1993,Asia,South-Eastern Asia,Eastern Asia and South-eastern Asia,EAP,EAP,WPRO,Lower Middle Income,East Asia & Pacific,,,,1591,750,Total,Reanalyzed,2768.0,1.3,,6.7,,2702.0,36.6,,"October,1992-October,1993","Poverty and Human Resources Division, The World Bank","Viet Nam living standards survey 1992-93 (VNLSS). Washington, D.C.: The World Bank, 1998",LSMS,8948.0283203125,Age-Adjusted
VNM,VIET NAM,1994,1994,Asia,South-Eastern Asia,Eastern Asia and South-eastern Asia,EAP,EAP,WPRO,Lower Middle Income,East Asia & Pacific,,,,1443,751,Total,Adjusted,37764.0,,,13.5,c,37764.0,40.6,c,"August,1994-October,1994","Bloem MW, Gorstein J.","Viet Nam: Xerophthalmia free; 1994 national Vitamin A deficiency and protein-energy malnutrition prevalence survey. Consultancy report 5-17 March 1995. National Institute of Nutrition. Hanoi, Viet Nam, 1995",Other,8907.779296875,Age-Adjusted
VNM,VIET NAM,1998,1998,Asia,South-Eastern Asia,Eastern Asia and South-eastern Asia,EAP,EAP,WPRO,Lower Middle Income,East Asia & Pacific,,,,1897,752,Total,Adjusted,12919.0,,,11.9,c,12919.0,35.8,c,"August,1998-November,1998","Dibley MJ, Khoi HH, Khan NC, Tam NC, Tuyen LD, Do TT, Mai LB.","National protein energy malnutrition survey, Viet Nam 1998. National Institute of Nutrition, Hanoi, Viet Nam and Centre for Clinical Epidemiology & Biostatistics, Newcastle, Australia, 1999",Other,7700.04443359375,Age-Adjusted
VNM,VIET NAM,1999,1999,Asia,South-Eastern Asia,Eastern Asia and South-eastern Asia,EAP,EAP,WPRO,Lower Middle Income,East Asia & Pacific,,,,2951,753,Total,Reanalyzed,1558.6,2.8,r 53,10.9,r 53,1557.9,31.1,53,"June,1999-October,1999",Tuyen le D.,"1999 Annual national nutrition monitoring. Nutrition Surveillance Department. Hanoi, Vietnam: National Institute of Nutrition, 2009",NNS,7313.02587890625,Age-Adjusted
VNM,VIET NAM,2000,2000,Asia,South-Eastern Asia,Eastern Asia and South-eastern Asia,EAP,EAP,WPRO,Lower Middle Income,East Asia & Pacific,,,,2780,754,Total,Reanalyzed,3023.0,1.0,r,6.1,r,3040.8,26.6,,"May,2000-June,2000",UNICEF Viet Nam.,"Multiple indicator cluster survey Viet Nam, 2000. New York: UNICEF, 2004. Standard tables",MICS,7012.54052734375,Age-Adjusted
VNM,VIET NAM,2000,2000,Asia,South-Eastern Asia,Eastern Asia and South-eastern Asia,EAP,EAP,WPRO,Lower Middle Income,East Asia & Pacific,,,,3611,3682,Total,Reanalyzed,1568.0,2.7,r,10.7,r,1574.2,29.4,,"May,2000-December,2000",National Institute of Nutrition; GSO,"2000 Annual national nutrition monitoring. Nutrition Surveillance Department. Hanoi, Vietnam: National Institute of Nutrition",NNS,7012.54052734375,Age-Adjusted
VNM,VIET NAM,2002,2002,Asia,South-Eastern Asia,Eastern Asia and South-eastern Asia,EAP,EAP,WPRO,Lower Middle Income,East Asia & Pacific,,,,3612,755,Total,Reanalyzed,1513.7,2.4,r 53,8.8,r 53,1521.8,23.3,53,"July,2002-July,2002",Tuyen le D.,"2002 Annual national nutrition monitoring. Nutrition Surveillance Department. Hanoi, Vietnam: National Institute of Nutrition, 2009",NNS,6765.212890625,Age-Adjusted
VNM,VIET NAM,2003,2003,Asia,South-Eastern Asia,Eastern Asia and South-eastern Asia,EAP,EAP,WPRO,Lower Middle Income,East Asia & Pacific,,,,3613,756,Total,Reanalyzed,1451.1,2.7,r 53,10.8,r 53,1451.1,24.6,53,"May,2003-December,2003",Tuyen le D.,"2003 Annual national nutrition monitoring. Nutrition Surveillance Department. Hanoi, Vietnam: National Institute of Nutrition, 2009",NNS,6787.1630859375,Age-Adjusted
VNM,VIET NAM,2004,2004,Asia,South-Eastern Asia,Eastern Asia and South-eastern Asia,EAP,EAP,WPRO,Lower Middle Income,East Asia & Pacific,,,,3614,757,Total,Reanalyzed,1496.1,2.8,r 53,11.2,r 53,1404.0,23.6,53,"May,2004-December,2004",Tuyen le D.,"2004 Annual national nutrition monitoring. Nutrition Surveillance Department. Hanoi, Vietnam: National Institute of Nutrition, 2009",NNS,6873.63330078125,Age-Adjusted
VNM,VIET NAM,2005-2006,2005,Asia,South-Eastern Asia,Eastern Asia and South-eastern Asia,EAP,EAP,WPRO,Lower Middle Income,East Asia & Pacific,,,,3615,758,Total,Reanalyzed,1473.5,2.8,r 53,10.6,r 53,1359.1,22.8,53,"April,2005-January,2006",Tuyen le D.,"2005 Annual national nutrition monitoring. Nutrition Surveillance Department. Hanoi, Vietnam: National Institute of Nutrition, 2009",NNS,6936.662109375,Age-Adjusted
VNM,VIET NAM,2006-2007,2006,Asia,South-Eastern Asia,Eastern Asia and South-eastern Asia,EAP,EAP,WPRO,Lower Middle Income,East Asia & Pacific,,,,3616,759,Total,Reanalyzed,1526.5,2.4,r 53,9.8,r 53,1526.7,21.9,53,"August,2006-January,2007",Tuyen le D.,"2006 Annual national nutrition monitoring. Nutrition Surveillance Department. Hanoi, Vietnam: National Institute of Nutrition, 2009",NNS,6977.232421875,Age-Adjusted
VNM,VIET NAM,2007,2007,Asia,South-Eastern Asia,Eastern Asia and South-eastern Asia,EAP,EAP,WPRO,Lower Middle Income,East Asia & Pacific,,,,3617,760,Total,Reanalyzed,1507.7,2.4,r 53,10.0,r 53,1473.6,21.6,53,"June,2007-December,2007",Tuyen le D.,"2007 Annual national nutrition monitoring. Nutrition Surveillance Department. Hanoi, Vietnam: National Institute of Nutrition, 2009",NNS,7093.3642578125,Age-Adjusted
VNM,VIET NAM,2007-2008,2008,Asia,South-Eastern Asia,Eastern Asia and South-eastern Asia,EAP,EAP,WPRO,Lower Middle Income,East Asia & Pacific,,,,3618,761,Total,Reanalyzed,1475.9,2.4,r 53,9.4,r 53,1393.2,20.5,53,"September,2007-December,2008",Tuyen le D.,"2008 Annual national nutrition monitoring. Nutrition Surveillance Department. Hanoi, Vietnam: National Institute of Nutrition, 2009",NNS,7270.41162109375,Age-Adjusted
VNM,VIET NAM,2009-2010,2009,Asia,South-Eastern Asia,Eastern Asia and South-eastern Asia,EAP,EAP,WPRO,Lower Middle Income,East Asia & Pacific,,,,3169,762,Total,Reported,,3.8,,7.1,,,17.5,,"April,2009-May,2010","Ministry of Health, National Institute of Nutrition.","General nutrition survey 2009-2010. Hanoi, Viet Nam: Medical Publishing House, 2010.",NNS,7384.59814453125,Age-Adjusted
VNM,VIET NAM,2010-2011,2010,Asia,South-Eastern Asia,Eastern Asia and South-eastern Asia,EAP,EAP,WPRO,Lower Middle Income,East Asia & Pacific,,,,3133,763,Total,Reanalyzed,3568.0,1.2,s,4.1,s,3606.9,11.7,s,"November,2010-January,2011",General Statistical Office (GSO).,"Viet Nam multiple indicator cluster survey 2011 (MICS), final report. Ha Noi, Viet Nam, 2011",MICS,7436.853515625,Age-Adjusted
VNM,VIET NAM,2011,2011,Asia,South-Eastern Asia,Eastern Asia and South-eastern Asia,EAP,EAP,WPRO,Lower Middle Income,East Asia & Pacific,,,,3440,3620,Total,Reported,,,,6.6,,,16.8,,,"Viet Nam National Institute of Nutrition, UNICEF, Alive & Thrive.","Nutrition surveillance profile 2011, Ha Noi, Viet Nam.",NNS,7505.35986328125,Age-Adjusted
VNM,VIET NAM,2012,2012,Asia,South-Eastern Asia,Eastern Asia and South-eastern Asia,EAP,EAP,WPRO,Lower Middle Income,East Asia & Pacific,,,,3441,891,Total,Reported,,,,6.7,,,16.2,,"July,2012-September,2012","Viet Nam National Institute of Nutrition, UNICEF, Alive & Thrive","Nutrition Surveillance Profiles 2012. Ha Noi, Viet Nam, 2014.",NNS,7579.0146484375,Age-Adjusted
VNM,VIET NAM,2013,2013,Asia,South-Eastern Asia,Eastern Asia and South-eastern Asia,EAP,EAP,WPRO,Lower Middle Income,East Asia & Pacific,,,,3256,764,Total,Reported,,1.3,52,6.6,52,,15.3,52,"July,2013-September,2013","Viet Nam National Institute of Nutrition, UNICEF, Alive & Thrive.","Nutrition surveillance profiles 2013. Hanoi, Viet Nam, 2014.",NNS,7638.44140625,Age-Adjusted
VNM,VIET NAM,2014,2014,Asia,South-Eastern Asia,Eastern Asia and South-eastern Asia,EAP,EAP,WPRO,Lower Middle Income,East Asia & Pacific,,,,3321,765,Total,Reported,,4.8,51,6.8,51,,14.5,51,,"Viet Nam National Institute of Nutrition, UNICEF, Alive & Thrive.","Nutrition surveillance profiles 2014. Hanoi, Viet Nam, 2016.",NNS,7761.51220703125,Age-Adjusted
VNM,VIET NAM,2015,2015,Asia,South-Eastern Asia,Eastern Asia and South-eastern Asia,EAP,EAP,WPRO,Lower Middle Income,East Asia & Pacific,,,,3322,998,Total,Reported,,1.4,,6.4,,,14.1,,,"Viet Nam National Institute of Nutrition, UNICEF, Alive & Thrive","Viet Nam 2015 Nutrition Surveillance Profiles.  Hanoi, Viet Nam, 2017",NNS,7955.01123046875,Age-Adjusted
VNM,VIET NAM,2016,2016,Asia,South-Eastern Asia,Eastern Asia and South-eastern Asia,EAP,EAP,WPRO,Lower Middle Income,East Asia & Pacific,,,,3442,3797,Total,Reported,,,,,,,13.8,,,Viet Nam National Institute of Nutrition,"Viet Nam National Nutrition Surveillance Network, 2016",NNS,8220.416015625,Age-Adjusted
VNM,VIET NAM,2017,2017,Asia,South-Eastern Asia,Eastern Asia and South-eastern Asia,EAP,EAP,WPRO,Lower Middle Income,East Asia & Pacific,,,,3443,3798,Total,Reported,,1.2,,5.8,,,13.4,,,Viet Nam National Institute of Nutrition,"Viet Nam National Nutrition Surveillance Network, 2017",NNS,8362.609375,Age-Adjusted
VNM,VIET NAM,2018,2018,Asia,South-Eastern Asia,Eastern Asia and South-eastern Asia,EAP,EAP,WPRO,Lower Middle Income,East Asia & Pacific,,,,7308,6706,Total,Reported,,1.1,,5.4,,,12.8,,,Viet Nam National Institute of Nutrition,"Viet Nam National Nutrition Surveillance Network, 2018",NNS,8197.677734375,Age-Adjusted
VNM,VIET NAM,2019,2019,Asia,South-Eastern Asia,Eastern Asia and South-eastern Asia,EAP,EAP,WPRO,Lower Middle Income,East Asia & Pacific,,,,7309,6707,Total,Reported,,1.0,,5.2,,,12.2,,,Viet Nam National Institute of Nutrition,"Viet Nam National Nutrition Surveillance Network, 2019",NNS,7940.00830078125,Age-Adjusted
VNM,VIET NAM,2019-2020,2020,Asia,South-Eastern Asia,Eastern Asia and South-eastern Asia,EAP,EAP,WPRO,Lower Middle Income,East Asia & Pacific,,,,7215,4636,Total,Reported,,,,,,,11.5,,"September,2019-August,2020","National Institute of Nutrition, Viet Nam",Viet Nam 2019-2020 General Nutrition Survey,NNS,7689.88232421875,Age-Adjusted
VNM,VIET NAM,2020,2020,Asia,South-Eastern Asia,Eastern Asia and South-eastern Asia,EAP,EAP,WPRO,Lower Middle Income,East Asia & Pacific,,,,9718,8925,Total,Reported,,1.0,,4.7,,,11.6,,,Viet Nam National Institute of Nutrition,"Viet Nam National Nutrition Surveillance Network, 2020",NNS,7689.88232421875,Age-Adjusted
VNM,VIET NAM,2022,2022,Asia,South-Eastern Asia,Eastern Asia and South-eastern Asia,EAP,EAP,WPRO,Lower Middle Income,East Asia & Pacific,,,,11446,9253,Total,Reported,,,,4.4,,,10.2,,,Viet Nam National Institute of Nutrition,"Viet Nam National Nutrition Surveillance Network, 2022",NNS,7311.52783203125,Age-Adjusted
VNM,VIET NAM,2023,2023,Asia,South-Eastern Asia,Eastern Asia and South-eastern Asia,EAP,EAP,WPRO,Lower Middle Income,East Asia & Pacific,,,,11447,9254,Total,Reported,,,,4.4,,,9.7,,,Viet Nam National Institute of Nutrition,"Viet Nam National Nutrition Surveillance Network, 2023",NNS,7178.3544921875,Age-Adjusted
YEM,YEMEN,1991-1992,1991,Asia,Western Asia,Western Asia and Northern Africa,MENA,MENA,EMRO,Low Income,Middle East & North Africa,Least Developed Countries (LDCs),Low-Income Food-Deficit (LIFD),,689,771,Total,Reanalyzed,2359.6,5.4,,14.1,,3120.2,29.9,,"November,1991-January,1992",Ministry of Health,"Yemen maternal and child health survey (YDMCHS). PAPCHILD Surveys. Sana, Republic of Yemen, 1992",DHS,3027.458984375,Age-Adjusted
YEM,YEMEN,1996,1996,Asia,Western Asia,Western Asia and Northern Africa,MENA,MENA,EMRO,Low Income,Middle East & North Africa,Least Developed Countries (LDCs),Low-Income Food-Deficit (LIFD),,1777,772,Total,Adjusted,3833.0,,,17.4,c,3833.0,34.2,c,"March,1996-March,1996","Central Statistical Organization (Yemen), Ministry of Planning and Development (Yemen), United Nations Children's Fund (UNICEF)","Yemen multiple indicator cluster survey (March 1996): Final results. Ministry of Planning and Development. Sanaa, Republic of Yemen, 1996",MICS,3413.761474609375,Age-Adjusted
YEM,YEMEN,1997,1997,Asia,Western Asia,Western Asia and Northern Africa,MENA,MENA,EMRO,Low Income,Middle East & North Africa,Least Developed Countries (LDCs),Low-Income Food-Deficit (LIFD),,1785,773,Total,Reanalyzed,10069.6,6.8,,16.5,,8222.3,43.0,p,"October,1997-December,1997",Central Statistical Organization - CSO/Yemen and Macro International.,"Yemen demographic and maternal and child health survey 1997. Demographic and Health Surveys. Central Statistical Organization. Sana'a, Yemen, 1998",DHS,3440.50439453125,Age-Adjusted
YEM,YEMEN,2003,2003,Asia,Western Asia,Western Asia and Northern Africa,MENA,MENA,EMRO,Low Income,Middle East & North Africa,Least Developed Countries (LDCs),Low-Income Food-Deficit (LIFD),,2891,774,Total,Reanalyzed,11314.8,6.4,,15.3,,7801.0,45.3,p,"January,2003-March,2003","The Republic of Yemen Ministry of Health & Population, Central Statistical Organization an League of Arab States.","The Yemen family health survey: Principal report. Pan Arab Project for Family Health. Cairo, Egypt: The Republic of Yemen Ministry of Health & Population, Central Statistical Organization an League of Arab States, 2004",PAPFAM,3730.81201171875,Age-Adjusted
YEM,YEMEN,2005-2006,2005,Asia,Western Asia,Western Asia and Northern Africa,MENA,MENA,EMRO,Low Income,Middle East & North Africa,Least Developed Countries (LDCs),Low-Income Food-Deficit (LIFD),,3444,830,Total,Reanalyzed,2546621.5,4.4,r,13.8,r,2729321.2,36.7,,"April,2005-March,2006",Central Statistical Organization (CSO) - Ministry of Planning and International Cooperation,Yemen Household Budget Survey 2005-2006,Other,3891.43798828125,Age-Adjusted
YEM,YEMEN,2011,2011,Asia,Western Asia,Western Asia and Northern Africa,MENA,MENA,EMRO,Low Income,Middle East & North Africa,Least Developed Countries (LDCs),Low-Income Food-Deficit (LIFD),,3174,775,Total,External Reanalysis,3769453.0,3.4,,13.3,,3769453.0,35.5,,"November,2011-December,2011",World Food Programme,"The state of food security and nutrition in Yemen. Comprehensive food security survey 2011. Sana'a, Republic of Yemen, 2013",CFSVA,4434.6923828125,Age-Adjusted
YEM,YEMEN,2013,2013,Asia,Western Asia,Western Asia and Northern Africa,MENA,MENA,EMRO,Low Income,Middle East & North Africa,Least Developed Countries (LDCs),Low-Income Food-Deficit (LIFD),,3276,776,Total,Reanalyzed,14071.4,5.4,,16.4,,14623.8,39.9,,"September,2013-November,2013","Ministry of Public Health and Population (MOPHP), Central Statistical Organization (CSO) [Yemen], Pan Arab Program for Family Health (PAPFA M), and ICF International.","Yemen National Health and Demographic Survey 2013. Rockville, Maryland, USA: MOPHP, CSO, PAPFAM, and ICF International, 2014.",DHS,4616.8193359375,Age-Adjusted
YEM,YEMEN,2021-2022,2021,Asia,Western Asia,Western Asia and Northern Africa,MENA,MENA,EMRO,Low Income,Middle East & North Africa,Least Developed Countries (LDCs),Low-Income Food-Deficit (LIFD),,9714,8829,Total,Reported,,1.4,b,10.0,b,,31.6,,"August,2021-February,2022",Ministry of Public Health and Population & Central Statistical Organisation,The Report of Nutrition and Mortality Surveys conducted between August 2021 and January 2022 following SMART Methodology,SMART,5969.76123046875,Age-Adjusted
YEM,YEMEN,2022-2023,2022,Asia,Western Asia,Western Asia and Northern Africa,MENA,MENA,EMRO,Low Income,Middle East & North Africa,Least Developed Countries (LDCs),Low-Income Food-Deficit (LIFD),,7244,9131,Total,Reanalyzed,18372.3,5.2,,16.8,,18395.0,40.7,,"June,2022-May,2023",Central Statistical Organization (CSO) and United Nations Children’s Fund (UNICEF),"Yemen Multiple Indicator Cluster  Survey 2022-2023, Survey Findings Report. Yemen: Central Statistical Organization and United Nations Children’s Fund.",MICS,6132.509765625,Age-Adjusted
ZMB,ZAMBIA,1992,1992,Africa,Eastern Africa,Sub-Saharan Africa,SSA,ESA,AFRO,Lower Middle Income,Sub-Saharan Africa,Least Developed Countries (LDCs),,Landlocked developing countries (LLDCs),414,777,Total,Reanalyzed,4988.2,2.2,,6.3,,5057.0,21.2,,"January,1992-May,1992","Gaisie K, Cross AR, Nsemukila G.","Zambia demographic and health survey 1992. Demographic and Health Surveys. Central Statistical Office. Lusaka, Zambia, 1993",DHS,1555.8900146484375,Age-Adjusted
ZMB,ZAMBIA,1996-1997,1996,Africa,Eastern Africa,Sub-Saharan Africa,SSA,ESA,AFRO,Lower Middle Income,Sub-Saharan Africa,Least Developed Countries (LDCs),,Landlocked developing countries (LLDCs),1756,779,Total,Reanalyzed,5519.6,1.7,,5.3,,5611.7,19.6,,"July,1996-January,1997",Central Statistical Office [Zambia] and Ministry of Health and Macro International Inc.,"Zambia demographic and health survey 1996. Demographic and Health Surveys. Calverton, Maryland: Central Statistical Office and Macro International Inc., 1997",DHS,1710.64794921875,Age-Adjusted
ZMB,ZAMBIA,1999,1999,Africa,Eastern Africa,Sub-Saharan Africa,SSA,ESA,AFRO,Lower Middle Income,Sub-Saharan Africa,Least Developed Countries (LDCs),,Landlocked developing countries (LLDCs),2915,780,Total,Reanalyzed,793368.8,2.0,b,5.9,b,1105299.6,18.9,b,"October,1999-October,1999",Ministry of Health [Zambia] and UNICEF.,"Zambia 1999 multiple indicator cluster survey report: Report on the monitoring of the end of decade goals. Lusaka, Zambia, 2000",MICS,1848.7044677734375,Age-Adjusted
ZMB,ZAMBIA,2001-2002,2002,Africa,Eastern Africa,Sub-Saharan Africa,SSA,ESA,AFRO,Lower Middle Income,Sub-Saharan Africa,Least Developed Countries (LDCs),,Landlocked developing countries (LLDCs),2490,781,Total,Reanalyzed,5933.1,2.3,,6.2,,6023.1,23.2,,"November,2001-June,2002","Central Statistical Office [Zambia], Central Board of Health [Zambia], and ORC Macro.","Zambia demographic and health survey 2001-2002. Demographic and Health Surveys. Calverton, Maryland, USA: Central Statistical Office, Central Board of Health, and ORC Macro, 2003",DHS,1995.4615478515625,Age-Adjusted
ZMB,ZAMBIA,2007,2007,Africa,Eastern Africa,Sub-Saharan Africa,SSA,ESA,AFRO,Lower Middle Income,Sub-Saharan Africa,Least Developed Countries (LDCs),,Landlocked developing countries (LLDCs),2893,782,Total,Reanalyzed,5698.6,2.3,,5.6,,5933.4,14.9,,"April,2007-October,2007","Central Statistical Office (CSO), Ministry of Health, Tropical Diseases Research Centre, University of Zambia, and Macro International Inc.","Zambia demographic and health survey 2007. Demographic and Health Surveys. Calverton, Maryland, USA: CSO and Macro International Inc., 2009",DHS,2321.572021484375,Age-Adjusted
ZMB,ZAMBIA,2013-2014,2013,Africa,Eastern Africa,Sub-Saharan Africa,SSA,ESA,AFRO,Lower Middle Income,Sub-Saharan Africa,Least Developed Countries (LDCs),,Landlocked developing countries (LLDCs),3263,783,Total,Reanalyzed,12506.6,2.5,,6.2,,12876.6,14.9,,"August,2013-April,2014","Central Statistical Office (CSO) [Zambia], Ministry of Health (MOH) [Zambia], and ICF International.","Zambia demographic and health Survey 2013-14. Demographic and Health Surveys. Rockville, Maryland, USA: Central Statistical Office, Ministry of Health, and ICF International, 2014.",DHS,2725.780517578125,Age-Adjusted
ZMB,ZAMBIA,2018-2019,2018,Africa,Eastern Africa,Sub-Saharan Africa,SSA,ESA,AFRO,Lower Middle Income,Sub-Saharan Africa,Least Developed Countries (LDCs),,Landlocked developing countries (LLDCs),3445,3300,Total,Reanalyzed,9593.2,1.5,,4.2,,9689.1,11.8,,"July,2018-January,2019","Zambia Statistics Agency, Ministry of Health (MOH) Zambia, and ICF","Zambia Demographic and Health Survey 2018. Lusaka, Zambia, and Rockville, Maryland, USA: Zambia Statistics Agency, Ministry of Health, and ICF",DHS,2919.797607421875,Age-Adjusted
ZWE,ZIMBABWE,1987,1987,Africa,Eastern Africa,Sub-Saharan Africa,SSA,ESA,AFRO,Lower Middle Income,Sub-Saharan Africa,,Low-Income Food-Deficit (LIFD),Landlocked developing countries (LLDCs),130,784,Total,Adjusted,,,,,,419964.0,10.5,c,,Ministry of Health.,"Report of the nutrition component of the national health information system. Harare, Zimbabwe, 1987",Admin,1695.01904296875,Age-Adjusted
ZWE,ZIMBABWE,1988-1989,1988,Africa,Eastern Africa,Sub-Saharan Africa,SSA,ESA,AFRO,Lower Middle Income,Sub-Saharan Africa,,Low-Income Food-Deficit (LIFD),Landlocked developing countries (LLDCs),138,785,Total,Reanalyzed,2459.0,0.4,r,1.7,r,2470.0,8.0,p,"September,1988-January,1989","Ministry of Finance, Economic Planning and Development.","Zimbabwe demographic and health survey, 1988. Demographic and Health Surveys. Harare, Zimbabwe, 1989",DHS,1698.29052734375,Age-Adjusted
ZWE,ZIMBABWE,1994,1994,Africa,Eastern Africa,Sub-Saharan Africa,SSA,ESA,AFRO,Lower Middle Income,Sub-Saharan Africa,,Low-Income Food-Deficit (LIFD),Landlocked developing countries (LLDCs),1474,786,Total,Reanalyzed,2040.5,1.6,b,5.6,b,2069.6,11.8,b,"July,1994-November,1994",Central Statistical Office [Zimbabwe] and Macro International Inc.,"Zimbabwe demographic and health survey 1994. Demographic and Health Surveys. Calverton, Maryland: Central Statistical Office and Macro International Inc., 1995",DHS,1629.3074951171875,Age-Adjusted
ZWE,ZIMBABWE,1999,1999,Africa,Eastern Africa,Sub-Saharan Africa,SSA,ESA,AFRO,Lower Middle Income,Sub-Saharan Africa,,Low-Income Food-Deficit (LIFD),Landlocked developing countries (LLDCs),2197,787,Total,Reanalyzed,3048.5,4.1,,8.3,,3181.5,11.5,,"August,1999-December,1999",Central Statistical Office Zimbabwe and Macro International Inc.,"Zimbabwe demographic and health survey 1999. Demographic and Health Surveys. Calverton, Maryland: Central Statistical Office and Macro International Inc., 2000",DHS,1726.1319580078125,Age-Adjusted
ZWE,ZIMBABWE,2005-2006,2005,Africa,Eastern Africa,Sub-Saharan Africa,SSA,ESA,AFRO,Lower Middle Income,Sub-Saharan Africa,,Low-Income Food-Deficit (LIFD),Landlocked developing countries (LLDCs),2790,788,Total,Reanalyzed,4985.5,2.9,,7.2,,5272.6,14.0,,"August,2005-February,2006",Central Statistical Office (CSO) [Zimbabwe] and Macro International Inc.,"Zimbabwe demographic and health survey 2005-06. Demographic and Health Surveys. Calverton, Maryland: CSO and Macro International Inc., 2007",DHS,2028.3514404296875,Age-Adjusted
ZWE,ZIMBABWE,2009,2009,Africa,Eastern Africa,Sub-Saharan Africa,SSA,ESA,AFRO,Lower Middle Income,Sub-Saharan Africa,,Low-Income Food-Deficit (LIFD),Landlocked developing countries (LLDCs),3221,789,Total,Reanalyzed,6210.1,0.5,s,2.4,s,6195.5,11.7,s,"April,2009-May,2009",Zimbabwe National Statistics Agency (ZIMSTAT).,"Zimbabwe multiple indicator monitoring survey (MIMS), 2009. Report August 2010. Harare, Zimbabwe: ZIMSTAT, 2010",MICS,2104.482421875,Age-Adjusted
ZWE,ZIMBABWE,2010-2011,2010,Africa,Eastern Africa,Sub-Saharan Africa,SSA,ESA,AFRO,Lower Middle Income,Sub-Saharan Africa,,Low-Income Food-Deficit (LIFD),Landlocked developing countries (LLDCs),3110,790,Total,Reanalyzed,5365.5,0.8,,3.2,,5413.6,10.2,,"September,2010-March,2011",Zimbabwe National Statistics Agency (ZIMSTAT) and ICF International.,"Zimbabwe demographic and health survey 2010-11. Demographic and Health Surveys. Calverton, Maryland: ZIMSTAT and ICF International Inc., 2012",DHS,2155.54248046875,Age-Adjusted
ZWE,ZIMBABWE,2012,2012,Africa,Eastern Africa,Sub-Saharan Africa,SSA,ESA,AFRO,Lower Middle Income,Sub-Saharan Africa,,Low-Income Food-Deficit (LIFD),Landlocked developing countries (LLDCs),7288,2879,Total,Reanalyzed,1672119.5,0.6,s,2.9,s,1664746.1,11.1,s,"November,2012-December,2012",Zimbabwe. Ministry of Health and Child Care.,"Zimbabwe Micronutrient Survey 2012 Results, 2012. Harare, Zimbabwe: MOHCC",Other,2291.783935546875,Age-Adjusted
ZWE,ZIMBABWE,2014,2014,Africa,Eastern Africa,Sub-Saharan Africa,SSA,ESA,AFRO,Lower Middle Income,Sub-Saharan Africa,,Low-Income Food-Deficit (LIFD),Landlocked developing countries (LLDCs),3228,791,Total,Reanalyzed,9549.8,0.7,s,3.2,s,9591.3,11.2,s,"February,2014-April,2014",Zimbabwe National Statistics Agency (ZIMSTAT).,"Zimbabwe Multiple Indicator Cluster Survey 2014, Final Report. Harare, Zimbabwe",MICS,2377.267578125,Age-Adjusted
ZWE,ZIMBABWE,2015,2015,Africa,Eastern Africa,Sub-Saharan Africa,SSA,ESA,AFRO,Lower Middle Income,Sub-Saharan Africa,,Low-Income Food-Deficit (LIFD),Landlocked developing countries (LLDCs),3325,822,Total,Reanalyzed,6266.2,1.1,,3.3,,6380.0,8.5,,"July,2015-December,2015","Zimbabwe National Statistics Agency; ICF International,m Rockville, Maryland, USA","Zimbabwe Demographic and Health Survey 2015: Final Report. Rockville, Maryland, USA: Zimbabwe National Statistics Agency (ZIMSTAT) and ICF International.",DHS,2378.323974609375,Age-Adjusted
ZWE,ZIMBABWE,2019,2019,Africa,Eastern Africa,Sub-Saharan Africa,SSA,ESA,AFRO,Lower Middle Income,Sub-Saharan Africa,,Low-Income Food-Deficit (LIFD),Landlocked developing countries (LLDCs),3446,2445,Total,Reanalyzed,5968.5,0.3,,2.9,,5977.8,9.7,,"January,2019-April,2019",Zimbabwe National Statistics Agency (ZIMSTAT) and UNICEF,"Zimbabwe Multiple Indicator  Cluster Survey 2019, Survey Findings Report. Harare, Zimbabwe: ZIMSTAT and UNICEF",MICS,2256.260498046875,Age-Adjusted
ZWE,ZIMBABWE,2024,2024,Africa,Eastern Africa,Sub-Saharan Africa,SSA,ESA,AFRO,Lower Middle Income,Sub-Saharan Africa,,Low-Income Food-Deficit (LIFD),Landlocked developing countries (LLDCs),11767,9255,Total,Reported,,1.6,55,5.1,55,,9.6,55,"February,2024-June,2024",Zimbabwe Livelihoods Assessment Committee,Zimbabwe 2024 Rural Livelihoods Assessment Report and Zimbabwe 2024 Urban Nutrition Assessment Report,Other,2333.051025390625,Age-Adjusted
